,ValAccDone,eta,lambda,trainAccDone,trainAccuracy,trainLoss,valAccuracy,valLoss
0,27.37,5e-05,1e-07,"[8.93, 23.71, 26.43, 26.47, 28.37]","[8.93, 23.71, 26.43, 26.47, 28.37]","[inf, 2.088696538877884, 2.078504421514111, 2.0831976820765523, 2.0468457192417464]","[9.25, 22.919999999999998, 25.03, 24.51, 25.88]","[inf, 2.108278176071433, 2.104006148167545, 2.1169859891784735, 2.0896552291369983]"
