,ValAccDone,eta,lambda,trainAccDone,trainAccuracy,trainLoss,valAccuracy,valLoss
0,33.019999999999996,5e-05,8e-10,"[9.39, 26.61, 30.880000000000003, 34.93, 37.5]","[9.39, 26.61, 30.880000000000003, 34.93, 37.5]","[193.92401979665382, 2.0910937788511523, 2.0624048787905522, 2.049397611601144, 2.050247628616482]","[9.4, 24.83, 27.43, 31.22, 32.379999999999995]","[193.86339031727434, 2.1149358004713723, 2.097474147316072, 2.0931109155886913, 2.098613456065846]"
