,ValAccDone,eta,lambda,trainAccDone,trainAccuracy,trainLoss,valAccuracy,valLoss
0,24.3,6e-07,0.0,"[10.11, 18.92, 22.64, 23.77, 24.81]","[10.11, 18.92, 22.64, 23.77, 24.81]","[inf, 2.201511025095884, 2.159887580523018, 2.142788806842339, 2.1196342213000374]","[9.78, 17.97, 21.740000000000002, 22.3, 23.24]","[218.70584791219844, 2.214349896984503, 2.1778227768857477, 2.1649733853284934, 2.1450283479519947]"
