,ValAccDone,eta,lambda,trainAccDone,trainAccuracy,trainLoss,valAccuracy,valLoss
0,33.160000000000004,8e-06,0.0,"[11.27, 17.419999999999998, 30.409999999999997, 33.339999999999996, 35.02]","[11.27, 17.419999999999998, 30.409999999999997, 33.339999999999996, 35.02]","[inf, 2.20588402253566, 2.1232180293835334, 2.084604340142076, 2.0561055985465524]","[11.709999999999999, 17.02, 29.049999999999997, 30.86, 31.11]","[inf, 2.215507534057106, 2.141854765041739, 2.1128800291601517, 2.0964680713831556]"
