,ValAccDone,eta,lambda,trainAccDone,trainAccuracy,trainLoss,valAccuracy,valLoss
0,29.95,0.004,4e-07,"[10.73, 29.020000000000003, 34.78, 28.46, 31.569999999999997]","[10.73, 29.020000000000003, 34.78, 28.46, 31.569999999999997]","[141.9769457545978, 1.9575713481672956, 1.8501067903444275, 1.952866896692652, 1.8557535381203107]","[10.530000000000001, 27.82, 33.14, 27.62, 30.070000000000004]","[141.5347775955437, 1.9772912072564126, 1.8858597585116672, 2.0065682931452242, 1.9484550274885724]"
