,ValAccDone,eta,lambda,trainAccDone,trainAccuracy,trainLoss,valAccuracy,valLoss
0,34.46,0.08,1e-06,"[8.61, 25.31, 33.87, 37.580000000000005, 38.22]","[8.61, 25.31, 33.87, 37.580000000000005, 38.22]","[148.08492051640076, 2.202820562751099, 1.8262324634199636, 1.7302462660268367, 1.7252212744642308]","[8.97, 24.59, 32.93, 35.370000000000005, 35.97]","[147.91200541912661, 2.2526287412775163, 1.9020022382598574, 1.8254794139168853, 1.831519828079083]"
