,ValAccDone,eta,lambda,trainAccDone,trainAccuracy,trainLoss,valAccuracy,valLoss
0,35.46,0.00030000000000000003,0.0,"[10.45, 25.259999999999998, 33.879999999999995, 36.720000000000006, 39.21]","[10.45, 25.259999999999998, 33.879999999999995, 36.720000000000006, 39.21]","[173.99362287258418, 2.0786703863699376, 2.011149702945377, 1.973465309943802, 1.919929621797867]","[9.93, 24.25, 30.79, 33.300000000000004, 35.05]","[173.1313535258198, 2.100202739169377, 2.0443949945226523, 2.0151235580962026, 1.9789300559096519]"
