,ValAccDone,eta,lambda,trainAccDone,trainAccuracy,trainLoss,valAccuracy,valLoss
0,28.29,0.005,9e-10,"[9.43, 26.11, 35.4, 28.050000000000004, 27.650000000000002]","[9.43, 26.11, 35.4, 28.050000000000004, 27.650000000000002]","[108.09591428731603, 2.0110429128917007, 1.8109203022104527, 1.9732877266160382, 1.9924003492249769]","[9.11, 25.019999999999996, 34.160000000000004, 27.42, 26.950000000000003]","[108.31328907348153, 2.031174909668057, 1.8458054275065185, 2.016626857423803, 2.0616396595636908]"
