,ValAccDone,eta,lambda,trainAccDone,trainAccuracy,trainLoss,valAccuracy,valLoss
0,31.180000000000003,4.9999999999999996e-06,4e-06,"[10.040000000000001, 23.0, 25.82, 30.259999999999998, 31.080000000000002]","[10.040000000000001, 23.0, 25.82, 30.259999999999998, 31.080000000000002]","[89.70495361045988, 2.196430054840696, 2.1318998905626936, 2.1020345488374375, 2.0858059642380415]","[10.35, 21.8, 24.4, 27.92, 28.439999999999998]","[89.43524308507716, 2.208210247957897, 2.1517120624539685, 2.129219396792835, 2.1207523462843545]"
