,ValAccDone,eta,lambda,trainAccDone,trainAccuracy,trainLoss,valAccuracy,valLoss
0,31.64,6e-06,6e-10,"[10.63, 22.759999999999998, 28.65, 32.57, 34.510000000000005]","[10.63, 22.759999999999998, 28.65, 32.57, 34.510000000000005]","[134.59295860649598, 2.1382758542598626, 2.085038426784077, 2.0613823091419214, 2.050863931042337]","[10.51, 22.11, 27.47, 30.25, 31.480000000000004]","[133.5090701289846, 2.154026037007307, 2.1094772517748734, 2.0929330764326735, 2.088373372422285]"
