,ValAccDone,eta,lambda,trainAccDone,trainAccuracy,trainLoss,valAccuracy,valLoss
0,33.22,0.0001,0.0,"[9.049999999999999, 26.590000000000003, 31.16, 35.449999999999996, 37.29]","[9.049999999999999, 26.590000000000003, 31.16, 35.449999999999996, 37.29]","[68.52808499228854, 2.0988837591184124, 2.0620619320529427, 2.020397747469499, 1.9954751779682105]","[8.68, 24.97, 28.310000000000002, 31.85, 32.41]","[68.3274674420316, 2.1140192831468183, 2.0892979721470337, 2.058459555695314, 2.043199707564064]"
