,ValAccDone,eta,lambda,trainAccDone,trainAccuracy,trainLoss,valAccuracy,valLoss
0,30.880000000000003,1e-05,4e-10,"[12.22, 20.09, 27.439999999999998, 31.16, 32.09]","[12.22, 20.09, 27.439999999999998, 31.16, 32.09]","[inf, 2.1878925293413682, 2.105345510788413, 2.067528456816554, 2.0537511212997464]","[11.89, 19.67, 25.729999999999997, 29.110000000000003, 29.470000000000002]","[inf, 2.2027257699755087, 2.1354508085186783, 2.106112163505372, 2.0996606232976536]"
