,ValAccDone,eta,lambda,trainAccDone,trainAccuracy,trainLoss,valAccuracy,valLoss
0,33.98,0.0007,0.0,"[9.81, 26.0, 36.76, 36.55, 37.38]","[9.81, 26.0, 36.76, 36.55, 37.38]","[230.1439321491585, 2.0542733549128473, 1.9503562118443838, 1.8809353663769617, 1.8242065070713267]","[9.879999999999999, 25.130000000000003, 34.62, 34.25, 34.36]","[228.40455184637904, 2.07465564263736, 1.9792889109193452, 1.923409284335341, 1.88519297528933]"
