,ValAccDone,eta,lambda,trainAccDone,trainAccuracy,trainLoss,valAccuracy,valLoss
0,29.42,1e-05,6e-10,"[10.190000000000001, 24.779999999999998, 31.52, 31.319999999999997, 34.36]","[10.190000000000001, 24.779999999999998, 31.52, 31.319999999999997, 34.36]","[103.2858296417206, 2.143083089192377, 2.0926087380606924, 2.0799644361496945, 2.0654367917234517]","[9.41, 23.080000000000002, 28.939999999999998, 27.96, 30.12]","[103.57251186775072, 2.1690612972785313, 2.124538798570772, 2.119869325993885, 2.1125200529298493]"
