,ValAccDone,eta,lambda,trainAccDone,trainAccuracy,trainLoss,valAccuracy,valLoss
0,30.630000000000003,3e-06,0.0,"[10.100000000000001, 23.57, 29.45, 30.72, 33.47]","[10.100000000000001, 23.57, 29.45, 30.72, 33.47]","[92.44240861431845, 2.1608072972830703, 2.122123457835155, 2.0992449168543534, 2.077978043381978]","[9.47, 22.5, 27.029999999999998, 28.549999999999997, 30.64]","[92.57794313368643, 2.1741583935616497, 2.142942048316606, 2.1262239231585838, 2.1110302380400743]"
