,ValAccDone,eta,lambda,trainAccDone,trainAccuracy,trainLoss,valAccuracy,valLoss
0,25.11,2e-07,2e-09,"[10.13, 11.07, 16.08, 20.91, 23.3]","[10.13, 11.07, 16.08, 20.91, 23.3]","[116.46093780932752, 2.3802464575538216, 2.257115973723018, 2.200136023684299, 2.1737776363492363]","[9.98, 11.42, 16.27, 20.03, 22.88]","[115.9451245883358, 2.3790747426462224, 2.261995209014709, 2.2063606001322977, 2.181508792510085]"
