,ValAccDone,eta,lambda,trainAccDone,trainAccuracy,trainLoss,valAccuracy,valLoss
0,32.440000000000005,7.000000000000001e-05,4e-06,"[10.79, 31.230000000000004, 32.99, 34.69, 36.86]","[10.79, 31.230000000000004, 32.99, 34.69, 36.86]","[75.1680088418029, 2.0508602614199045, 2.0648019134307103, 2.0472552473352983, 2.029713949149161]","[11.49, 29.49, 31.09, 31.61, 32.9]","[74.79528785086329, 2.0751020480922877, 2.092062612931831, 2.0821463721971845, 2.0715354953687277]"
