,ValAccDone,eta,lambda,trainAccDone,trainAccuracy,trainLoss,valAccuracy,valLoss
0,32.82,0.00030000000000000003,6e-07,"[11.0, 30.220000000000002, 31.919999999999998, 36.19, 37.82]","[11.0, 30.220000000000002, 31.919999999999998, 36.19, 37.82]","[105.80563270513159, 2.0540591215016537, 2.0216501948925263, 1.9614204035793061, 1.9300033791819302]","[10.74, 28.660000000000004, 29.98, 32.440000000000005, 33.37]","[105.86834941711457, 2.0789564632039093, 2.0571986283779835, 2.009154858520016, 1.987617489411107]"
