,ValAccDone,eta,lambda,trainAccDone,trainAccuracy,trainLoss,valAccuracy,valLoss
0,29.74,5e-05,2e-07,"[10.71, 31.44, 31.11, 28.01, 32.43]","[10.71, 31.44, 31.11, 28.01, 32.43]","[106.04967735153149, 2.054376116830446, 2.0473415200324454, 2.074230646000574, 2.0353408142175566]","[11.14, 28.96, 28.53, 25.34, 28.79]","[105.22304361958754, 2.083138123292785, 2.0876763215005503, 2.1166206916813644, 2.088677633151056]"
