,ValAccDone,eta,lambda,trainAccDone,trainAccuracy,trainLoss,valAccuracy,valLoss
0,35.27,0.02,6.000000000000001e-08,"[11.129999999999999, 26.640000000000004, 32.550000000000004, 35.83, 33.019999999999996]","[11.129999999999999, 26.640000000000004, 32.550000000000004, 35.83, 33.019999999999996]","[inf, 1.9866618719681255, 1.854768007619789, 1.7997524628542367, 1.932637917629775]","[10.67, 26.490000000000002, 31.44, 33.989999999999995, 31.28]","[inf, 2.011760783826911, 1.8970388213412412, 1.8705550155530066, 2.027934371341364]"
