,ValAccDone,eta,lambda,trainAccDone,trainAccuracy,trainLoss,valAccuracy,valLoss
0,35.38,0.04,0.0,"[10.870000000000001, 25.61, 35.33, 34.82, 36.89]","[10.870000000000001, 25.61, 35.33, 34.82, 36.89]","[80.79200948033805, 2.1028500600874556, 1.7781473095129254, 1.771887703422707, 1.725968707752325]","[9.98, 24.97, 33.23, 33.019999999999996, 34.35]","[81.06034391444777, 2.141561045436808, 1.8418435806302964, 1.851378682416409, 1.8255894515433793]"
