,ValAccDone,eta,lambda,trainAccDone,trainAccuracy,trainLoss,valAccuracy,valLoss
0,30.669999999999998,0.0006000000000000001,2e-10,"[9.229999999999999, 29.37, 35.339999999999996, 34.48, 34.47]","[9.229999999999999, 29.37, 35.339999999999996, 34.48, 34.47]","[138.31861226103976, 2.0264193028069726, 1.973648168730983, 1.9412036707542748, 1.8843884567799902]","[9.32, 27.650000000000002, 32.129999999999995, 31.919999999999998, 31.330000000000002]","[139.9478136471286, 2.0529590368114796, 2.006717180058301, 1.9835581199069237, 1.9450059236972304]"
