,ValAccDone,eta,lambda,trainAccDone,trainAccuracy,trainLoss,valAccuracy,valLoss
0,27.82,0.005,8e-08,"[10.22, 25.71, 35.730000000000004, 32.800000000000004, 36.91]","[10.22, 25.71, 35.730000000000004, 32.800000000000004, 36.91]","[141.6298670456843, 2.0105146348455247, 1.8065315645979987, 1.8661753917374269, 1.7568659705509084]","[10.47, 25.490000000000002, 33.28, 31.080000000000002, 33.489999999999995]","[140.84238621600997, 2.0329865240342078, 1.8495277024884766, 1.9188214968480326, 1.8489319640063864]"
