,ValAccDone,eta,lambda,trainAccDone,trainAccuracy,trainLoss,valAccuracy,valLoss
0,28.32,8e-06,0.0,"[9.65, 19.72, 26.619999999999997, 28.99, 30.380000000000003]","[9.65, 19.72, 26.619999999999997, 28.99, 30.380000000000003]","[inf, 2.1545240108676285, 2.093917120348225, 2.043400200613422, 2.0338614701794278]","[9.74, 19.63, 25.56, 27.0, 27.97]","[inf, 2.172391194236073, 2.1234033803638934, 2.085046182860459, 2.080023334899051]"
