,ValAccDone,eta,lambda,trainAccDone,trainAccuracy,trainLoss,valAccuracy,valLoss
0,35.46,0.0006000000000000001,2e-10,"[11.26, 29.9, 34.33, 36.63, 38.48]","[11.26, 29.9, 34.33, 36.63, 38.48]","[92.46764821809452, 2.019916384485587, 1.9594905236148692, 1.9094956545162605, 1.835244620527979]","[11.58, 28.93, 31.66, 33.39, 34.38]","[91.88265451960186, 2.0437664061716743, 1.9942093164928805, 1.9585608165579074, 1.907471004842947]"
