,ValAccDone,eta,lambda,trainAccDone,trainAccuracy,trainLoss,valAccuracy,valLoss
0,26.529999999999998,1e-05,2e-06,"[10.280000000000001, 24.37, 29.189999999999998, 27.200000000000003, 30.620000000000005]","[10.280000000000001, 24.37, 29.189999999999998, 27.200000000000003, 30.620000000000005]","[146.6658416013051, 2.1380291401487677, 2.1033669608220316, 2.084320791445075, 2.0725665134819287]","[10.07, 24.060000000000002, 27.950000000000003, 26.0, 27.900000000000002]","[145.27633334513453, 2.1550084524658204, 2.1251306621089423, 2.111346559221503, 2.106664524096487]"
