,ValAccDone,eta,lambda,trainAccDone,trainAccuracy,trainLoss,valAccuracy,valLoss
0,35.65,0.07,3e-10,"[12.629999999999999, 23.49, 31.94, 34.29, 37.059999999999995]","[12.629999999999999, 23.49, 31.94, 34.29, 37.059999999999995]","[123.39549004775742, 2.182751369422412, 1.8687387561854674, 1.7980131204122995, 1.7411410275526493]","[12.41, 24.14, 31.59, 32.440000000000005, 33.87]","[122.70466973429944, 2.1945291625332706, 1.9074303064990124, 1.8717213774674646, 1.8358784751552684]"
