,ValAccDone,eta,lambda,trainAccDone,trainAccuracy,trainLoss,valAccuracy,valLoss
0,30.930000000000003,1e-06,7.000000000000001e-10,"[11.600000000000001, 18.58, 25.619999999999997, 29.759999999999998, 32.49]","[11.600000000000001, 18.58, 25.619999999999997, 29.759999999999998, 32.49]","[99.49421607344323, 2.1577388851756836, 2.0838600196374015, 2.0704906779775394, 2.061392827788601]","[11.75, 17.94, 24.12, 27.779999999999998, 30.049999999999997]","[98.7332376019877, 2.1662715801262595, 2.09897734085748, 2.0898827525765515, 2.0844060136156974]"
