,ValAccDone,eta,lambda,trainAccDone,trainAccuracy,trainLoss,valAccuracy,valLoss
0,32.129999999999995,5e-05,8e-10,"[10.489999999999998, 25.83, 21.73, 23.150000000000002, 29.86]","[10.489999999999998, 25.83, 21.73, 23.150000000000002, 29.86]","[inf, 2.09764841624537, 2.1116780657052385, 2.090577652038749, 2.0303273438137115]","[10.290000000000001, 24.610000000000003, 20.93, 22.15, 27.529999999999998]","[inf, 2.121698807377088, 2.1479308525773195, 2.1332105263371814, 2.0790765478889526]"
