,ValAccDone,eta,lambda,trainAccDone,trainAccuracy,trainLoss,valAccuracy,valLoss
0,32.690000000000005,0.00030000000000000003,9e-06,"[12.1, 30.28, 29.84, 33.82, 35.23]","[12.1, 30.28, 29.84, 33.82, 35.23]","[95.72647705058691, 2.080517451368628, 2.061601072838679, 2.0306657541175746, 1.9802296231316767]","[11.66, 28.77, 27.810000000000002, 30.270000000000003, 31.369999999999997]","[95.89759655306658, 2.102093360718762, 2.0942605198533144, 2.0706933501712874, 2.0312877474529865]"
