,ValAccDone,eta,lambda,trainAccDone,trainAccuracy,trainLoss,valAccuracy,valLoss
0,31.44,2e-05,6.000000000000001e-09,"[7.489999999999999, 20.97, 29.81, 32.59, 34.89]","[7.489999999999999, 20.97, 29.81, 32.59, 34.89]","[142.9856495494387, 2.151314774984133, 2.0966532473345287, 2.0801653263221804, 2.0624025381867646]","[7.920000000000001, 20.74, 27.79, 29.270000000000003, 30.830000000000002]","[141.43289334683857, 2.1707037966052085, 2.122873337943279, 2.114878313927252, 2.105232764877815]"
