,ValAccDone,eta,lambda,trainAccDone,trainAccuracy,trainLoss,valAccuracy,valLoss
0,27.63,7.000000000000001e-05,8e-10,"[11.51, 24.560000000000002, 26.029999999999998, 30.72, 28.49]","[11.51, 24.560000000000002, 26.029999999999998, 30.72, 28.49]","[156.63365853948122, 2.1309838975641653, 2.0776928143176745, 2.047859024964824, 2.048667203218322]","[11.23, 23.35, 24.36, 28.63, 26.150000000000002]","[155.90636844147951, 2.1498204774416085, 2.1084057824422824, 2.085118658719798, 2.0930403180733115]"
