,ValAccDone,eta,lambda,trainAccDone,trainAccuracy,trainLoss,valAccuracy,valLoss
0,35.65,0.33196116841609574,0.0007800700137033655,"[9.99, 33.77, 34.61, 34.88, 36.68]","[9.99, 33.77, 34.61, 34.88, 36.68]","[2.30909627354398, 1.9092709960655367, 1.8967090541969338, 1.8589753177649029, 1.8189327193956213]","[10.100000000000001, 32.56, 32.800000000000004, 32.800000000000004, 34.47]","[2.3108371908129643, 1.9551757097176727, 1.949228508101373, 1.9149744621632891, 1.8821201988616525]"
