,ValAccDone,eta,lambda,trainAccDone,trainAccuracy,trainLoss,valAccuracy,valLoss
0,33.6,0.4462300340179929,0.0018793239302089856,"[10.25, 28.849999999999998, 31.819999999999997, 32.17, 35.43]","[10.25, 28.849999999999998, 31.819999999999997, 32.17, 35.43]","[2.306475852985901, 2.039428905059296, 1.9655694008099807, 1.9395642223973482, 1.9160282496116006]","[9.87, 28.03, 30.509999999999998, 30.990000000000002, 33.550000000000004]","[2.3078346334237443, 2.0739189778996314, 2.0012314042682497, 1.9737625504534675, 1.9539871832834257]"
