,ValAccDone,eta,lambda,trainAccDone,trainAccuracy,trainLoss,valAccuracy,valLoss
0,33.71,0.37734380898201836,0.0014728622061003346,"[9.99, 30.709999999999997, 32.39, 33.15, 35.449999999999996]","[9.99, 30.709999999999997, 32.39, 33.15, 35.449999999999996]","[2.3076558791805826, 2.003351813211679, 1.9430441803666694, 1.9067187131638892, 1.8827341869436804]","[10.100000000000001, 29.470000000000002, 31.25, 31.61, 33.839999999999996]","[2.3069348486022996, 2.0405788049243037, 1.9794570806396896, 1.9456434093580683, 1.9243917576919205]"
