,ValAccDone,eta,lambda,trainAccDone,trainAccuracy,trainLoss,valAccuracy,valLoss
0,38.550000000000004,0.28324741787891206,0.00026308434645880925,"[9.370000000000001, 35.93, 37.71, 39.75, 42.0]","[9.370000000000001, 35.93, 37.71, 39.75, 42.0]","[2.308808794031922, 1.8469445716850783, 1.7879795868039805, 1.723336775310314, 1.6662489494636505]","[9.879999999999999, 34.42, 34.75, 35.55, 37.36]","[2.308644962228682, 1.9011739418657743, 1.8744995848859267, 1.8386656127891863, 1.8066828598856641]"
