,ValAccDone,eta,lambda,trainAccDone,trainAccuracy,trainLoss,valAccuracy,valLoss
0,31.730000000000004,0.1549614803084555,0.0009081231748790954,"[10.299999999999999, 28.87, 31.25, 32.11, 33.11]","[10.299999999999999, 28.87, 31.25, 32.11, 33.11]","[2.3106090334929363, 1.9386573521546566, 1.908972670972666, 1.8989881672932651, 1.8921381272742248]","[10.08, 28.410000000000004, 30.130000000000003, 30.86, 31.47]","[2.3110148400820543, 1.9662232401427864, 1.9434601199279649, 1.9361187901872778, 1.9308708871229243]"
