,ValAccDone,eta,lambda,trainAccDone,trainAccuracy,trainLoss,valAccuracy,valLoss
0,34.81,0.4479632799732282,0.0015002414609571356,"[10.299999999999999, 28.15, 31.64, 33.01, 36.52]","[10.299999999999999, 28.15, 31.64, 33.01, 36.52]","[2.307748190209366, 2.055337853718005, 1.9674066641291141, 1.918889667052945, 1.8788141918835901]","[10.08, 26.950000000000003, 30.17, 31.819999999999997, 34.410000000000004]","[2.30859577246969, 2.0954149342513073, 2.008434796373171, 1.9595875696026492, 1.9247752889855256]"
