,ValAccDone,eta,lambda,trainAccDone,trainAccuracy,trainLoss,valAccuracy,valLoss
0,32.76,0.43016225765482996,0.0019676249623587676,"[10.299999999999999, 28.63, 30.78, 31.25, 33.69]","[10.299999999999999, 28.63, 30.78, 31.25, 33.69]","[2.3069951262349155, 2.049802574632751, 1.9742034102735604, 1.9507240883130663, 1.9318559976091172]","[10.08, 27.61, 29.43, 30.159999999999997, 32.4]","[2.306538835383619, 2.0836478668379397, 2.0084115681259314, 1.9804003519318851, 1.9658686966238033]"
