,ValAccDone,eta,lambda,trainAccDone,trainAccuracy,trainLoss,valAccuracy,valLoss
0,36.93,0.598601725344636,0.000680656987004736,"[9.99, 29.599999999999998, 36.03, 36.42, 39.21]","[9.99, 29.599999999999998, 36.03, 36.42, 39.21]","[2.3086678866274726, 2.0662469215810213, 1.9189478583101303, 1.8738139831710814, 1.8325693266323524]","[10.100000000000001, 28.68, 34.18, 33.269999999999996, 35.07]","[2.308410558202207, 2.137477177887829, 1.9976417274413933, 1.9611845756694273, 1.9303904662730378]"
