,ValAccDone,eta,lambda,trainAccDone,trainAccuracy,trainLoss,valAccuracy,valLoss
0,36.35,0.5242851570355929,0.0005675475309607241,"[10.25, 31.540000000000003, 36.94, 37.6, 39.92]","[10.25, 31.540000000000003, 36.94, 37.6, 39.92]","[2.3159269139208134, 1.9840194886668012, 1.8738761852204164, 1.82419489502349, 1.7897525179679987]","[9.87, 30.19, 34.23, 34.28, 36.65]","[2.317001176665854, 2.0605896705914692, 1.9635248739584306, 1.9215588990597077, 1.8863270574105497]"
