,ValAccDone,eta,lambda,trainAccDone,trainAccuracy,trainLoss,valAccuracy,valLoss
0,37.07,0.45082624380256453,0.0001998390554222973,"[10.32, 32.97, 38.690000000000005, 42.67, 44.07]","[10.32, 32.97, 38.690000000000005, 42.67, 44.07]","[2.312199564119095, 1.8916609004072522, 1.7788491352991702, 1.7013760180340312, 1.648926272601304]","[10.100000000000001, 30.72, 34.97, 36.46, 37.01]","[2.313220530883587, 1.9781336435819656, 1.9094203841868669, 1.8674243447869914, 1.8558537292398203]"
