,ValAccDone,eta,lambda,trainAccDone,trainAccuracy,trainLoss,valAccuracy,valLoss
0,36.449999999999996,0.45029491999576343,0.0007004380619683694,"[10.32, 30.740000000000002, 35.17, 35.39, 38.32]","[10.32, 30.740000000000002, 35.17, 35.39, 38.32]","[2.3104297704135397, 1.9589408469728211, 1.8929063116449578, 1.8668360799768344, 1.7961344662469216]","[10.100000000000001, 28.33, 33.43, 33.36, 35.47]","[2.310050170926862, 2.0214900660488526, 1.9584853865866119, 1.9362425423931153, 1.8845073579969966]"
