,ValAccDone,eta,lambda,trainAccDone,trainAccuracy,trainLoss,valAccuracy,valLoss
0,37.269999999999996,0.27129399931607423,0.00035624634981540066,"[9.81, 35.39, 37.38, 38.690000000000005, 40.300000000000004]","[9.81, 35.39, 37.38, 38.690000000000005, 40.300000000000004]","[2.3092172255868353, 1.858780650989941, 1.8100811697549934, 1.7562977328734097, 1.7176927499864845]","[9.85, 33.68, 34.71, 35.449999999999996, 36.54]","[2.3079816182300252, 1.9080994118842751, 1.8852919394737928, 1.853187938287429, 1.8276501585570648]"
