,ValAccDone,eta,lambda,trainAccDone,trainAccuracy,trainLoss,valAccuracy,valLoss
0,37.79,0.4846427827133067,0.0002394359094861025,"[10.05, 33.73, 37.59, 41.04, 41.78]","[10.05, 33.73, 37.59, 41.04, 41.78]","[2.3181819281340927, 1.9066792282060574, 1.825845910984573, 1.7512469618204036, 1.7129083321976641]","[9.84, 31.61, 34.5, 37.08, 36.74]","[2.3198354376987433, 2.0003376510497284, 1.9559318191221573, 1.9011009031830652, 1.887416345778171]"
