,ValAccDone,eta,lambda,trainAccDone,trainAccuracy,trainLoss,valAccuracy,valLoss
0,35.43,0.4441931070921844,0.001564408138604997,"[9.99, 29.330000000000002, 32.04, 32.74, 35.809999999999995]","[9.99, 29.330000000000002, 32.04, 32.74, 35.809999999999995]","[2.3089742026329003, 2.020998071099368, 1.9620437615850679, 1.9211936781060157, 1.8878525228476832]","[10.100000000000001, 28.21, 30.25, 31.59, 33.51]","[2.308468279950042, 2.061943483603995, 1.998352461367237, 1.9616097906953518, 1.934872112961083]"
