,ValAccDone,eta,lambda,trainAccDone,trainAccuracy,trainLoss,valAccuracy,valLoss
0,36.76,0.24233733504418914,0.00034725963214249486,"[9.99, 34.32, 37.53, 38.65, 39.71]","[9.99, 34.32, 37.53, 38.65, 39.71]","[2.3132801502177944, 1.8683360284758652, 1.7946337913558776, 1.7531267991335089, 1.7255821966587084]","[10.100000000000001, 32.550000000000004, 35.3, 36.199999999999996, 36.309999999999995]","[2.311770875943549, 1.9120094968193706, 1.8661561169246679, 1.8411687569343487, 1.827836247388733]"
