,ValAccDone,eta,lambda,trainAccDone,trainAccuracy,trainLoss,valAccuracy,valLoss
0,36.64,0.515949147653151,0.0001887669056247816,"[10.16, 32.01, 36.720000000000006, 41.52, 43.41]","[10.16, 32.01, 36.720000000000006, 41.52, 43.41]","[2.3074625678161507, 1.9389111713998282, 1.8573648828657545, 1.7138731864880288, 1.6773298293079677]","[9.950000000000001, 30.4, 33.800000000000004, 37.16, 36.720000000000006]","[2.308994672202262, 2.0282407862060086, 1.9928981925682014, 1.8780751212961646, 1.879160989911632]"
