,ValAccDone,eta,lambda,trainAccDone,trainAccuracy,trainLoss,valAccuracy,valLoss
0,36.919999999999995,0.47189630659873866,0.00024932250429031617,"[10.01, 32.36, 37.62, 40.47, 42.699999999999996]","[10.01, 32.36, 37.62, 40.47, 42.699999999999996]","[2.327484752465665, 1.9246722174728836, 1.8129247634926358, 1.7436114395669087, 1.6923550736319695]","[10.26, 30.61, 34.52, 36.6, 36.309999999999995]","[2.3253117924783684, 2.00488469529889, 1.9444631492242983, 1.890883909626444, 1.877767576932862]"
