,ValAccDone,eta,lambda,trainAccDone,trainAccuracy,trainLoss,valAccuracy,valLoss
0,31.47,0.2564039359577675,0.0013824928363925576,"[10.01, 32.07, 30.65, 32.15, 32.879999999999995]","[10.01, 32.07, 30.65, 32.15, 32.879999999999995]","[2.306034727236326, 1.9595061388230661, 1.940753727046673, 1.9109046699051027, 1.9084742793141523]","[10.26, 30.95, 29.43, 30.69, 31.740000000000002]","[2.305922903422313, 1.98574639411522, 1.9694158118142187, 1.9427845696721384, 1.9425707115270252]"
