,ValAccDone,eta,lambda,trainAccDone,trainAccuracy,trainLoss,valAccuracy,valLoss
0,38.42,0.2851591426595396,0.0001902638232025963,"[10.16, 36.44, 39.64, 40.589999999999996, 42.26]","[10.16, 36.44, 39.64, 40.589999999999996, 42.26]","[2.310826890784234, 1.820102729220545, 1.7512832580112896, 1.695801123327125, 1.6419949411859889]","[9.950000000000001, 34.23, 35.709999999999994, 35.91, 36.91]","[2.312719206801589, 1.8817487956466021, 1.85163125399343, 1.8306858884696675, 1.8027125135293822]"
