,ValAccDone,eta,lambda,trainAccDone,trainAccuracy,trainLoss,valAccuracy,valLoss
0,35.5,0.35050602144464144,0.0008241134470386617,"[10.05, 33.629999999999995, 35.54, 34.64, 37.16]","[10.05, 33.629999999999995, 35.54, 34.64, 37.16]","[2.3119531374820474, 1.9201336381672836, 1.881795531775279, 1.8635070986141038, 1.8150453905961739]","[9.84, 32.11, 34.050000000000004, 32.7, 35.0]","[2.312527035658821, 1.9697667215243635, 1.9367842853543156, 1.919563360697798, 1.879320665017574]"
