,ValAccDone,eta,lambda,trainAccDone,trainAccuracy,trainLoss,valAccuracy,valLoss
0,35.53,0.4175498490379518,0.001205163746684239,"[10.32, 30.209999999999997, 33.5, 34.12, 36.13]","[10.32, 30.209999999999997, 33.5, 34.12, 36.13]","[2.310055714375202, 2.0109176706245147, 1.9284640281860368, 1.911583271722499, 1.8682891835586939]","[10.100000000000001, 28.67, 31.91, 31.97, 33.93]","[2.3103106643110918, 2.058100348268391, 1.9743917149195822, 1.9584215168470371, 1.9195758945825163]"
