,ValAccDone,eta,lambda,trainAccDone,trainAccuracy,trainLoss,valAccuracy,valLoss
0,37.01,0.5682360011756666,0.0001098069296573978,"[10.01, 31.78, 35.94, 40.46, 42.980000000000004]","[10.01, 31.78, 35.94, 40.46, 42.980000000000004]","[2.3118972775774886, 1.9510983736432974, 1.8388112522268192, 1.716110058939636, 1.6740643104309418]","[10.26, 30.490000000000002, 32.83, 35.63, 35.82]","[2.311559533938338, 2.0453754961309185, 1.99113053209213, 1.8999502939633717, 1.910187783504465]"
