,ValAccDone,eta,lambda,trainAccDone,trainAccuracy,trainLoss,valAccuracy,valLoss
0,35.29,0.42212159332393445,0.0012350638472422943,"[10.25, 30.59, 33.650000000000006, 33.93, 36.61]","[10.25, 30.59, 33.650000000000006, 33.93, 36.61]","[2.312603726770419, 2.008086027397553, 1.9347620713665268, 1.8932227894914813, 1.8566470917543976]","[9.87, 28.99, 32.14, 32.57, 34.75]","[2.313283402503555, 2.0532048773698883, 1.9824009017842013, 1.9393794907863793, 1.906493874165503]"
