,ValAccDone,eta,lambda,trainAccDone,trainAccuracy,trainLoss,valAccuracy,valLoss
0,28.860000000000003,0.19200898572380976,0.0016922221303174265,"[9.99, 28.499999999999996, 28.57, 28.360000000000003, 28.99]","[9.99, 28.499999999999996, 28.57, 28.360000000000003, 28.99]","[2.3110482233359333, 1.982695799853838, 1.967251843429995, 1.9683048224002262, 1.966966655357469]","[10.100000000000001, 27.54, 27.58, 27.85, 28.62]","[2.3120769740512235, 2.0029218617929456, 1.9903373676124434, 1.992629357590179, 1.9921137349089346]"
