,ValAccDone,eta,lambda,trainAccDone,trainAccuracy,trainLoss,valAccuracy,valLoss
0,34.17,0.5954317363038999,0.001766259347853494,"[10.01, 28.48, 31.130000000000003, 35.24, 34.25]","[10.01, 28.48, 31.130000000000003, 35.24, 34.25]","[2.3105297563707032, 2.0690300130968886, 2.0349481736422583, 1.9376020849937057, 1.9273795850362847]","[10.26, 27.650000000000002, 29.2, 33.42, 32.84]","[2.309140545189027, 2.114544369372919, 2.0821688513091026, 1.9862078626947404, 1.9773424117878582]"
