,ValAccDone,eta,lambda,trainAccDone,trainAccuracy,trainLoss,valAccuracy,valLoss
0,30.769999999999996,0.2318509107316697,0.001450475719616234,"[9.370000000000001, 30.9, 30.36, 31.52, 31.680000000000003]","[9.370000000000001, 30.9, 30.36, 31.52, 31.680000000000003]","[2.3145038581025434, 1.9678188194791695, 1.9348922253688812, 1.9230323988843079, 1.9242118893215505]","[9.879999999999999, 29.65, 29.509999999999998, 30.65, 30.91]","[2.3132533090721097, 1.9912993177070843, 1.9617326902640626, 1.9524768803523878, 1.9553468440471453]"
