,ValAccDone,eta,lambda,trainAccDone,trainAccuracy,trainLoss,valAccuracy,valLoss
0,32.1,0.32913471778871195,0.0017945812865381972,"[10.05, 31.080000000000002, 29.95, 30.53, 33.61]","[10.05, 31.080000000000002, 29.95, 30.53, 33.61]","[2.314536389630934, 1.9819643806271172, 1.9781511049823293, 1.9440354766056214, 1.9226116873875072]","[9.84, 30.769999999999996, 28.74, 29.2, 32.9]","[2.3150079102028167, 2.0113379504679454, 2.0041381643872427, 1.9728838935723447, 1.9552859242530007]"
