,ValAccDone,eta,lambda,trainAccDone,trainAccuracy,trainLoss,valAccuracy,valLoss
0,22.54,0.06207254795802013,0.0015958568813920276,"[10.05, 22.62, 23.31, 23.419999999999998, 23.47]","[10.05, 22.62, 23.31, 23.419999999999998, 23.47]","[2.30963252604749, 2.097796169315739, 2.0842522496429, 2.0822126411280104, 2.0815679321565494]","[9.84, 21.69, 22.36, 22.49, 22.53]","[2.3089903159206826, 2.109255507338282, 2.096485527875298, 2.094543467317549, 2.093931822466352]"
