,ValAccDone,eta,lambda,trainAccDone,trainAccuracy,trainLoss,valAccuracy,valLoss
0,35.07,0.4448734640721578,0.0013286463598169975,"[9.74, 29.830000000000002, 33.62, 33.629999999999995, 35.86]","[9.74, 29.830000000000002, 33.62, 33.629999999999995, 35.86]","[2.3179911753038533, 2.001216089926097, 1.9361377168083567, 1.9089367114872369, 1.8751419245293066]","[10.07, 28.07, 32.22, 31.919999999999998, 33.410000000000004]","[2.3167270717392796, 2.0508641111095, 1.9805974958016177, 1.9541373615404112, 1.9262833685607696]"
