,ValAccDone,eta,lambda,trainAccDone,trainAccuracy,trainLoss,valAccuracy,valLoss
0,37.32,0.25688599143542595,0.0002408360609751198,"[9.74, 36.19, 38.04, 40.410000000000004, 42.59]","[9.74, 36.19, 38.04, 40.410000000000004, 42.59]","[2.3118113019075746, 1.8451881517682514, 1.777622194740223, 1.7148154177300292, 1.6579115266648967]","[10.07, 34.589999999999996, 34.97, 36.3, 37.89]","[2.310422097662137, 1.8961361564965633, 1.8603549122797722, 1.8253592185347707, 1.797284994875234]"
