,ValAccDone,eta,lambda,trainAccDone,trainAccuracy,trainLoss,valAccuracy,valLoss
0,32.019999999999996,0.05757699684925895,0.00041594890686198847,"[10.01, 26.83, 30.320000000000004, 32.0, 32.519999999999996]","[10.01, 26.83, 30.320000000000004, 32.0, 32.519999999999996]","[2.3169789447853404, 1.9806092325693867, 1.915630063190533, 1.890965634552192, 1.8810874119280363]","[10.26, 25.840000000000003, 29.7, 31.180000000000003, 31.61]","[2.314468827194233, 2.0014979737704803, 1.9439988851657932, 1.9235302356501174, 1.9154632735804364]"
