,ValAccDone,eta,lambda,trainAccDone,trainAccuracy,trainLoss,valAccuracy,valLoss
0,12.53,0.010809524272784072,0.0012541557306370394,"[9.99, 13.459999999999999, 12.6, 12.920000000000002, 13.05]","[9.99, 13.459999999999999, 12.6, 12.920000000000002, 13.05]","[2.320440630670109, 2.298387583589828, 2.2974883245809568, 2.296387217617806, 2.295363409494889]","[10.100000000000001, 12.950000000000001, 12.06, 12.27, 12.379999999999999]","[2.3216348760589303, 2.2999244031229042, 2.299089032429142, 2.298057533172906, 2.2970971782755094]"
