,ValAccDone,eta,lambda,trainAccDone,trainAccuracy,trainLoss,valAccuracy,valLoss
0,33.45,0.2647418378665599,0.0010007874390290437,"[10.05, 33.81, 32.72, 33.93, 34.61]","[10.05, 33.81, 32.72, 33.93, 34.61]","[2.3191304771269197, 1.9249785750188517, 1.9013857655229554, 1.8698219236984144, 1.864057600605978]","[9.84, 32.83, 31.91, 32.96, 33.32]","[2.3190960390761917, 1.9589312975465114, 1.9396641518847446, 1.9123634672493413, 1.9089915008307279]"
