,ValAccDone,eta,lambda,trainAccDone,trainAccuracy,trainLoss,valAccuracy,valLoss
0,23.080000000000002,0.0666517200742523,0.0015002895479085323,"[10.299999999999999, 22.900000000000002, 23.66, 23.77, 23.79]","[10.299999999999999, 22.900000000000002, 23.66, 23.77, 23.79]","[2.3055454956454087, 2.0754710297549157, 2.063621543678364, 2.061410421380422, 2.0605972790535554]","[10.08, 22.31, 22.84, 22.89, 23.03]","[2.306524232230041, 2.0882767516694, 2.07699652604891, 2.074916751986537, 2.0741604538989957]"
