,ValAccDone,eta,lambda,trainAccDone,trainAccuracy,trainLoss,valAccuracy,valLoss
0,33.45,0.35084427061880025,0.0016457784988698862,"[9.74, 30.78, 30.91, 31.380000000000003, 34.54]","[9.74, 30.78, 30.91, 31.380000000000003, 34.54]","[2.312403460766956, 1.9854086756797178, 1.9598972425550505, 1.9282623979914915, 1.9003395759193997]","[10.07, 30.17, 29.909999999999997, 30.490000000000002, 33.58]","[2.31184391878172, 2.019490087257749, 1.9888887392294943, 1.9607515089447425, 1.937640163138353]"
