,ValAccDone,eta,lambda,trainAccDone,trainAccuracy,trainLoss,valAccuracy,valLoss
0,37.84,0.17631450535190804,0.0001956313184131807,"[10.299999999999999, 32.87, 37.11, 39.519999999999996, 41.27]","[10.299999999999999, 32.87, 37.11, 39.519999999999996, 41.27]","[2.310762545650169, 1.849055330253907, 1.7638345801727437, 1.717463769558896, 1.6809719353985018]","[10.08, 31.95, 34.870000000000005, 36.32, 37.16]","[2.310616682856242, 1.892657136667541, 1.8442069629289808, 1.8247619788076914, 1.809107601877167]"
