,ValAccDone,eta,lambda,trainAccDone,trainAccuracy,trainLoss,valAccuracy,valLoss
0,32.84,0.3969587410799218,0.0017978372861736755,"[10.299999999999999, 29.69, 30.56, 31.259999999999998, 34.53]","[10.299999999999999, 29.69, 30.56, 31.259999999999998, 34.53]","[2.3147005591899013, 2.05324527113972, 1.9776738536630976, 1.9413708388678088, 1.9111747729796313]","[10.08, 28.32, 29.189999999999998, 30.18, 33.56]","[2.3168418059153284, 2.0866635551622714, 2.0091093476018225, 1.9717521889670648, 1.9464431028161358]"
