,ValAccDone,eta,lambda,trainAccDone,trainAccuracy,trainLoss,valAccuracy,valLoss
0,32.18,0.3191378125791311,0.0017475797398309259,"[10.01, 32.51, 29.79, 30.680000000000003, 33.51]","[10.01, 32.51, 29.79, 30.680000000000003, 33.51]","[2.3153397864710117, 1.9667824887175178, 1.9759611052051989, 1.939468597141671, 1.922561161256078]","[10.26, 31.840000000000003, 28.52, 29.110000000000003, 32.6]","[2.3148931721043127, 1.9960827034888013, 2.0015599904952452, 1.969311906803164, 1.9550054915378121]"
