,ValAccDone,eta,lambda,trainAccDone,trainAccuracy,trainLoss,valAccuracy,valLoss
0,36.64,0.47187896873780133,0.0009086595080027932,"[9.81, 30.490000000000002, 36.05, 35.94, 36.9]","[9.81, 30.490000000000002, 36.05, 35.94, 36.9]","[2.32482166625777, 1.9838234485068014, 1.915403321917036, 1.8659958609608713, 1.8321235137999283]","[9.85, 28.59, 33.44, 33.28, 34.4]","[2.324851932890757, 2.0444648589223657, 1.9732677502929548, 1.9298422150462835, 1.8989957696657394]"
