,ValAccDone,eta,lambda,trainAccDone,trainAccuracy,trainLoss,valAccuracy,valLoss
0,34.02,0.4980428166648607,0.0019176707565917374,"[10.05, 28.4, 30.4, 33.650000000000006, 35.08]","[10.05, 28.4, 30.4, 33.650000000000006, 35.08]","[2.3084673686117205, 2.0366271938102565, 1.9971474652172292, 1.9257671851069862, 1.9265314735081183]","[9.84, 27.58, 29.759999999999998, 32.58, 33.37]","[2.3095925683238896, 2.0757484796389103, 2.033800167027846, 1.9628899522196415, 1.9655860000447372]"
