,ValAccDone,eta,lambda,trainAccDone,trainAccuracy,trainLoss,valAccuracy,valLoss
0,36.36,0.5806975474388968,0.00012224085002396175,"[9.74, 31.119999999999997, 38.279999999999994, 39.82, 42.4]","[9.74, 31.119999999999997, 38.279999999999994, 39.82, 42.4]","[2.312262459765019, 2.0483814238042988, 1.8250575965582045, 1.7981309237081762, 1.6869330637910622]","[10.07, 29.830000000000002, 35.38, 34.8, 35.78]","[2.3130786048324237, 2.1510636049827094, 1.9715734323547431, 1.9766706420241982, 1.9062644083944347]"
