,ValAccDone,eta,lambda,trainAccDone,trainAccuracy,trainLoss,valAccuracy,valLoss
0,22.259999999999998,0.022693062508092353,0.0008442478099578847,"[9.370000000000001, 20.34, 21.759999999999998, 22.6, 23.11]","[9.370000000000001, 20.34, 21.759999999999998, 22.6, 23.11]","[2.308533450743995, 2.1868712111294926, 2.143581265660375, 2.133163881040313, 2.1288355766245863]","[9.879999999999999, 19.17, 20.68, 21.560000000000002, 21.98]","[2.3081632244354062, 2.1943735967904727, 2.1516310369898113, 2.141583417447654, 2.1374660773194547]"
