,ValAccDone,eta,lambda,trainAccDone,trainAccuracy,trainLoss,valAccuracy,valLoss
0,35.58,0.3643560500655108,0.0009011980132809851,"[10.25, 32.95, 34.46, 34.93, 37.62]","[10.25, 32.95, 34.46, 34.93, 37.62]","[2.3060908095985124, 1.9451997328936608, 1.9028211330238083, 1.8503569456504927, 1.8198033361858548]","[9.87, 31.36, 32.7, 33.6, 35.54]","[2.306498436880313, 1.99200566780838, 1.9523757168289686, 1.904453868322255, 1.8810678714639644]"
