,ValAccDone,eta,lambda,trainAccDone,trainAccuracy,trainLoss,valAccuracy,valLoss
0,39.160000000000004,0.27007349865377217,9.517210307575735e-05,"[10.299999999999999, 35.94, 38.98, 42.57, 45.33]","[10.299999999999999, 35.94, 38.98, 42.57, 45.33]","[2.3073913454641968, 1.8302965129522366, 1.7360790384253129, 1.6514704942065874, 1.5779374264835424]","[10.08, 34.050000000000004, 35.89, 36.55, 37.66]","[2.3082897922148438, 1.8855521574539713, 1.8374406182639844, 1.8114687667763536, 1.788659250281497]"
