,ValAccDone,eta,lambda,trainAccDone,trainAccuracy,trainLoss,valAccuracy,valLoss
0,22.85,0.07750253313805687,0.0018550208861079717,"[10.32, 22.6, 23.400000000000002, 23.599999999999998, 23.79]","[10.32, 22.6, 23.400000000000002, 23.599999999999998, 23.79]","[2.3083877143786817, 2.0856714342748166, 2.077381454902311, 2.075488493591423, 2.074710564339372]","[10.100000000000001, 21.82, 22.52, 22.68, 22.75]","[2.3091493360660627, 2.09840392358627, 2.09027672050196, 2.0884382778704893, 2.087670272688806]"
