,ValAccDone,eta,lambda,trainAccDone,trainAccuracy,trainLoss,valAccuracy,valLoss
0,37.54,0.29904497407540187,0.00027133770487719266,"[9.74, 36.57, 38.129999999999995, 39.95, 42.559999999999995]","[9.74, 36.57, 38.129999999999995, 39.95, 42.559999999999995]","[2.311761705192182, 1.8356771104148908, 1.7908373347824509, 1.7389089831962543, 1.6737952971265553]","[10.07, 34.8, 34.86, 35.82, 36.68]","[2.309603382627096, 1.8934413711013318, 1.8819020234106676, 1.858089947222895, 1.8214705131419568]"
