,ValAccDone,eta,lambda,trainAccDone,trainAccuracy,trainLoss,valAccuracy,valLoss
0,34.72,0.5497537971987315,0.001569290156358063,"[10.01, 27.310000000000002, 32.910000000000004, 34.449999999999996, 35.69]","[10.01, 27.310000000000002, 32.910000000000004, 34.449999999999996, 35.69]","[2.318608467311839, 2.0528194586619497, 1.967570246783101, 1.9361056895713071, 1.9156523984708862]","[10.26, 26.529999999999998, 31.7, 32.6, 33.17]","[2.315964587974301, 2.1042973463548322, 2.0153017589864937, 1.9831918889717446, 1.9654000721910079]"
