,ValAccDone,eta,lambda,trainAccDone,trainAccuracy,trainLoss,valAccuracy,valLoss
0,31.71,0.30248264065769315,0.0017202037899044299,"[9.370000000000001, 32.46, 29.599999999999998, 30.95, 33.300000000000004]","[9.370000000000001, 32.46, 29.599999999999998, 30.95, 33.300000000000004]","[2.31676177793432, 1.9673601780209946, 1.9785779260829475, 1.9358164227519152, 1.9205279462150247]","[9.879999999999999, 31.61, 28.410000000000004, 29.86, 32.7]","[2.3135117031105086, 1.9961773238273082, 2.0037400385540445, 1.9645579107187234, 1.9521473522735715]"
