,ValAccDone,eta,lambda,trainAccDone,trainAccuracy,trainLoss,valAccuracy,valLoss
0,35.76,0.3774477210939195,0.0004959750340619442,"[10.299999999999999, 33.379999999999995, 36.809999999999995, 38.31, 37.87]","[10.299999999999999, 33.379999999999995, 36.809999999999995, 38.31, 37.87]","[2.3115952101977673, 1.917609540342881, 1.8304415658910376, 1.7998564958254661, 1.7858552137019013]","[10.08, 31.130000000000003, 34.02, 35.260000000000005, 34.81]","[2.3131232554242014, 1.9786119585876283, 1.9134835930526373, 1.8917042444250938, 1.8816052997817931]"
