,ValAccDone,eta,lambda,trainAccDone,trainAccuracy,trainLoss,valAccuracy,valLoss
0,32.67,0.2819296518369602,0.001216685433774371,"[10.16, 33.489999999999995, 32.11, 32.690000000000005, 34.2]","[10.16, 33.489999999999995, 32.11, 32.690000000000005, 34.2]","[2.313794969699601, 1.9336105247939537, 1.9323773345442818, 1.8972048857572499, 1.8810332886019292]","[9.950000000000001, 32.41, 31.1, 31.819999999999997, 32.96]","[2.314764824316037, 1.9660073944360028, 1.965225633456787, 1.932820083835321, 1.919883473167533]"
