,ValAccDone,eta,lambda,trainAccDone,trainAccuracy,trainLoss,valAccuracy,valLoss
0,33.61,0.35825397713906776,0.0014493231085812473,"[9.74, 31.44, 31.669999999999998, 32.85, 35.33]","[9.74, 31.44, 31.669999999999998, 32.85, 35.33]","[2.319141719274444, 1.9921614564886494, 1.946529955517688, 1.9068858559492283, 1.8798505163565296]","[10.07, 29.93, 30.31, 31.31, 33.79]","[2.3172705014447486, 2.0276177751868305, 1.9820179610998423, 1.9438573853368286, 1.921347167637704]"
