,ValAccDone,eta,lambda,trainAccDone,trainAccuracy,trainLoss,valAccuracy,valLoss
0,30.599999999999998,0.13385950068283378,0.0009303136633608019,"[10.299999999999999, 28.4, 30.61, 31.1, 31.369999999999997]","[10.299999999999999, 28.4, 30.61, 31.1, 31.369999999999997]","[2.309734205892021, 1.9500887736661836, 1.9231065230176287, 1.9153305698770058, 1.9106041797257478]","[10.08, 27.860000000000003, 29.32, 29.9, 30.330000000000002]","[2.3101710772766224, 1.9766221707636322, 1.9554723669758465, 1.9494057996167424, 1.9456169138440678]"
