,ValAccDone,eta,lambda,trainAccDone,trainAccuracy,trainLoss,valAccuracy,valLoss
0,38.91,0.12138310693958294,8.173206421831367e-05,"[9.81, 32.440000000000005, 37.54, 40.550000000000004, 42.809999999999995]","[9.81, 32.440000000000005, 37.54, 40.550000000000004, 42.809999999999995]","[2.312626610917602, 1.8643459795585628, 1.7571079437051529, 1.692888945573658, 1.6441472649137023]","[9.85, 31.44, 35.18, 37.15, 38.15]","[2.312627296781634, 1.9075889804136323, 1.8348227014230916, 1.8004504543153161, 1.7790897815303317]"
