,ValAccDone,eta,lambda,trainAccDone,trainAccuracy,trainLoss,valAccuracy,valLoss
0,31.790000000000003,0.1635613593378761,0.0009713485951115112,"[10.05, 29.099999999999998, 30.79, 31.6, 32.82]","[10.05, 29.099999999999998, 30.79, 31.6, 32.82]","[2.321702340946, 1.9412386195713562, 1.9155962753689728, 1.90605264670032, 1.8983512685418733]","[9.84, 28.32, 29.95, 30.64, 31.290000000000003]","[2.3195452153572673, 1.9684679262550495, 1.9487089614643358, 1.9416715264839748, 1.9356130886848477]"
