,ValAccDone,eta,lambda,trainAccDone,trainAccuracy,trainLoss,valAccuracy,valLoss
0,33.62,0.33468688742196717,0.001276300746985362,"[10.03, 32.65, 32.83, 32.61, 35.79]","[10.03, 32.65, 32.83, 32.61, 35.79]","[2.3159483004484653, 1.9530028206732128, 1.9315804120925903, 1.9069524717706858, 1.8692833976656316]","[9.82, 31.8, 31.830000000000002, 31.230000000000004, 34.11]","[2.3157022782043306, 1.9899967447656548, 1.9670474232159236, 1.9433859400806914, 1.9114723456931098]"
