,ValAccDone,eta,lambda,trainAccDone,trainAccuracy,trainLoss,valAccuracy,valLoss
0,35.33,0.44362933205773747,0.001103835119662135,"[9.74, 29.330000000000002, 35.46, 33.61, 36.68]","[9.74, 29.330000000000002, 35.46, 33.61, 36.68]","[2.3105387143500793, 1.9889051193503742, 1.9159714275896667, 1.908807348096876, 1.85017074495949]","[10.07, 27.77, 33.89, 31.89, 34.64]","[2.309824149051274, 2.0418029720854203, 1.9656557519047597, 1.958070893556066, 1.906717415564108]"
