,ValAccDone,eta,lambda,trainAccDone,trainAccuracy,trainLoss,valAccuracy,valLoss
0,25.979999999999997,0.11590044543972736,0.0014918584072729738,"[10.32, 25.66, 26.290000000000003, 26.68, 26.61]","[10.32, 25.66, 26.290000000000003, 26.68, 26.61]","[2.318720500384222, 2.01452351625587, 2.000204012205006, 1.995813087940611, 1.9938357997960232]","[10.100000000000001, 24.959999999999997, 25.55, 25.779999999999998, 25.790000000000003]","[2.320606237916481, 2.0334132952052877, 2.021571011216359, 2.0178651297689267, 2.016180721293064]"
