,ValAccDone,eta,lambda,trainAccDone,trainAccuracy,trainLoss,valAccuracy,valLoss
0,38.019999999999996,0.10671856104713777,0.000152022766168945,"[10.25, 31.879999999999995, 36.4, 39.48, 40.82]","[10.25, 31.879999999999995, 36.4, 39.48, 40.82]","[2.3136460183142877, 1.8740827401357159, 1.7851003911411392, 1.7315815004214603, 1.6977276114090314]","[9.87, 31.1, 34.29, 36.17, 37.14]","[2.3139187234256284, 1.9148739745715444, 1.8514962114500653, 1.8190000331541927, 1.8017291729793674]"
