,ValAccDone,eta,lambda,trainAccDone,trainAccuracy,trainLoss,valAccuracy,valLoss
0,35.08,0.5528627865535577,0.001059806828434349,"[9.99, 29.65, 34.38, 34.870000000000005, 37.86]","[9.99, 29.65, 34.38, 34.870000000000005, 37.86]","[2.3086665546540757, 2.0422807094335513, 1.9518559278954928, 1.9044336185967374, 1.848774108755458]","[10.100000000000001, 28.999999999999996, 33.09, 32.92, 35.39]","[2.3088179700756704, 2.1017038113489654, 2.0096050563354866, 1.9619515753006365, 1.9160050981411452]"
