,ValAccDone,eta,lambda,trainAccDone,trainAccuracy,trainLoss,valAccuracy,valLoss
0,38.7,0.3275351423473425,0.0001285635887713948,"[10.299999999999999, 36.09, 39.989999999999995, 42.33, 45.050000000000004]","[10.299999999999999, 36.09, 39.989999999999995, 42.33, 45.050000000000004]","[2.3094806742013354, 1.8250664071249127, 1.7318106764430983, 1.6600724806411324, 1.5876877690652247]","[10.08, 33.89, 35.49, 36.71, 37.86]","[2.3099608695362535, 1.8946197945669365, 1.8518541486424087, 1.8326057654217747, 1.8002982322624268]"
