,ValAccDone,eta,lambda,trainAccDone,trainAccuracy,trainLoss,valAccuracy,valLoss
0,32.6,0.3040974412798768,0.0014137264567242495,"[10.25, 32.72, 30.869999999999997, 32.07, 34.58]","[10.25, 32.72, 30.869999999999997, 32.07, 34.58]","[2.3158675131800135, 1.948047014446944, 1.9512717371070956, 1.9089435318683503, 1.8923672030075263]","[9.87, 31.919999999999998, 29.609999999999996, 31.04, 33.08]","[2.3176301928069583, 1.9807001926190706, 1.9817359654687026, 1.942301045637469, 1.9296348358122244]"
