,ValAccDone,eta,lambda,trainAccDone,trainAccuracy,trainLoss,valAccuracy,valLoss
0,36.49,0.5898618988898898,0.00023136642626166574,"[10.01, 29.45, 35.620000000000005, 40.17, 42.05]","[10.01, 29.45, 35.620000000000005, 40.17, 42.05]","[2.3108806525352836, 2.0884373205341578, 1.864439637240925, 1.7635568033497586, 1.7504478160601407]","[10.26, 28.73, 33.11, 34.99, 36.26]","[2.310649499225947, 2.172975668526791, 1.9910519712911359, 1.914985580077518, 1.9253444614511834]"
