,ValAccDone,eta,lambda,trainAccDone,trainAccuracy,trainLoss,valAccuracy,valLoss
0,37.05,0.3816336863847669,0.0006239741803583575,"[10.05, 32.07, 36.66, 37.25, 38.440000000000005]","[10.05, 32.07, 36.66, 37.25, 38.440000000000005]","[2.320646854106356, 1.9402582931349726, 1.863624257752973, 1.8220104219784226, 1.7718804295839008]","[9.84, 30.36, 34.38, 34.57, 35.64]","[2.319676556077964, 1.9940130345127072, 1.926816231722242, 1.8937152257110073, 1.852765138852457]"
