,ValAccDone,eta,lambda,trainAccDone,trainAccuracy,trainLoss,valAccuracy,valLoss
0,36.51,0.3410401011616873,0.0008060045893425611,"[10.0, 33.76, 35.160000000000004, 35.63, 37.43]","[10.0, 33.76, 35.160000000000004, 35.63, 37.43]","[2.324253829706304, 1.9120570082059827, 1.8753376846133898, 1.8358633305462928, 1.7998487686782392]","[10.27, 32.53, 33.73, 33.54, 35.31]","[2.323598556821996, 1.9582569389329283, 1.9314175756508778, 1.8947759312298225, 1.8652240139931324]"
