,ValAccDone,eta,lambda,trainAccDone,trainAccuracy,trainLoss,valAccuracy,valLoss
0,32.87,0.4013325254361851,0.001950963080445586,"[9.74, 29.160000000000004, 30.3, 31.52, 34.02]","[9.74, 29.160000000000004, 30.3, 31.52, 34.02]","[2.312027112196053, 2.0508975966462755, 1.9776086184159316, 1.9436718257099657, 1.9230050293346221]","[10.07, 27.939999999999998, 28.84, 30.259999999999998, 33.0]","[2.312898428506542, 2.0842188276306386, 2.009534363724153, 1.976446574545493, 1.9590907540456046]"
