,ValAccDone,eta,lambda,trainAccDone,trainAccuracy,trainLoss,valAccuracy,valLoss
0,38.76,0.15339295921611817,0.00017472821204924754,"[10.05, 32.22, 37.2, 39.489999999999995, 41.52]","[10.05, 32.22, 37.2, 39.489999999999995, 41.52]","[2.3120653671495637, 1.8621816926346515, 1.7681731705076085, 1.7167645534668379, 1.6790527999354508]","[9.84, 31.15, 35.010000000000005, 36.620000000000005, 38.04]","[2.3111454023731137, 1.9047253694368302, 1.8419682966787396, 1.8153797563342446, 1.7981941478339079]"
