,ValAccDone,eta,lambda,trainAccDone,trainAccuracy,trainLoss,valAccuracy,valLoss
0,37.46,0.5831240997444032,0.0004431473934130654,"[10.05, 31.77, 35.68, 38.33, 39.4]","[10.05, 31.77, 35.68, 38.33, 39.4]","[2.3060979113187168, 1.9691974450706637, 1.8922637435602079, 1.8223396205655131, 1.7970824959408793]","[9.84, 30.070000000000004, 33.17, 34.68, 35.199999999999996]","[2.3066229656224113, 2.047530374778488, 1.9957058617133807, 1.9402223238029521, 1.9205820744550277]"
