,ValAccDone,eta,lambda,trainAccDone,trainAccuracy,trainLoss,valAccuracy,valLoss
0,35.27,0.5724242088395515,0.0016593211886682272,"[9.81, 28.03, 33.87, 33.01, 36.15]","[9.81, 28.03, 33.87, 33.01, 36.15]","[2.309518211037767, 2.0638102598597445, 1.9852376033782506, 1.9526413861905985, 1.9186826939336288]","[9.85, 27.089999999999996, 31.95, 31.59, 34.239999999999995]","[2.308752321702842, 2.1129765773853335, 2.03341148527314, 1.9941737337073653, 1.9647580358124423]"
