,ValAccDone,eta,lambda,trainAccDone,trainAccuracy,trainLoss,valAccuracy,valLoss
0,37.54,0.497316079023311,0.0007032748869487845,"[9.74, 30.570000000000004, 34.12, 36.57, 39.34]","[9.74, 30.570000000000004, 34.12, 36.57, 39.34]","[2.3097977512066326, 1.9925725213613668, 1.9277566746557648, 1.8581832886561236, 1.7982627324227296]","[10.07, 29.959999999999997, 32.17, 33.72, 36.230000000000004]","[2.310329293825422, 2.052585529601169, 2.0015252153511316, 1.9367634059639816, 1.8870337738855445]"
