,ValAccDone,eta,lambda,trainAccDone,trainAccuracy,trainLoss,valAccuracy,valLoss
0,22.439999999999998,0.05974328557766366,0.0015563433785975788,"[10.299999999999999, 22.54, 23.36, 23.400000000000002, 23.48]","[10.299999999999999, 22.54, 23.36, 23.400000000000002, 23.48]","[2.308472660801125, 2.1029413083454696, 2.0865224698495526, 2.0838859952915865, 2.0830726086242013]","[10.08, 21.61, 22.5, 22.59, 22.58]","[2.310269998325216, 2.1140810378460504, 2.0987477814476883, 2.0962718876867927, 2.0955223248620665]"
