,ValAccDone,eta,lambda,trainAccDone,trainAccuracy,trainLoss,valAccuracy,valLoss
0,35.97,0.23503738475493965,0.0005441030162755909,"[10.05, 33.62, 36.199999999999996, 37.07, 37.35]","[10.05, 33.62, 36.199999999999996, 37.07, 37.35]","[2.312034994183988, 1.8900978412311231, 1.8241690628068126, 1.7967064334029152, 1.7827830468526908]","[9.84, 32.16, 34.88, 34.98, 35.14]","[2.3121575723303915, 1.9287105527138295, 1.8800869831260694, 1.861281955582323, 1.853591226547373]"
