,ValAccDone,eta,lambda,trainAccDone,trainAccuracy,trainLoss,valAccuracy,valLoss
0,31.15,0.21127702052435307,0.0012167823217508796,"[10.16, 31.25, 31.64, 32.1, 32.31]","[10.16, 31.25, 31.64, 32.1, 32.31]","[2.308529519496372, 1.94554345512674, 1.9136715255391716, 1.910124967280242, 1.9078618476847082]","[9.950000000000001, 29.880000000000003, 30.599999999999998, 31.119999999999997, 31.44]","[2.308633587304421, 1.9715565931533618, 1.9451181338116035, 1.9436584979082812, 1.9429072693097431]"
