,ValAccDone,eta,lambda,trainAccDone,trainAccuracy,trainLoss,valAccuracy,valLoss
0,27.92,0.049821222763575486,0.0006199866488219573,"[9.99, 24.83, 27.12, 28.16, 28.74]","[9.99, 24.83, 27.12, 28.16, 28.74]","[2.3147715482414233, 2.0291881925759494, 1.982997384892601, 1.9700841903943405, 1.9635971460978958]","[10.100000000000001, 23.71, 25.929999999999996, 26.68, 27.310000000000002]","[2.3147584472427076, 2.0456601510995567, 2.002718447857124, 1.991353282731227, 1.9857547190245992]"
