,ValAccDone,eta,lambda,trainAccDone,trainAccuracy,trainLoss,valAccuracy,valLoss
0,36.1,0.5281317937245824,0.0007371304581247939,"[10.32, 30.98, 37.22, 36.43, 39.46]","[10.32, 30.98, 37.22, 36.43, 39.46]","[2.308423656143302, 2.0037651576598616, 1.9092231719821495, 1.8530167988247568, 1.8048587242007672]","[10.100000000000001, 29.349999999999998, 34.65, 33.68, 36.14]","[2.309812005464244, 2.0696158916031924, 1.9878841015994964, 1.9299619270431931, 1.8919126823719363]"
