,ValAccDone,eta,lambda,trainAccDone,trainAccuracy,trainLoss,valAccuracy,valLoss
0,35.54,0.47799135381335134,0.0015210085258991694,"[10.05, 27.779999999999998, 33.06, 33.589999999999996, 37.09]","[10.05, 27.779999999999998, 33.06, 33.589999999999996, 37.09]","[2.310846251814327, 2.041879875350357, 1.9584604593062398, 1.9288883038722358, 1.8812528644923567]","[9.84, 26.810000000000002, 31.61, 31.900000000000002, 34.74]","[2.3119695961076414, 2.0847067533033234, 2.0036262499977395, 1.971271557600782, 1.9305813586752505]"
