,ValAccDone,eta,lambda,trainAccDone,trainAccuracy,trainLoss,valAccuracy,valLoss
0,38.15,0.47920297911794685,0.0007266626440099633,"[10.25, 30.880000000000003, 35.4, 35.47, 39.190000000000005]","[10.25, 30.880000000000003, 35.4, 35.47, 39.190000000000005]","[2.3123889000773006, 1.9622221669720894, 1.8946143583349682, 1.873937111174647, 1.7918117902179853]","[9.87, 29.9, 33.17, 33.75, 36.059999999999995]","[2.313885922296028, 2.026545578179963, 1.9723016744570527, 1.9490816538904505, 1.8751873078758061]"
