,ValAccDone,eta,lambda,trainAccDone,trainAccuracy,trainLoss,valAccuracy,valLoss
0,35.29,0.47888755647375697,0.0015913723006566692,"[10.32, 27.61, 32.18, 33.29, 36.6]","[10.32, 27.61, 32.18, 33.29, 36.6]","[2.3138025808289644, 2.059576483163808, 1.9575039297114474, 1.9211382504991392, 1.8946501198080294]","[10.100000000000001, 26.529999999999998, 31.03, 32.11, 34.36]","[2.312124383066434, 2.1023596902448918, 2.004037937344874, 1.9629198526005531, 1.9408392059569024]"
