,ValAccDone,eta,lambda,trainAccDone,trainAccuracy,trainLoss,valAccuracy,valLoss
0,29.099999999999998,0.15662241227870913,0.0013817577248711813,"[10.32, 26.1, 28.13, 28.87, 29.470000000000002]","[10.32, 26.1, 28.13, 28.87, 29.470000000000002]","[2.310070711561596, 1.9846585959182408, 1.9658050726237661, 1.9594069618092718, 1.9551301701124844]","[10.100000000000001, 25.96, 27.52, 28.22, 28.799999999999997]","[2.309622533330201, 2.006307221072046, 1.9908591325450942, 1.9857976715789722, 1.9824215876512685]"
