,ValAccDone,eta,lambda,trainAccDone,trainAccuracy,trainLoss,valAccuracy,valLoss
0,29.160000000000004,0.16418771767971085,0.0013724477650461512,"[10.32, 27.05, 28.28, 28.88, 29.509999999999998]","[10.32, 27.05, 28.28, 28.88, 29.509999999999998]","[2.312956692964167, 1.9783470466935948, 1.9620770898045787, 1.9564372195355824, 1.9513110608064468]","[10.100000000000001, 26.44, 27.650000000000002, 28.27, 28.82]","[2.3133873129091898, 2.000851055102904, 1.9877896638553278, 1.9832866552355006, 1.9789061699945296]"
