,ValAccDone,eta,lambda,trainAccDone,trainAccuracy,trainLoss,valAccuracy,valLoss
0,35.13,0.598440003793518,0.0011736689620141967,"[10.32, 28.99, 33.2, 34.870000000000005, 37.91]","[10.32, 28.99, 33.2, 34.870000000000005, 37.91]","[2.3078403176240245, 2.055171862261788, 1.9995089734258693, 1.9245823259546644, 1.8725685020813965]","[10.100000000000001, 28.110000000000003, 31.39, 32.45, 35.339999999999996]","[2.3081998398718513, 2.117812690683489, 2.056082469520778, 1.9826016456301314, 1.9374511502228617]"
