,ValAccDone,eta,lambda,trainAccDone,trainAccuracy,trainLoss,valAccuracy,valLoss
0,38.89,0.2698335222319362,6.431441840707534e-05,"[9.370000000000001, 36.919999999999995, 40.46, 43.47, 45.96]","[9.370000000000001, 36.919999999999995, 40.46, 43.47, 45.96]","[2.313267101615167, 1.812040706024368, 1.7099326871033818, 1.6235708734349066, 1.5549857183066371]","[9.879999999999999, 35.099999999999994, 36.43, 37.44, 37.8]","[2.312398298419492, 1.8735469308800439, 1.825722623717825, 1.7993656073911342, 1.7896909147990334]"
