,ValAccDone,eta,lambda,trainAccDone,trainAccuracy,trainLoss,valAccuracy,valLoss
0,34.660000000000004,0.26580386408277684,0.0008112020975183409,"[9.74, 34.28, 34.489999999999995, 35.21, 36.120000000000005]","[9.74, 34.28, 34.489999999999995, 35.21, 36.120000000000005]","[2.3120105394817085, 1.9083056818101103, 1.880011368126654, 1.8465316240053966, 1.8259887085386426]","[10.07, 33.21, 33.18, 33.69, 34.31]","[2.312148423296974, 1.9464127871451857, 1.9236849950890058, 1.8954654716342092, 1.8804603841008778]"
