,ValAccDone,eta,lambda,trainAccDone,trainAccuracy,trainLoss,valAccuracy,valLoss
0,29.14,0.2309089069224239,0.0018943489594464458,"[9.99, 29.34, 28.720000000000002, 29.69, 29.770000000000003]","[9.99, 29.34, 28.720000000000002, 29.69, 29.770000000000003]","[2.3132213644857145, 2.0033096874407406, 1.9717559584750646, 1.9591405323964262, 1.9627554209345703]","[10.100000000000001, 27.96, 27.639999999999997, 28.78, 29.07]","[2.312935838342148, 2.0226119469823725, 1.9936645857040238, 1.9835986303253084, 1.988489125216101]"
