,ValAccDone,eta,lambda,trainAccDone,trainAccuracy,trainLoss,valAccuracy,valLoss
0,34.33,0.32889720990315907,0.0008960159087218406,"[10.25, 34.18, 34.61, 34.8, 36.78]","[10.25, 34.18, 34.61, 34.8, 36.78]","[2.3101539616815487, 1.9077042494292749, 1.8986373528455487, 1.8562826227263116, 1.8232388831153958]","[9.87, 32.9, 33.23, 33.379999999999995, 34.55]","[2.310220882019788, 1.954321116874116, 1.9478048476784526, 1.9085339683490763, 1.8806867589616638]"
