,ValAccDone,eta,lambda,trainAccDone,trainAccuracy,trainLoss,valAccuracy,valLoss
0,35.6,0.5022706316513341,0.0013552060933988887,"[10.16, 28.21, 33.39, 32.54, 36.730000000000004]","[10.16, 28.21, 33.39, 32.54, 36.730000000000004]","[2.3177440312567676, 2.0429088960482793, 1.9572806080732943, 1.9327101996346516, 1.8842479843023316]","[9.950000000000001, 26.61, 31.77, 31.56, 34.410000000000004]","[2.3181010708568013, 2.0957125793340454, 2.0066050543909197, 1.9771707096919207, 1.9353030711350667]"
