,ValAccDone,eta,lambda,trainAccDone,trainAccuracy,trainLoss,valAccuracy,valLoss
0,37.169999999999995,0.5040652851877538,0.0009597152794074147,"[10.32, 30.819999999999997, 34.93, 34.910000000000004, 38.31]","[10.32, 30.819999999999997, 34.93, 34.910000000000004, 38.31]","[2.3039362810861412, 1.9805557614553218, 1.9185980073354805, 1.897822765750375, 1.8276931862403594]","[10.100000000000001, 29.67, 33.57, 33.03, 35.6]","[2.3043531678165734, 2.0383571644529352, 1.9848888853151705, 1.954723129082523, 1.895593942464902]"
