,ValAccDone,eta,lambda,trainAccDone,trainAccuracy,trainLoss,valAccuracy,valLoss
0,32.84,0.18762725136503294,0.0008847477175238898,"[9.99, 31.900000000000002, 32.34, 33.12, 33.86]","[9.99, 31.900000000000002, 32.34, 33.12, 33.86]","[2.315244796325713, 1.9113728619722052, 1.8875420170679262, 1.8801461078211064, 1.8736838390248816]","[10.100000000000001, 31.080000000000002, 31.369999999999997, 31.8, 32.32]","[2.314690379455017, 1.9409699118485508, 1.9248515409456923, 1.9203428538360883, 1.9156538876716342]"
