,ValAccDone,eta,lambda,trainAccDone,trainAccuracy,trainLoss,valAccuracy,valLoss
0,35.96,0.503312145314456,0.0010797622387229901,"[9.81, 29.659999999999997, 32.379999999999995, 34.08, 37.5]","[9.81, 29.659999999999997, 32.379999999999995, 34.08, 37.5]","[2.317446975471608, 2.0076244518580726, 1.9636605028784495, 1.9074043445068625, 1.843950193557556]","[9.85, 28.23, 30.64, 32.43, 34.8]","[2.3173270306841234, 2.0632167521768467, 2.0189262265049153, 1.9623531193951695, 1.9079212524701237]"
