,ValAccDone,eta,lambda,trainAccDone,trainAccuracy,trainLoss,valAccuracy,valLoss
0,30.37,0.2019342937786403,0.0013914973797458444,"[10.05, 30.29, 29.849999999999998, 30.240000000000002, 30.53]","[10.05, 30.29, 29.849999999999998, 30.240000000000002, 30.53]","[2.3121260985218597, 1.964306245141912, 1.9375035570603316, 1.9360108393466704, 1.933874525497474]","[9.84, 29.709999999999997, 29.29, 29.299999999999997, 29.95]","[2.3131635133301756, 1.9868477154167656, 1.964597143184937, 1.9649753948656372, 1.9643566683490368]"
