,ValAccDone,eta,lambda,trainAccDone,trainAccuracy,trainLoss,valAccuracy,valLoss
0,35.49,0.16549527301935468,0.0004090602374901504,"[9.370000000000001, 31.56, 35.0, 36.71, 37.65]","[9.370000000000001, 31.56, 35.0, 36.71, 37.65]","[2.3154445872750484, 1.880476707619758, 1.8209181415244542, 1.7968253341248193, 1.7795693933536008]","[9.879999999999999, 30.94, 33.29, 34.32, 35.19]","[2.312631093925282, 1.919049979876465, 1.8786790155869317, 1.8654407337382506, 1.8544773248638073]"
