,ValAccDone,eta,lambda,trainAccDone,trainAccuracy,trainLoss,valAccuracy,valLoss
0,35.410000000000004,0.5603713272711129,0.0014457245750797705,"[10.01, 28.57, 32.98, 33.61, 36.47]","[10.01, 28.57, 32.98, 33.61, 36.47]","[2.3084587818455793, 2.042871207595398, 1.9645136430333587, 1.9260784512435072, 1.8936665465530922]","[10.26, 27.67, 31.39, 32.2, 34.410000000000004]","[2.30764474735294, 2.093821608298825, 2.0181838293127674, 1.9746796977739367, 1.948535109101436]"
