,ValAccDone,eta,lambda,trainAccDone,trainAccuracy,trainLoss,valAccuracy,valLoss
0,34.69,0.34590771169286505,0.0008926499224466654,"[9.74, 33.52, 34.94, 35.089999999999996, 36.97]","[9.74, 33.52, 34.94, 35.089999999999996, 36.97]","[2.310820679830574, 1.9284061225163969, 1.8866939844953083, 1.8586618379069457, 1.8234323144341413]","[10.07, 32.15, 33.09, 33.45, 35.25]","[2.310191609576732, 1.974875578099637, 1.9368873052225066, 1.9091649207790107, 1.8788624931255922]"
