,ValAccDone,eta,lambda,trainAccDone,trainAccuracy,trainLoss,valAccuracy,valLoss
0,28.93,0.08847765773405085,0.000885871722247326,"[9.74, 26.21, 28.060000000000002, 29.09, 29.630000000000003]","[9.74, 26.21, 28.060000000000002, 29.09, 29.630000000000003]","[2.312107242317612, 1.984847752388527, 1.9555038360970818, 1.9448743922583855, 1.940870544048031]","[10.07, 25.44, 27.310000000000002, 28.37, 28.78]","[2.3129630311195695, 2.0062979999474626, 1.9810296823820892, 1.9716526944965567, 1.9679753038936696]"
