,ValAccDone,eta,lambda,trainAccDone,trainAccuracy,trainLoss,valAccuracy,valLoss
0,15.02,0.007860592060604155,0.0007765800068344559,"[10.16, 14.04, 14.08, 14.719999999999999, 15.36]","[10.16, 14.04, 14.08, 14.719999999999999, 15.36]","[2.311332274875964, 2.2936062560975725, 2.288174640140504, 2.281792504210342, 2.276329265229215]","[9.950000000000001, 13.66, 13.73, 14.14, 14.75]","[2.313274163363226, 2.2952381406177444, 2.290118768485372, 2.284091464566627, 2.2789243489875486]"
