,ValAccDone,eta,lambda,trainAccDone,trainAccuracy,trainLoss,valAccuracy,valLoss
0,37.580000000000005,0.44935887312665534,0.0005048904641605264,"[10.299999999999999, 31.919999999999998, 37.66, 37.82, 39.2]","[10.299999999999999, 31.919999999999998, 37.66, 37.82, 39.2]","[2.309248479917864, 1.9280950549560465, 1.8543378996311501, 1.8133255270679958, 1.75751146445661]","[10.08, 30.680000000000003, 35.72, 34.839999999999996, 35.54]","[2.309063878184598, 2.000307757547236, 1.9386353301763242, 1.903296982018473, 1.864563105253294]"
