,ValAccDone,eta,lambda,trainAccDone,trainAccuracy,trainLoss,valAccuracy,valLoss
0,25.130000000000003,0.1215756487693291,0.001830789892761848,"[10.25, 25.34, 25.91, 25.83, 25.69]","[10.25, 25.34, 25.91, 25.83, 25.69]","[2.316521316403726, 2.0355652106867184, 2.0263184349094736, 2.0237810895318566, 2.0224192376399457]","[9.87, 24.36, 24.88, 24.89, 25.130000000000003]","[2.31684824444162, 2.052737029448213, 2.0449448536595733, 2.0428608003105353, 2.0418136410950347]"
