,ValAccDone,eta,lambda,trainAccDone,trainAccuracy,trainLoss,valAccuracy,valLoss
0,33.11,0.32757546395776993,0.0013949271864958205,"[10.25, 32.42, 31.669999999999998, 32.379999999999995, 35.339999999999996]","[10.25, 32.42, 31.669999999999998, 32.379999999999995, 35.339999999999996]","[2.309758775612361, 1.9625388202089884, 1.9399429572675697, 1.9067390246753746, 1.8840917801976365]","[9.87, 31.380000000000003, 30.869999999999997, 31.480000000000004, 33.7]","[2.3122314753931716, 1.9976325738234775, 1.9729341306725212, 1.9413599049456, 1.9235098911864834]"
