,ValAccDone,eta,lambda,trainAccDone,trainAccuracy,trainLoss,valAccuracy,valLoss
0,36.02,0.5850252711368653,0.0011254791893694598,"[9.74, 27.839999999999996, 33.83, 35.44, 37.15]","[9.74, 27.839999999999996, 33.83, 35.44, 37.15]","[2.313999114488245, 2.0597777016908823, 1.9667881870826958, 1.8918849730769252, 1.8729040405692536]","[10.07, 26.63, 32.12, 33.660000000000004, 35.05]","[2.3123258627359906, 2.1129323802650157, 2.0212806919281237, 1.9491511139837063, 1.9384607653037456]"
