,ValAccDone,eta,lambda,trainAccDone,trainAccuracy,trainLoss,valAccuracy,valLoss
0,35.36,0.31889839896983524,0.0009040859001638986,"[10.05, 33.25, 34.150000000000006, 35.32, 36.68]","[10.05, 33.25, 34.150000000000006, 35.32, 36.68]","[2.308903620369498, 1.9232617028201933, 1.9056087348219692, 1.865736083506648, 1.829000835475674]","[9.84, 32.129999999999995, 32.629999999999995, 33.21, 34.78]","[2.3093948414005547, 1.9671274710520494, 1.9525281008444049, 1.914882264243371, 1.8840367027168077]"
