,ValAccDone,eta,lambda,trainAccDone,trainAccuracy,trainLoss,valAccuracy,valLoss
0,37.269999999999996,0.5529322546733713,0.0005047427229528623,"[10.16, 31.77, 36.83, 38.279999999999994, 41.06]","[10.16, 31.77, 36.83, 38.279999999999994, 41.06]","[2.306339664118094, 1.9679409114706365, 1.8890062479500365, 1.812072039630682, 1.7595972427368654]","[9.950000000000001, 30.7, 33.93, 35.010000000000005, 36.230000000000004]","[2.308256314712444, 2.047835375800456, 1.987255443927046, 1.9120633230709168, 1.8743914619456836]"
