,ValAccDone,eta,lambda,trainAccDone,trainAccuracy,trainLoss,valAccuracy,valLoss
0,36.809999999999995,0.43591283603628084,0.0003384347506204911,"[10.01, 32.92, 37.61, 38.25, 40.510000000000005]","[10.01, 32.92, 37.61, 38.25, 40.510000000000005]","[2.324734598680409, 1.9253914799741698, 1.7992666246926716, 1.7891319829008203, 1.7222589052824993]","[10.26, 30.44, 35.05, 34.260000000000005, 35.82]","[2.3225722548426706, 2.0012857959894976, 1.9011216691446151, 1.9068268374428556, 1.860757617051974]"
