,ValAccDone,eta,lambda,trainAccDone,trainAccuracy,trainLoss,valAccuracy,valLoss
0,32.98,0.4086962380766092,0.0019875454540883414,"[9.99, 28.53, 30.709999999999997, 31.11, 34.14]","[9.99, 28.53, 30.709999999999997, 31.11, 34.14]","[2.3136657642079634, 2.066636376404972, 1.9832120955087098, 1.9459773535156275, 1.923194850340439]","[10.100000000000001, 27.35, 29.39, 30.36, 32.769999999999996]","[2.3111261963520264, 2.1011059975183364, 2.012840845875103, 1.9752209083311423, 1.9576499869018298]"
