,ValAccDone,eta,lambda,trainAccDone,trainAccuracy,trainLoss,valAccuracy,valLoss
0,24.37,0.10484194325160195,0.00179724764676547,"[10.16, 24.95, 25.1, 24.98, 25.009999999999998]","[10.16, 24.95, 25.1, 24.98, 25.009999999999998]","[2.312569328666743, 2.0470487054223394, 2.0406878747832384, 2.0391154992499727, 2.038194083887305]","[9.950000000000001, 24.16, 24.44, 24.51, 24.45]","[2.313419014991505, 2.063274122595865, 2.057875963196049, 2.056515429071066, 2.0556546718773956]"
