,ValAccDone,eta,lambda,trainAccDone,trainAccuracy,trainLoss,valAccuracy,valLoss
0,32.519999999999996,0.31363627997208154,0.001540409173307924,"[10.05, 33.23, 30.570000000000004, 31.490000000000002, 34.43]","[10.05, 33.23, 30.570000000000004, 31.490000000000002, 34.43]","[2.3155371903694384, 1.960124454030313, 1.9621656504045089, 1.9231842901882137, 1.9015360521824745]","[9.84, 32.06, 29.59, 30.28, 33.36]","[2.3144293377471756, 1.9922611456290018, 1.9912321790225178, 1.954791217830763, 1.9371859911520468]"
