,ValAccDone,eta,lambda,trainAccDone,trainAccuracy,trainLoss,valAccuracy,valLoss
0,34.339999999999996,0.43814954073642737,0.0017156780850853853,"[10.01, 28.610000000000003, 32.87, 32.47, 34.8]","[10.01, 28.610000000000003, 32.87, 32.47, 34.8]","[2.320093728387528, 2.058262185877279, 1.964326198978731, 1.932851619294571, 1.9095219807180719]","[10.26, 27.150000000000002, 31.14, 31.5, 33.019999999999996]","[2.321137463639679, 2.0975208705068416, 2.00223159900903, 1.9669981743037936, 1.9498517059211444]"
