,ValAccDone,eta,lambda,trainAccDone,trainAccuracy,trainLoss,valAccuracy,valLoss
0,37.04,0.39383345556714283,0.00039002802461115236,"[10.32, 33.019999999999996, 37.86, 39.269999999999996, 40.01]","[10.32, 33.019999999999996, 37.86, 39.269999999999996, 40.01]","[2.3084444236362134, 1.926120422619353, 1.8137470030908678, 1.7736424416861583, 1.72926680531769]","[10.100000000000001, 30.990000000000002, 35.04, 35.39, 36.3]","[2.308839944214072, 1.9942963140348484, 1.9087643926623716, 1.8808088392835818, 1.8466717625497662]"
