,ValAccDone,eta,lambda,trainAccDone,trainAccuracy,trainLoss,valAccuracy,valLoss
0,37.64,0.45629630360081286,0.0003804297572963907,"[9.81, 33.019999999999996, 36.35, 38.440000000000005, 42.120000000000005]","[9.81, 33.019999999999996, 36.35, 38.440000000000005, 42.120000000000005]","[2.3153515478270768, 1.8957625235571662, 1.8417483826333505, 1.773855843994783, 1.7001227111054151]","[9.85, 31.52, 33.92, 34.71, 36.71]","[2.31603477723321, 1.96845515506661, 1.9450273967951428, 1.8837066995342135, 1.8334088350169704]"
