,ValAccDone,eta,lambda,trainAccDone,trainAccuracy,trainLoss,valAccuracy,valLoss
0,36.25,0.5665001161486919,0.0006668081797504946,"[10.01, 30.509999999999998, 36.14, 36.870000000000005, 38.89]","[10.01, 30.509999999999998, 36.14, 36.870000000000005, 38.89]","[2.3081432242349806, 2.0410377924640755, 1.9248110641306526, 1.8704572377538147, 1.8274189267746528]","[10.26, 29.37, 34.17, 33.87, 35.69]","[2.308561702338645, 2.112820368310605, 2.0047366145673493, 1.9595845149443825, 1.9189167098093411]"
