,ValAccDone,eta,lambda,trainAccDone,trainAccuracy,trainLoss,valAccuracy,valLoss
0,36.1,0.5487944624755191,0.0011995170657795777,"[10.32, 28.38, 34.92, 36.370000000000005, 37.330000000000005]","[10.32, 28.38, 34.92, 36.370000000000005, 37.330000000000005]","[2.308363279051939, 2.0677697272844475, 1.9446609644424842, 1.8710458965629722, 1.8663898776606642]","[10.100000000000001, 27.11, 33.660000000000004, 34.72, 34.8]","[2.3079747790359013, 2.118312772961961, 1.997062163173508, 1.9225613886389454, 1.9250640972040987]"
