,ValAccDone,eta,lambda,trainAccDone,trainAccuracy,trainLoss,valAccuracy,valLoss
0,37.41,0.4496272256744343,0.0009202894501307399,"[10.05, 29.68, 35.11, 35.31, 37.99]","[10.05, 29.68, 35.11, 35.31, 37.99]","[2.3206697521890045, 2.0243849550598974, 1.9083905992549988, 1.8716958110767725, 1.818461844869329]","[9.84, 28.27, 33.37, 33.32, 35.39]","[2.3195413384845907, 2.0796346789920572, 1.9683673450731138, 1.933105421393414, 1.8849372861364464]"
