,ValAccDone,eta,lambda,trainAccDone,trainAccuracy,trainLoss,valAccuracy,valLoss
0,31.669999999999998,0.2765815917157146,0.0014970574010760773,"[9.74, 33.42, 30.73, 31.3, 33.15]","[9.74, 33.42, 30.73, 31.3, 33.15]","[2.31827142165002, 1.9541731009118943, 1.9548413360536012, 1.9168620101591356, 1.9087232383351174]","[10.07, 32.1, 29.2, 30.34, 32.17]","[2.318085570315817, 1.983476086363776, 1.983736574085151, 1.9491370420303569, 1.9432925394926868]"
