,ValAccDone,eta,lambda,trainAccDone,trainAccuracy,trainLoss,valAccuracy,valLoss
0,32.31,0.30794324524270283,0.0016241962757118891,"[10.32, 33.040000000000006, 30.020000000000003, 31.16, 33.83]","[10.32, 33.040000000000006, 30.020000000000003, 31.16, 33.83]","[2.310236748574815, 1.9593287587098194, 1.9694502259454933, 1.9271969024406412, 1.9100646791228135]","[10.100000000000001, 32.01, 28.78, 30.14, 33.050000000000004]","[2.3106619763216156, 1.9898279320486896, 1.9963184575717623, 1.9577871510190137, 1.9442549994737612]"
