,ValAccDone,eta,lambda,trainAccDone,trainAccuracy,trainLoss,valAccuracy,valLoss
0,29.2,0.07791496791920972,0.0008355393113364729,"[10.16, 26.479999999999997, 28.65, 29.39, 29.92]","[10.16, 26.479999999999997, 28.65, 29.39, 29.92]","[2.3180924076344454, 1.9878895205410183, 1.9594882565211806, 1.9489473763746503, 1.9446211673876135]","[9.950000000000001, 25.77, 27.35, 28.360000000000003, 28.88]","[2.3194293119942015, 2.008216942244343, 1.983377090196238, 1.9742673684620424, 1.9703705977759316]"
