,ValAccDone,eta,lambda,trainAccDone,trainAccuracy,trainLoss,valAccuracy,valLoss
0,28.95,0.18956709383517242,0.0016439865288778045,"[9.370000000000001, 28.249999999999996, 28.499999999999996, 28.38, 29.160000000000004]","[9.370000000000001, 28.249999999999996, 28.499999999999996, 28.38, 29.160000000000004]","[2.325248402180843, 1.9770581023281615, 1.9664326548296895, 1.9670471683503905, 1.963947859316657]","[9.879999999999999, 27.21, 27.91, 28.07, 28.599999999999998]","[2.3229872252227226, 1.9980489135753976, 1.9902378896609232, 1.9918398144278875, 1.9895619551359613]"
