,ValAccDone,eta,lambda,trainAccDone,trainAccuracy,trainLoss,valAccuracy,valLoss
0,31.64,0.27476216693605554,0.0015030977762009977,"[9.370000000000001, 32.82, 30.39, 31.69, 33.35]","[9.370000000000001, 32.82, 30.39, 31.69, 33.35]","[2.313807107405475, 1.9586745412439497, 1.958684992830738, 1.919248504024328, 1.9119183312441863]","[9.879999999999999, 31.669999999999998, 29.39, 30.59, 32.05]","[2.314132646343016, 1.985758463125811, 1.9857743182717236, 1.9498334722778758, 1.9454150913288981]"
