,ValAccDone,eta,lambda,trainAccDone,trainAccuracy,trainLoss,valAccuracy,valLoss
0,28.64,0.18657478926333307,0.0016424251681602703,"[9.370000000000001, 28.12, 28.17, 28.18, 28.98]","[9.370000000000001, 28.12, 28.17, 28.18, 28.98]","[2.312588037934991, 1.979573686366458, 1.9690396599975435, 1.9692855937659142, 1.9657708893772508]","[9.879999999999999, 27.150000000000002, 27.58, 27.87, 28.48]","[2.311763207651923, 2.0000834794478286, 1.9924159743837695, 1.9938891052094065, 1.9913322678095702]"
