,ValAccDone,eta,lambda,trainAccDone,trainAccuracy,trainLoss,valAccuracy,valLoss
0,36.58,0.5533622855978231,0.0002751069618318838,"[9.74, 31.419999999999998, 35.91, 41.46, 41.660000000000004]","[9.74, 31.419999999999998, 35.91, 41.46, 41.660000000000004]","[2.315719105283248, 1.9831748362598884, 1.8882245347199007, 1.7655584522578083, 1.7402825911787076]","[10.07, 30.12, 32.93, 37.08, 36.8]","[2.3135901370342715, 2.0685156932225324, 2.012648662929091, 1.9109909425787088, 1.8999509778664843]"
