,ValAccDone,eta,lambda,trainAccDone,trainAccuracy,trainLoss,valAccuracy,valLoss
0,33.81,0.3105688074377293,0.0012082603791730227,"[9.370000000000001, 33.44, 31.680000000000003, 32.769999999999996, 35.510000000000005]","[9.370000000000001, 33.44, 31.680000000000003, 32.769999999999996, 35.510000000000005]","[2.311366772521874, 1.9329006382020135, 1.9340824306961872, 1.8922137649831583, 1.8651500125164313]","[9.879999999999999, 32.550000000000004, 30.490000000000002, 32.04, 34.07]","[2.3125371966927655, 1.969194400451242, 1.9702532959716257, 1.931460759235805, 1.9088888763268546]"
