,ValAccDone,eta,lambda,trainAccDone,trainAccuracy,trainLoss,valAccuracy,valLoss
0,26.919999999999998,0.07714134058052402,0.0010838204702527396,"[10.299999999999999, 25.580000000000002, 26.86, 27.310000000000002, 27.779999999999998]","[10.299999999999999, 25.580000000000002, 26.86, 27.310000000000002, 27.779999999999998]","[2.310263949032569, 2.016016930676746, 1.9976741879824, 1.9920173840650355, 1.9892897974931114]","[10.08, 24.85, 25.919999999999998, 26.479999999999997, 26.63]","[2.3120826553484846, 2.033584913334783, 2.017008082137192, 2.0121388296021356, 2.0097211675738724]"
