,ValAccDone,eta,lambda,trainAccDone,trainAccuracy,trainLoss,valAccuracy,valLoss
0,26.179999999999996,0.1450660359114117,0.0017296185308366548,"[10.05, 24.48, 25.86, 26.119999999999997, 26.51]","[10.05, 24.48, 25.86, 26.119999999999997, 26.51]","[2.313068992063538, 2.019179494413146, 2.0049475660742093, 1.9996092739679805, 1.9960993127678242]","[9.84, 24.62, 25.34, 25.52, 25.919999999999998]","[2.314182187734976, 2.037144368319939, 2.025855821913458, 2.021302316082256, 2.0183187860101093]"
