,ValAccDone,eta,lambda,trainAccDone,trainAccuracy,trainLoss,valAccuracy,valLoss
0,36.11,0.1862681822807967,0.0004346288660853505,"[9.99, 32.97, 36.120000000000005, 36.61, 37.92]","[9.99, 32.97, 36.120000000000005, 36.61, 37.92]","[2.3111946442801115, 1.8623411289054794, 1.8119792430247934, 1.796565242734341, 1.7801974931132418]","[10.100000000000001, 31.97, 34.17, 34.35, 35.480000000000004]","[2.309333522583378, 1.901980200282982, 1.8698856227908827, 1.8645471865406154, 1.8545040991091277]"
