,ValAccDone,eta,lambda,trainAccDone,trainAccuracy,trainLoss,valAccuracy,valLoss
0,30.959999999999997,0.11929271982645054,0.0007917553024365379,"[9.73, 27.97, 30.759999999999998, 31.430000000000003, 32.05]","[9.73, 27.97, 30.759999999999998, 31.430000000000003, 32.05]","[2.313634240388452, 1.9481603088067594, 1.9128619654485284, 1.9035732261911875, 1.8982852935208603]","[9.6, 27.060000000000002, 29.89, 30.320000000000004, 30.69]","[2.3128911956194216, 1.975428365684188, 1.9470828091532808, 1.9399142644872998, 1.9357698684480387]"
