,ValAccDone,eta,lambda,trainAccDone,trainAccuracy,trainLoss,valAccuracy,valLoss
0,28.410000000000004,0.18260988097383254,0.001715018155858203,"[10.25, 26.950000000000003, 27.400000000000002, 27.74, 28.549999999999997]","[10.25, 26.950000000000003, 27.400000000000002, 27.74, 28.549999999999997]","[2.307603185421086, 1.9895237329979687, 1.979422248971166, 1.9784272254716924, 1.9750470506607112]","[9.87, 26.25, 26.840000000000003, 27.200000000000003, 27.950000000000003]","[2.308882845859294, 2.009434729697075, 2.0015203680929563, 2.001646037019413, 1.9991585877868208]"
