,ValAccDone,eta,lambda,trainAccDone,trainAccuracy,trainLoss,valAccuracy,valLoss
0,23.35,0.0520050520037388,0.0011311104251715597,"[10.299999999999999, 23.169999999999998, 23.95, 23.96, 24.02]","[10.299999999999999, 23.169999999999998, 23.95, 23.96, 24.02]","[2.313758415270207, 2.0770821056101423, 2.0570503372232993, 2.0532955730809395, 2.0519818684055955]","[10.08, 22.48, 23.3, 23.23, 23.28]","[2.315862287149047, 2.0899337627725045, 2.0709313222255976, 2.067395973434744, 2.0661779730399625]"
