,ValAccDone,eta,lambda,trainAccDone,trainAccuracy,trainLoss,valAccuracy,valLoss
0,31.71,0.2723749207362191,0.00137790892734282,"[10.16, 33.29, 30.930000000000003, 31.730000000000004, 33.28]","[10.16, 33.29, 30.930000000000003, 31.730000000000004, 33.28]","[2.3142205144914785, 1.9478123368613809, 1.9457949574268083, 1.909211741677466, 1.9029694811347666]","[9.950000000000001, 32.05, 29.630000000000003, 30.72, 32.05]","[2.3137968271361613, 1.976421258333924, 1.9752062940672648, 1.9418236459441727, 1.9378426524183892]"
