,ValAccDone,eta,lambda,trainAccDone,trainAccuracy,trainLoss,valAccuracy,valLoss
0,34.22,0.5512515806027689,0.0016848679950576039,"[9.370000000000001, 27.47, 32.56, 34.32, 34.36]","[9.370000000000001, 27.47, 32.56, 34.32, 34.36]","[2.3159803355976196, 2.0864653274121205, 1.9885132987151863, 1.9389682891083473, 1.934831173239681]","[9.879999999999999, 26.38, 31.05, 32.76, 32.66]","[2.3149889541872004, 2.132310660734918, 2.0308151932075886, 1.984700075296144, 1.9770312575208353]"
