,ValAccDone,eta,lambda,trainAccDone,trainAccuracy,trainLoss,valAccuracy,valLoss
0,40.77,0.04731662605574151,0.00023277202719765045,"[11.75, 37.88, 43.24, 44.529999999999994, 46.050000000000004, 46.989999999999995, 47.010000000000005, 47.99, 48.54, 48.43, 49.29, 49.730000000000004, 50.01, 49.93, 50.529999999999994, 50.13999999999999, 50.480000000000004, 50.349999999999994, 50.519999999999996, 50.74999999999999]","[11.75, 37.88, 43.24, 44.529999999999994, 46.050000000000004, 46.989999999999995, 47.010000000000005, 47.99, 48.54, 48.43, 49.29, 49.730000000000004, 50.01, 49.93, 50.529999999999994, 50.13999999999999, 50.480000000000004, 50.349999999999994, 50.519999999999996, 50.74999999999999]","[2.3027856298366243, 1.7430835040006052, 1.6229586699626364, 1.5809712844254982, 1.5421355188496135, 1.52058048811642, 1.5145532991386006, 1.4872196815431047, 1.4791852204859042, 1.4740456647436337, 1.4678179971393297, 1.457938761584844, 1.4523023214766129, 1.456426740066321, 1.449249256629917, 1.456501041674449, 1.454915889847345, 1.4421597473143457, 1.44286684667517, 1.4364908600735493]","[11.81, 35.94, 38.87, 39.37, 39.68, 40.07, 40.300000000000004, 40.52, 40.04, 40.300000000000004, 40.57, 40.63, 40.550000000000004, 40.75, 40.96, 40.48, 40.52, 40.79, 41.29, 40.949999999999996]","[2.3027763968674444, 1.803224769925336, 1.7304399906246002, 1.7158584810529636, 1.69996316424407, 1.6962585672371402, 1.6977540564967089, 1.6816765941701504, 1.6811465895937634, 1.6793308403385334, 1.6773369362474344, 1.6734475350273568, 1.6698020716108535, 1.67552808979448, 1.6695632483701772, 1.6821707803633483, 1.6780506613853943, 1.670092183060793, 1.6705885863175867, 1.6639066520335273]"
