,ValAccDone,eta,lambda,trainAccDone,trainAccuracy,trainLoss,valAccuracy,valLoss
0,38.379999999999995,0.0330686834679486,0.0005491129522022133,"[9.49, 35.02, 38.940000000000005, 40.11, 40.69, 41.19, 41.28, 41.370000000000005, 41.199999999999996, 41.21]","[9.49, 35.02, 38.940000000000005, 40.11, 40.69, 41.19, 41.28, 41.370000000000005, 41.199999999999996, 41.21]","[2.303062701286584, 1.8314826570200757, 1.7468342146890241, 1.717418032131279, 1.7040103194114489, 1.6940777185193092, 1.6890306374175346, 1.6865916053123642, 1.6853351791649833, 1.6847167238041025]","[9.48, 34.06, 36.8, 37.61, 38.11, 38.24, 38.550000000000004, 38.6, 38.47, 38.35]","[2.3030777607352686, 1.8655902423280595, 1.8007803790606935, 1.7796582134043801, 1.7696010253742729, 1.762273105059774, 1.7588306411757595, 1.7572588311102264, 1.7568524280965683, 1.7560769226571853]"
