,ValAccDone,eta,lambda,trainAccDone,trainAccuracy,trainLoss,valAccuracy,valLoss
0,42.870000000000005,0.035747260121952264,9.351147849478375e-05,"[9.39, 37.980000000000004, 43.11, 46.96, 48.5, 50.339999999999996, 51.59, 53.12, 53.36, 54.14]","[9.39, 37.980000000000004, 43.11, 46.96, 48.5, 50.339999999999996, 51.59, 53.12, 53.36, 54.14]","[2.3026735009094783, 1.7519618373146004, 1.6156209285998817, 1.5277167459130285, 1.4723105555974598, 1.42911604294048, 1.3972526863744517, 1.3560366534703747, 1.33797663415264, 1.317610956287891]","[9.17, 35.94, 39.46, 41.18, 41.589999999999996, 42.16, 42.36, 42.71, 42.91, 43.04]","[2.302704005035518, 1.8038224522816788, 1.7181899868750172, 1.676721848259373, 1.6602901340472285, 1.6489550460447502, 1.646033451895149, 1.6335340457624827, 1.637368994241102, 1.639533297457412]"
