,ValAccDone,eta,lambda,trainAccDone,trainAccuracy,trainLoss,valAccuracy,valLoss
0,42.49,0.030403751415270054,6.175417037405215e-05,"[7.82, 37.18, 42.47, 45.76, 48.33, 50.11, 51.32, 52.559999999999995, 54.14, 54.96]","[7.82, 37.18, 42.47, 45.76, 48.33, 50.11, 51.32, 52.559999999999995, 54.14, 54.96]","[2.302808228917682, 1.7707569254895617, 1.6229544989428546, 1.5370876190412694, 1.4695553348747865, 1.419631790803981, 1.3831527657062497, 1.353737211894431, 1.3201712925831723, 1.2936922987584758]","[8.36, 35.69, 39.160000000000004, 41.099999999999994, 42.01, 42.3, 42.38, 42.230000000000004, 42.54, 42.27]","[2.302795234256985, 1.8179229891366342, 1.7239747428946757, 1.684499472693191, 1.6584059013302381, 1.6500344681394468, 1.65030928023809, 1.6553376545125633, 1.6530021582593202, 1.655874790674302]"
