,ValAccDone,eta,lambda,trainAccDone,trainAccuracy,trainLoss,valAccuracy,valLoss
0,40.2,0.04608811321652395,0.0003478639387711629,"[9.75, 36.25, 41.29, 43.78, 44.91, 45.17, 45.83, 45.78, 46.42, 46.089999999999996]","[9.75, 36.25, 41.29, 43.78, 44.91, 45.17, 45.83, 45.78, 46.42, 46.089999999999996]","[2.3028699746653234, 1.7637755453098332, 1.663808440503804, 1.6134160573977838, 1.5915176591301796, 1.5782692463208037, 1.5633692261851972, 1.5561446834821286, 1.550429743791671, 1.5521142765967608]","[9.58, 34.62, 38.15, 39.25, 39.64, 39.64, 40.400000000000006, 40.489999999999995, 40.28, 40.42]","[2.3028953516122055, 1.8147966387503474, 1.7471361346596614, 1.7193598594237742, 1.7083222824870827, 1.7031861117177105, 1.6952617831851382, 1.6909125976208121, 1.687702076972644, 1.6904839433567425]"
