,ValAccDone,eta,lambda,trainAccDone,trainAccuracy,trainLoss,valAccuracy,valLoss
0,42.5,0.034384235022263065,0.0002539607723335695,"[10.89, 37.6, 42.15, 44.47, 45.53, 46.5, 47.12, 47.46, 48.010000000000005, 48.02]","[10.89, 37.6, 42.15, 44.47, 45.53, 46.5, 47.12, 47.46, 48.010000000000005, 48.02]","[2.3026737981001686, 1.7691059909729294, 1.6565774393674957, 1.600075761673864, 1.5676754380007512, 1.5415901510546877, 1.5251556551593637, 1.5128807053733675, 1.502045483719342, 1.4973826336880665]","[10.879999999999999, 36.01, 38.75, 40.38, 41.0, 41.25, 41.48, 41.78, 42.13, 42.13]","[2.302669706902432, 1.8173115822186758, 1.7400436747438193, 1.7044149273831781, 1.687028039038217, 1.6722809591740277, 1.6633432104019352, 1.6576898714244535, 1.6513838544272736, 1.6486257370547268]"
