,ValAccDone,eta,lambda,trainAccDone,trainAccuracy,trainLoss,valAccuracy,valLoss
0,36.370000000000005,0.027109638903817193,0.0006620213679735902,"[10.23, 33.87, 37.35, 38.4, 38.67, 38.82, 38.800000000000004, 38.98, 38.92, 38.81]","[10.23, 33.87, 37.35, 38.4, 38.67, 38.82, 38.800000000000004, 38.98, 38.92, 38.81]","[2.3032059429241247, 1.8793268686242501, 1.8060210257765261, 1.7804273679198412, 1.7708756642036265, 1.7646743992455824, 1.7616413222492946, 1.7603563690156552, 1.7590720231077148, 1.7588248607665773]","[10.36, 32.49, 35.38, 36.38, 36.71, 36.86, 36.75, 36.370000000000005, 36.620000000000005, 36.49]","[2.303153085869368, 1.9070096364582763, 1.8447950843515868, 1.8248319809491311, 1.8177884638623096, 1.812995359642, 1.8109159275946758, 1.8101718219278453, 1.8087392304375403, 1.80833208033611]"
