,ValAccDone,eta,lambda,trainAccDone,trainAccuracy,trainLoss,valAccuracy,valLoss
0,36.49,0.015571280113473614,0.0004738868311653816,"[11.17, 30.509999999999998, 34.97, 36.870000000000005, 37.669999999999995, 37.940000000000005, 38.32, 38.34, 38.41, 38.46]","[11.17, 30.509999999999998, 34.97, 36.870000000000005, 37.669999999999995, 37.940000000000005, 38.32, 38.34, 38.41, 38.46]","[2.3029158233885183, 1.9676939154479016, 1.8751408599838408, 1.8365910930213747, 1.8182684974466308, 1.8078130646252983, 1.8007794857132322, 1.7963978227858042, 1.7936730259875848, 1.7912205365083513]","[11.06, 28.84, 33.45, 35.08, 35.72, 36.13, 36.22, 36.36, 36.47, 36.47]","[2.302945286066895, 1.9890382206924175, 1.9021613995700177, 1.8687900489040914, 1.8535129786694464, 1.844987260402894, 1.8391761019311943, 1.8356328703977207, 1.8331741040625014, 1.8311635529969037]"
