,ValAccDone,eta,lambda,trainAccDone,trainAccuracy,trainLoss,valAccuracy,valLoss
0,41.5,0.04397487161024783,6.763657056294089e-05,"[8.82, 37.05, 43.669999999999995, 47.39, 50.18, 50.8, 52.53, 53.949999999999996, 55.50000000000001, 56.48]","[8.82, 37.05, 43.669999999999995, 47.39, 50.18, 50.8, 52.53, 53.949999999999996, 55.50000000000001, 56.48]","[2.302661488717761, 1.7432135793752515, 1.586057742926244, 1.4991725358054444, 1.4350774592238449, 1.4018253793805617, 1.355776406447471, 1.3191772878186014, 1.283955710359484, 1.2595686535010437]","[8.88, 34.89, 39.300000000000004, 40.19, 40.45, 40.48, 40.58, 40.96, 41.5, 41.260000000000005]","[2.3026365558823474, 1.8042991316456476, 1.7068874964538212, 1.6791383420163992, 1.6665561591019171, 1.681706493300128, 1.6820582534058481, 1.6916869436192667, 1.6970250461096468, 1.7113061179913651]"
