,ValAccDone,eta,lambda,trainAccDone,trainAccuracy,trainLoss,valAccuracy,valLoss
0,40.47,0.020144197650897176,0.00029072171337657566,"[11.33, 33.879999999999995, 38.43, 40.81, 42.53, 43.44, 43.8, 44.13, 44.28, 44.58]","[11.33, 33.879999999999995, 38.43, 40.81, 42.53, 43.44, 43.8, 44.13, 44.28, 44.58]","[2.302878948522321, 1.8851211091630966, 1.7641428021415326, 1.708421877618588, 1.6765588182346887, 1.6578112859798018, 1.6437968466259278, 1.6356019918010767, 1.6289546703399005, 1.623938546494528]","[11.459999999999999, 32.37, 36.480000000000004, 37.74, 38.690000000000005, 39.37, 39.85, 40.050000000000004, 40.17, 40.38]","[2.3028802303926086, 1.9152117321854818, 1.8112835084204004, 1.7696223084017928, 1.7476061036976867, 1.734875629162864, 1.724961156544702, 1.719487755236619, 1.7146279001916847, 1.710905004242054]"
