,ValAccDone,eta,lambda,trainAccDone,trainAccuracy,trainLoss,valAccuracy,valLoss
0,38.25,0.04464357817678753,0.0006185322715275953,"[9.92, 35.980000000000004, 38.73, 40.03, 40.699999999999996, 41.010000000000005, 41.17, 41.620000000000005, 41.86, 41.82]","[9.92, 35.980000000000004, 38.73, 40.03, 40.699999999999996, 41.010000000000005, 41.17, 41.620000000000005, 41.86, 41.82]","[2.3032275285236956, 1.7967056663473853, 1.7297799752579512, 1.7028339074590972, 1.6875937217832417, 1.6839782305990247, 1.681804854096621, 1.6778438888930238, 1.6756774115417712, 1.6748633817613119]","[9.5, 34.489999999999995, 36.64, 37.43, 37.66, 37.82, 38.06, 38.46, 38.4, 38.31]","[2.303214420079907, 1.8400668593955114, 1.7907941590696161, 1.7717193919859373, 1.7614092035526066, 1.7592203435927105, 1.7578885047747739, 1.7559434446353246, 1.7547202532791843, 1.7543292393599657]"
