,ValAccDone,eta,lambda,trainAccDone,trainAccuracy,trainLoss,valAccuracy,valLoss
0,37.76,0.025218444683973096,0.0005551749518430672,"[10.32, 33.61, 37.81, 39.23, 39.79, 40.18, 40.26, 40.53, 40.46, 40.46]","[10.32, 33.61, 37.81, 39.23, 39.79, 40.18, 40.26, 40.53, 40.46, 40.46]","[2.302885951635688, 1.8847642504551119, 1.7946144727930018, 1.7625195062353771, 1.7474339454753782, 1.739202374945552, 1.7338017561583727, 1.7306957009469446, 1.7292792915845652, 1.7276294866334292]","[10.66, 32.05, 36.05, 37.16, 37.519999999999996, 37.65, 37.66, 37.769999999999996, 37.830000000000005, 37.82]","[2.3028693773108557, 1.911627351830907, 1.8333356074297642, 1.8083817558721635, 1.7970153209952797, 1.7914578507188446, 1.7875798372725273, 1.784861228057374, 1.7840766462517152, 1.7831235610154248]"
