,ValAccDone,eta,lambda,trainAccDone,trainAccuracy,trainLoss,valAccuracy,valLoss
0,37.730000000000004,0.018083453197926307,0.00042092098350918303,"[9.959999999999999, 31.919999999999998, 36.309999999999995, 38.04, 39.35, 39.94, 40.2, 40.42, 40.43, 40.47]","[9.959999999999999, 31.919999999999998, 36.309999999999995, 38.04, 39.35, 39.94, 40.2, 40.42, 40.43, 40.47]","[2.3029724539845176, 1.9323789758826693, 1.8347120090960363, 1.7926502832504727, 1.769166420374239, 1.7559842329372466, 1.747557035233271, 1.7415025280354324, 1.7372235780996068, 1.7344746619105418]","[9.76, 29.99, 34.599999999999994, 35.79, 36.730000000000004, 37.09, 37.35, 37.39, 37.47, 37.79]","[2.3029900051737124, 1.9568019082345913, 1.8674434468575853, 1.8323434279396345, 1.8139456290494127, 1.8039392783019852, 1.7974931425066993, 1.7927419375905926, 1.7896705032437226, 1.7874982693167345]"
