,ValAccDone,eta,lambda,trainAccDone,trainAccuracy,trainLoss,valAccuracy,valLoss
0,42.15,0.028464228331753015,0.0002452792581940347,"[11.19, 36.4, 41.69, 43.86, 45.18, 45.59, 46.39, 46.94, 47.04, 47.38]","[11.19, 36.4, 41.69, 43.86, 45.18, 45.59, 46.39, 46.94, 47.04, 47.38]","[2.302658206632394, 1.807375252595669, 1.6856526937882321, 1.62717946796035, 1.591203547322695, 1.5726863167526546, 1.5539477215557285, 1.5421224570456722, 1.5369983891508308, 1.5276372142443226]","[12.13, 34.96, 38.65, 39.69, 40.64, 41.19, 41.74, 42.13, 42.04, 42.4]","[2.302630000622417, 1.8467019285493527, 1.755633946815098, 1.719212865213804, 1.697225776575971, 1.6865626437850223, 1.6751321495447833, 1.6684485095821666, 1.6661524923690638, 1.6598139848255575]"
