,ValAccDone,eta,lambda,trainAccDone,trainAccuracy,trainLoss,valAccuracy,valLoss
0,42.04,0.031405855903191594,0.0002933290723229684,"[10.780000000000001, 36.3, 40.760000000000005, 43.309999999999995, 44.55, 45.269999999999996, 45.49, 45.82, 46.2, 46.46]","[10.780000000000001, 36.3, 40.760000000000005, 43.309999999999995, 44.55, 45.269999999999996, 45.49, 45.82, 46.2, 46.46]","[2.302749684538224, 1.804404486070664, 1.6919353299778375, 1.632711400530575, 1.6022451281322505, 1.5826239865148126, 1.5733309163582831, 1.5629530157687104, 1.5559191145716176, 1.5519830961353938]","[11.219999999999999, 34.96, 38.46, 39.95, 40.39, 40.83, 40.97, 41.3, 41.43, 41.56]","[2.30271396854414, 1.8449091652371075, 1.7624675389944653, 1.7241878558698889, 1.7063728807370726, 1.6945392107655404, 1.691028821732212, 1.6849263672034303, 1.6807938599626742, 1.677501472920831]"
