,ValAccDone,eta,lambda,trainAccDone,trainAccuracy,trainLoss,valAccuracy,valLoss
0,37.44,0.025910806787686175,0.0006068869978216266,"[10.65, 33.71, 37.45, 38.629999999999995, 39.14, 39.18, 39.5, 39.6, 39.76, 39.67]","[10.65, 33.71, 37.45, 38.629999999999995, 39.14, 39.18, 39.5, 39.6, 39.76, 39.67]","[2.303161722588928, 1.8862392386791482, 1.8035673104330312, 1.775652237093002, 1.7626782976585254, 1.7557217609319762, 1.7516434174398363, 1.7485744191404151, 1.7464482748363428, 1.7450568164506448]","[9.98, 32.05, 35.199999999999996, 36.47, 36.89, 37.0, 37.31, 37.31, 37.29, 37.44]","[2.303146089876252, 1.9133272191355148, 1.8417217032256785, 1.8203539965488362, 1.810173932607079, 1.8047380557991752, 1.801853138557086, 1.7994523732033143, 1.7977689463852404, 1.7964594070011817]"
