,ValAccDone,eta,lambda,trainAccDone,trainAccuracy,trainLoss,valAccuracy,valLoss
0,37.31,0.03291281095206459,0.00065387658609816,"[9.2, 34.71, 38.59, 39.31, 39.51, 39.56, 39.42, 39.34, 39.23, 39.129999999999995]","[9.2, 34.71, 38.59, 39.31, 39.51, 39.56, 39.42, 39.34, 39.23, 39.129999999999995]","[2.3031779533828973, 1.8470032263299736, 1.771273247854897, 1.7471202680047642, 1.736940775436793, 1.731708570182982, 1.7305793102798512, 1.728485591505815, 1.7270246324273688, 1.7268473833444091]","[8.9, 33.300000000000004, 36.15, 37.03, 37.2, 37.269999999999996, 37.39, 37.5, 37.39, 37.25]","[2.303169606951827, 1.8799403747690964, 1.8184181700068365, 1.8005658267281188, 1.7926938804926627, 1.7893074907061968, 1.7884913318096538, 1.7868223857810415, 1.7857720644581419, 1.7858218988021577]"
