,ValAccDone,eta,lambda,trainAccDone,trainAccuracy,trainLoss,valAccuracy,valLoss
0,42.620000000000005,0.029306378870171124,7.049200161952476e-05,"[8.66, 36.85, 42.88, 45.79, 48.28, 49.91, 51.580000000000005, 52.559999999999995, 53.98, 54.61]","[8.66, 36.85, 42.88, 45.79, 48.28, 49.91, 51.580000000000005, 52.559999999999995, 53.98, 54.61]","[2.302599288066901, 1.779607281719889, 1.630005524090534, 1.54186286572816, 1.4817214282982007, 1.435478542114457, 1.394134843557782, 1.3595352208036127, 1.3211072649558728, 1.3032936150688914]","[8.88, 35.49, 39.129999999999995, 40.739999999999995, 41.46, 41.65, 42.17, 42.02, 42.559999999999995, 42.63]","[2.3025975774715945, 1.827212603577805, 1.7252586906655902, 1.6815158017960774, 1.6604916285448417, 1.6488337889586138, 1.6401485772374211, 1.6371253142299678, 1.6305372164541965, 1.6363647394769705]"
