,ValAccDone,eta,lambda,trainAccDone,trainAccuracy,trainLoss,valAccuracy,valLoss
0,42.16,0.03423730888833397,0.00019773203806205334,"[8.73, 36.88, 42.14, 44.18, 45.769999999999996, 46.71, 47.74, 48.58, 49.07, 49.220000000000006]","[8.73, 36.88, 42.14, 44.18, 45.769999999999996, 46.71, 47.74, 48.58, 49.07, 49.220000000000006]","[2.3027675317775516, 1.7815824324258187, 1.6482358062091653, 1.5828031511969507, 1.545324173278203, 1.5220400943582604, 1.5034984791293562, 1.4892307834144005, 1.4745919952354845, 1.4663168398713569]","[8.52, 35.56, 38.92, 40.339999999999996, 41.02, 41.43, 41.63, 41.6, 42.0, 42.01]","[2.3027517208048023, 1.826603823931774, 1.7329322837592238, 1.6932751026878992, 1.6768388427446885, 1.669043255385864, 1.6627720364594956, 1.6577773937127207, 1.6502780152364924, 1.6502056991879681]"
