,ValAccDone,eta,lambda,trainAccDone,trainAccuracy,trainLoss,valAccuracy,valLoss
0,41.58,0.02332975545171986,0.00029190745635771214,"[6.5600000000000005, 34.410000000000004, 39.89, 42.07, 43.45, 44.71, 45.050000000000004, 45.42, 45.629999999999995, 45.86]","[6.5600000000000005, 34.410000000000004, 39.89, 42.07, 43.45, 44.71, 45.050000000000004, 45.42, 45.629999999999995, 45.86]","[2.3029083892765705, 1.8557681267062482, 1.735457051880983, 1.6839596783153417, 1.6514010402727224, 1.629141573644671, 1.6149467419604437, 1.6052470597245336, 1.599177971894093, 1.5940288978653752]","[6.800000000000001, 32.86, 37.18, 38.09, 39.45, 40.03, 40.52, 40.9, 41.160000000000004, 41.339999999999996]","[2.3028864706410643, 1.8881425080923036, 1.7920923836089422, 1.7554992632154722, 1.732967576911728, 1.7170267252076208, 1.7069953968065563, 1.6996822504889244, 1.6948869780721691, 1.6907875828843038]"
