,ValAccDone,eta,lambda,trainAccDone,trainAccuracy,trainLoss,valAccuracy,valLoss
0,33.43,0.016168737715161384,0.0007570303192785752,"[8.6, 27.900000000000002, 31.91, 33.11, 33.82, 34.32, 34.660000000000004, 34.65, 34.699999999999996, 34.849999999999994]","[8.6, 27.900000000000002, 31.91, 33.11, 33.82, 34.32, 34.660000000000004, 34.65, 34.699999999999996, 34.849999999999994]","[2.303367498764999, 2.018768475690198, 1.9487155677446837, 1.9224481174822854, 1.9090614407422313, 1.901336579328724, 1.896452495417196, 1.892686677207064, 1.890379584562981, 1.8886899379163309]","[8.64, 26.68, 30.240000000000002, 31.96, 32.61, 33.14, 33.31, 33.300000000000004, 33.28, 33.42]","[2.3033562118913444, 2.0358939230680644, 1.9690599680252951, 1.9442268295724856, 1.9317338828854143, 1.9246625521936622, 1.9203612814827353, 1.9169695445516328, 1.914917166099535, 1.9133354856346545]"
