,ValAccDone,eta,lambda,trainAccDone,trainAccuracy,trainLoss,valAccuracy,valLoss
0,40.07,0.04851029630775338,0.0003315547799482528,"[10.36, 36.89, 41.620000000000005, 43.769999999999996, 44.45, 44.89, 45.72, 46.129999999999995, 46.26, 46.6]","[10.36, 36.89, 41.620000000000005, 43.769999999999996, 44.45, 44.89, 45.72, 46.129999999999995, 46.26, 46.6]","[2.302982631884127, 1.7555101947393519, 1.6567985669531382, 1.6097039965223703, 1.590587979908364, 1.5740184014548666, 1.558820911951944, 1.5482600711770251, 1.5399496307481062, 1.5344165895833852]","[10.69, 35.14, 38.0, 39.15, 39.56, 39.36, 40.01, 40.2, 40.12, 40.32]","[2.3029909591581283, 1.8088434808369773, 1.7431540098067992, 1.7200790270580124, 1.7144240308617498, 1.7068208385419787, 1.6986779574068704, 1.6921849096931247, 1.6898219455675427, 1.6875962572087055]"
