,ValAccDone,eta,lambda,trainAccDone,trainAccuracy,trainLoss,valAccuracy,valLoss
0,36.78,0.025666087797722198,0.0006371889964024057,"[8.52, 32.629999999999995, 36.9, 38.019999999999996, 38.39, 38.690000000000005, 38.86, 38.75, 38.78, 38.91]","[8.52, 32.629999999999995, 36.9, 38.019999999999996, 38.39, 38.690000000000005, 38.86, 38.75, 38.78, 38.91]","[2.30336611522222, 1.8994716224208266, 1.8167962818236545, 1.7877263990431644, 1.773920853185503, 1.767248933149804, 1.7639709705907094, 1.7622739444611635, 1.7602343004702303, 1.7596482335693837]","[8.49, 31.0, 34.870000000000005, 36.18, 36.620000000000005, 36.77, 36.77, 36.93, 36.82, 36.8]","[2.30335625978421, 1.9240654270391457, 1.8521659000116926, 1.829312880843934, 1.81894073216947, 1.813727747902803, 1.8116185374962634, 1.810532666676396, 1.8090732940197638, 1.8083780654402102]"
