,ValAccDone,eta,lambda,trainAccDone,trainAccuracy,trainLoss,valAccuracy,valLoss
0,38.4,0.04804990360932426,0.0006910143197769661,"[9.78, 36.14, 38.42, 39.79, 40.64, 40.9, 41.02, 41.29, 41.11, 41.17]","[9.78, 36.14, 38.42, 39.79, 40.64, 40.9, 41.02, 41.29, 41.11, 41.17]","[2.3033048296468253, 1.8027847194849682, 1.7394556719540812, 1.7212925241134338, 1.7115898548991626, 1.706084367203672, 1.701206030511317, 1.6981124024499887, 1.694483269623021, 1.6964273666167256]","[10.100000000000001, 34.69, 36.38, 37.12, 38.0, 37.96, 38.18, 38.31, 37.99, 38.07]","[2.3033061927711733, 1.844840465920751, 1.7973852739718472, 1.785537649520129, 1.7786139510689685, 1.7738076798841025, 1.7708697207942157, 1.7674798133183194, 1.766072138310938, 1.7661917134109841]"
