,ValAccDone,eta,lambda,trainAccDone,trainAccuracy,trainLoss,valAccuracy,valLoss
0,41.57,0.043926569786736605,0.000168976882287439,"[12.49, 37.0, 42.11, 45.800000000000004, 47.53, 48.32, 49.59, 50.38, 50.59, 50.99]","[12.49, 37.0, 42.11, 45.800000000000004, 47.53, 48.32, 49.59, 50.38, 50.59, 50.99]","[2.3024490197017835, 1.75025559132424, 1.6196689128983743, 1.5468818954469308, 1.5046392084226943, 1.4856609833566246, 1.4574180595236343, 1.4375338397437432, 1.4252450842731468, 1.4128936061195028]","[12.64, 35.31, 38.4, 40.129999999999995, 40.5, 40.400000000000006, 41.05, 41.120000000000005, 41.32, 41.32]","[2.30245765327722, 1.8087376416070386, 1.7268555244237374, 1.693404741018021, 1.6805181401862233, 1.68011651321689, 1.6682545030813511, 1.6649597427930132, 1.665808224383187, 1.6670373090333785]"
