,ValAccDone,eta,lambda,trainAccDone,trainAccuracy,trainLoss,valAccuracy,valLoss
0,40.589999999999996,0.045424904432430725,0.000453039926087481,"[7.720000000000001, 36.1, 40.77, 42.82, 44.06, 44.269999999999996, 44.9, 44.99, 44.97, 45.019999999999996]","[7.720000000000001, 36.1, 40.77, 42.82, 44.06, 44.269999999999996, 44.9, 44.99, 44.97, 45.019999999999996]","[2.302980479023122, 1.778579784405814, 1.6850523464203797, 1.6430096064042325, 1.6242952636571024, 1.6150417418875715, 1.60909673648677, 1.6018868537723336, 1.6021090188641556, 1.600192665487429]","[7.7, 34.88, 37.45, 39.050000000000004, 40.03, 40.08, 40.23, 40.33, 40.14, 40.239999999999995]","[2.303002786555045, 1.826801390449127, 1.760746294170985, 1.7335879154375675, 1.7228573938997158, 1.7179865811391852, 1.7134921225129423, 1.7094171619177063, 1.7101241991267115, 1.708431985765322]"
