,ValAccDone,eta,lambda,trainAccDone,trainAccuracy,trainLoss,valAccuracy,valLoss
0,41.57,0.0254527462954542,0.00028983667609575465,"[13.26, 34.92, 39.79, 42.75, 44.16, 45.050000000000004, 45.739999999999995, 46.02, 46.18, 46.28]","[13.26, 34.92, 39.79, 42.75, 44.16, 45.050000000000004, 45.739999999999995, 46.02, 46.18, 46.28]","[2.302633131803198, 1.8421143771245763, 1.7237246304725906, 1.6657769106407898, 1.6266174628026473, 1.605608269559524, 1.592668421495659, 1.5851656686396416, 1.5803500280063596, 1.5756299857281082]","[13.25, 33.54, 37.580000000000005, 38.98, 40.02, 40.62, 40.89, 41.260000000000005, 41.260000000000005, 41.449999999999996]","[2.302616316755739, 1.8765038100239304, 1.781299302612876, 1.742039159587494, 1.7148595491699665, 1.7005072913269619, 1.6928862996736838, 1.6883739212296716, 1.685538190458555, 1.6823939008392268]"
