,ValAccDone,eta,lambda,trainAccDone,trainAccuracy,trainLoss,valAccuracy,valLoss
0,39.17,0.03210253030436691,0.000481462208406732,"[11.0, 35.8, 39.46, 40.849999999999994, 41.8, 42.01, 42.07, 41.97, 41.91, 42.059999999999995]","[11.0, 35.8, 39.46, 40.849999999999994, 41.8, 42.01, 42.07, 41.97, 41.91, 42.059999999999995]","[2.302943112865352, 1.8243037623187561, 1.7382735802709894, 1.701829023046156, 1.6843910231127284, 1.6756390659781026, 1.6708096223982996, 1.6693553115780466, 1.6679592371780219, 1.6644477361069658]","[11.05, 34.28, 37.01, 38.23, 38.84, 38.95, 39.12, 39.129999999999995, 39.15, 39.160000000000004]","[2.302956566616064, 1.858994555764039, 1.7947516140263704, 1.7686710028398442, 1.7565043979132489, 1.7511199216856679, 1.7476871623746943, 1.7470116798660835, 1.745476918387501, 1.7431800538745412]"
