,ValAccDone,eta,lambda,trainAccDone,trainAccuracy,trainLoss,valAccuracy,valLoss
0,41.79,0.027889733823457795,0.0002957907507808547,"[11.709999999999999, 35.68, 40.67, 42.980000000000004, 43.97, 44.95, 45.4, 45.61, 46.150000000000006, 46.12]","[11.709999999999999, 35.68, 40.67, 42.980000000000004, 43.97, 44.95, 45.4, 45.61, 46.150000000000006, 46.12]","[2.302781995208906, 1.8225356694455832, 1.7089353291012501, 1.6550746693216905, 1.6220643873393596, 1.6018238842814527, 1.5895147499901787, 1.5807732359416402, 1.5741502669967207, 1.5700388940063568]","[12.08, 34.18, 37.940000000000005, 39.21, 40.18, 40.79, 41.15, 41.32, 41.55, 41.77]","[2.3027814438319565, 1.8568624744301976, 1.7704929083135024, 1.734888878358345, 1.7127864540408502, 1.7000188942175576, 1.6922366463094418, 1.6863506149676473, 1.6822214151286734, 1.6800953356863912]"
