,ValAccDone,eta,lambda,trainAccDone,trainAccuracy,trainLoss,valAccuracy,valLoss
0,33.53,0.017197649224217043,0.0007975291878253184,"[10.71, 28.54, 32.66, 33.95, 34.69, 34.81, 34.870000000000005, 34.88, 34.89, 34.79]","[10.71, 28.54, 32.66, 33.95, 34.69, 34.81, 34.870000000000005, 34.88, 34.89, 34.79]","[2.3032828374154573, 2.004192535950107, 1.9375324690368785, 1.9124359202065095, 1.9016584816242321, 1.8963091591282681, 1.892738890738027, 1.8908888135971602, 1.8895001933172875, 1.8883629227011558]","[10.99, 27.27, 31.180000000000003, 32.66, 33.22, 33.47, 33.58, 33.629999999999995, 33.77, 33.78]","[2.3032660868684642, 2.022520881534789, 1.9586268875134716, 1.935629393539274, 1.9256486609141243, 1.9205787526927882, 1.9171768505013147, 1.9154094587560777, 1.914076894298697, 1.9131287666356638]"
