,ValAccDone,eta,lambda,trainAccDone,trainAccuracy,trainLoss,valAccuracy,valLoss
0,41.089999999999996,0.02597652160997648,1.251470404771577e-05,"[10.67, 36.96, 43.059999999999995, 46.7, 48.79, 50.57000000000001, 52.019999999999996, 54.05, 55.269999999999996, 56.58]","[10.67, 36.96, 43.059999999999995, 46.7, 48.79, 50.57000000000001, 52.019999999999996, 54.05, 55.269999999999996, 56.58]","[2.3025799618258467, 1.7910474185465588, 1.6247523985219452, 1.525070878248855, 1.4531019666885028, 1.3953459674629798, 1.3492439272122818, 1.2999329745975767, 1.2647527984791842, 1.2261694581563942]","[10.56, 34.99, 39.379999999999995, 41.29, 41.54, 41.839999999999996, 41.870000000000005, 41.89, 41.730000000000004, 41.57]","[2.302595313354625, 1.8357872169122453, 1.7239270755726852, 1.6760844825575822, 1.655546139082793, 1.651253196128136, 1.6561046789376832, 1.6601361434942332, 1.6768989987142517, 1.6896111214776912]"
