,ValAccDone,eta,lambda,trainAccDone,trainAccuracy,trainLoss,valAccuracy,valLoss
0,40.75,0.03083576368113001,0.00036669748156915486,"[6.819999999999999, 36.24, 39.989999999999995, 42.26, 42.96, 43.39, 43.66, 43.580000000000005, 43.82, 43.85]","[6.819999999999999, 36.24, 39.989999999999995, 42.26, 42.96, 43.39, 43.66, 43.580000000000005, 43.82, 43.85]","[2.303173550859943, 1.8124592585361352, 1.7163176054623919, 1.6706488616183328, 1.6477863552663004, 1.63178241543881, 1.6231963008050716, 1.616681457926936, 1.6110744658019138, 1.6059078226073027]","[7.06, 34.58, 37.71, 38.6, 39.35, 39.78, 40.11, 40.35, 40.54, 40.739999999999995]","[2.303175819710674, 1.8508796312862779, 1.7773713250485528, 1.7463728822642683, 1.7313985457576238, 1.7205234143913428, 1.715140683655035, 1.7097554356345324, 1.7057392471550434, 1.701489663454353]"
