,ValAccDone,eta,lambda,trainAccDone,trainAccuracy,trainLoss,valAccuracy,valLoss
0,40.99,0.027881746528130524,0.0003258635169110915,"[8.76, 35.730000000000004, 40.589999999999996, 42.52, 43.74, 44.56, 44.91, 45.1, 45.34, 45.22]","[8.76, 35.730000000000004, 40.589999999999996, 42.52, 43.74, 44.56, 44.91, 45.1, 45.34, 45.22]","[2.3029514380569145, 1.8216777636724373, 1.715212782808331, 1.662477671322076, 1.6331841109816627, 1.6149435537294643, 1.6048183287638738, 1.5969468422607493, 1.5922406764839752, 1.5908447684431561]","[8.94, 34.31, 37.57, 39.25, 39.76, 40.31, 40.660000000000004, 40.82, 41.04, 40.97]","[2.3029496316715012, 1.85784190068927, 1.7769462069944637, 1.7414040367563808, 1.7222454420476458, 1.7101537127243527, 1.7032562703161274, 1.6979056573504439, 1.6947777215779538, 1.6940535490572102]"
