,ValAccDone,eta,lambda,trainAccDone,trainAccuracy,trainLoss,valAccuracy,valLoss
0,43.18,0.020384863703336774,0.00017525790482121167,"[8.39, 34.78, 39.95, 42.730000000000004, 44.32, 45.769999999999996, 46.87, 47.36, 47.93, 48.46]","[8.39, 34.78, 39.95, 42.730000000000004, 44.32, 45.769999999999996, 46.87, 47.36, 47.93, 48.46]","[2.302887677777664, 1.8561369852574339, 1.71814296492239, 1.6497824478947392, 1.6057408944907954, 1.5740258771898386, 1.5511717305863735, 1.5333693413122669, 1.5196932005984898, 1.5092860649048763]","[7.66, 33.21, 37.45, 39.190000000000005, 40.22, 41.06, 42.02, 42.35, 42.72, 42.95]","[2.302876558972283, 1.8895384700774283, 1.7764933594763044, 1.7308298970557048, 1.7032484935094296, 1.6848521791546567, 1.6716972435706556, 1.6611115617312786, 1.653872203676252, 1.6485771478980549]"
