,ValAccDone,eta,lambda,trainAccDone,trainAccuracy,trainLoss,valAccuracy,valLoss
0,37.47,0.011101893641224847,0.00028384871487326774,"[6.550000000000001, 28.04, 33.57, 35.92, 37.18, 38.05, 38.39, 38.940000000000005, 39.32, 39.54]","[6.550000000000001, 28.04, 33.57, 35.92, 37.18, 38.05, 38.39, 38.940000000000005, 39.32, 39.54]","[2.3030154081104866, 2.015772733193141, 1.8983797308608263, 1.8427753526011446, 1.812532308202277, 1.7925151027791, 1.779505102529345, 1.7700500173985008, 1.7627153142449214, 1.7571408561744608]","[6.99, 26.5, 32.28, 34.52, 35.53, 36.4, 36.65, 36.870000000000005, 37.11, 37.24]","[2.303014048533048, 2.034813135141063, 1.924070647413577, 1.8735115173449306, 1.847721584079008, 1.8310504676167731, 1.820530473840618, 1.812884586012675, 1.8071797836632815, 1.8027776865183986]"
