,ValAccDone,eta,lambda,trainAccDone,trainAccuracy,trainLoss,valAccuracy,valLoss
0,41.760000000000005,0.030935861870574066,0.00014509709460489058,"[9.3, 37.230000000000004, 42.84, 45.28, 46.82, 48.22, 48.72, 49.39, 49.62, 50.11]","[9.3, 37.230000000000004, 42.84, 45.28, 46.82, 48.22, 48.72, 49.39, 49.62, 50.11]","[2.3028558067655718, 1.7823794893424127, 1.6449967099718752, 1.5715485185675107, 1.5248123374381541, 1.4946431036963568, 1.467767781757532, 1.4506662432298465, 1.4377502984554082, 1.4237848367890507]","[9.2, 35.15, 38.769999999999996, 40.63, 41.24, 41.67, 41.959999999999994, 42.16, 41.68, 41.9]","[2.302871802319307, 1.8278014481400258, 1.7352163626410964, 1.6928281953421311, 1.671899609526939, 1.661497396326845, 1.6508845282245708, 1.6482811796434733, 1.6457191013358825, 1.641828171056729]"
