,ValAccDone,eta,lambda,trainAccDone,trainAccuracy,trainLoss,valAccuracy,valLoss
0,40.03,0.03975857812421026,0.0004809372957102333,"[12.55, 36.8, 39.989999999999995, 41.4, 42.36, 42.67, 42.559999999999995, 43.18, 43.37, 43.37]","[12.55, 36.8, 39.989999999999995, 41.4, 42.36, 42.67, 42.559999999999995, 43.18, 43.37, 43.37]","[2.302932466622738, 1.7882476533730887, 1.7078803711165575, 1.6737961964637706, 1.657119671544337, 1.6492184120479891, 1.6446360404706797, 1.6379110211746986, 1.6365279806809068, 1.6327358606219402]","[12.53, 35.68, 37.330000000000005, 38.550000000000004, 39.050000000000004, 39.24, 39.25, 39.660000000000004, 39.42, 39.660000000000004]","[2.3029484774844744, 1.8328257286306167, 1.775308326238686, 1.7522665583203938, 1.7409807697669109, 1.7357508114733544, 1.7344083081661648, 1.7284717182805098, 1.7285072699680681, 1.7259083979678913]"
