,ValAccDone,eta,lambda,trainAccDone,trainAccuracy,trainLoss,valAccuracy,valLoss
0,29.23,0.010483949319295777,0.0007382374841799551,"[11.23, 23.77, 26.26, 28.189999999999998, 29.04, 29.909999999999997, 30.15, 30.45, 30.73, 30.959999999999997]","[11.23, 23.77, 26.26, 28.189999999999998, 29.04, 29.909999999999997, 30.15, 30.45, 30.73, 30.959999999999997]","[2.3031808196290258, 2.105583657814461, 2.0503703099623656, 2.0296778485014753, 2.013958633882505, 2.002030083960581, 1.9932115778841208, 1.9866857020122302, 1.9816507503706857, 1.9782187369935342]","[11.55, 22.67, 24.6, 26.6, 27.66, 28.13, 28.46, 28.76, 28.860000000000003, 28.99]","[2.303176551245673, 2.1177668724987373, 2.065444285527893, 2.045213795183522, 2.029907210199399, 2.01829657348399, 2.0097609022185017, 2.003527694562018, 1.9988240504351873, 1.9954848198921653]"
