,ValAccDone,eta,lambda,trainAccDone,trainAccuracy,trainLoss,valAccuracy,valLoss
0,33.15,0.012910313448319055,0.0006533540770451092,"[14.610000000000001, 26.69, 30.34, 31.869999999999997, 32.74, 33.129999999999995, 33.69, 34.04, 34.17, 34.33]","[14.610000000000001, 26.69, 30.34, 31.869999999999997, 32.74, 33.129999999999995, 33.69, 34.04, 34.17, 34.33]","[2.303007129946903, 2.0476292254823565, 1.9757842035246003, 1.9451328197136568, 1.9303132688792821, 1.921922260796074, 1.9163853510113233, 1.9124522236776522, 1.909055366140793, 1.9066587003963864]","[14.030000000000001, 25.19, 28.560000000000002, 30.580000000000002, 31.5, 32.05, 32.46, 32.75, 32.98, 32.98]","[2.303021907925181, 2.063779090484033, 1.995108816283817, 1.9657962474773234, 1.9519163630051788, 1.9440223840170607, 1.9388728315114891, 1.9352691204641292, 1.9321490197990396, 1.9300138491932688]"
