,ValAccDone,eta,lambda,trainAccDone,trainAccuracy,trainLoss,valAccuracy,valLoss
0,35.57,0.015946192178110077,0.0005452759500217134,"[9.8, 30.56, 34.38, 36.02, 36.88, 37.230000000000004, 37.36, 37.41, 37.51, 37.330000000000005]","[9.8, 30.56, 34.38, 36.02, 36.88, 37.230000000000004, 37.36, 37.41, 37.51, 37.330000000000005]","[2.3034114940720984, 1.972936319083139, 1.8893329240761156, 1.8573703186835444, 1.8417363845710581, 1.832530830437675, 1.8273285692083485, 1.8240594331257212, 1.82185294639743, 1.8199987771027746]","[10.37, 28.64, 32.72, 34.489999999999995, 35.13, 35.4, 35.47, 35.53, 35.5, 35.54]","[2.303381047177993, 1.9935992664177367, 1.9148883774041618, 1.886476390329103, 1.8730981942681102, 1.8652113358694462, 1.8607084785306436, 1.8578158633821178, 1.8558152717364815, 1.8542164306467392]"
