,ValAccDone,eta,lambda,trainAccDone,trainAccuracy,trainLoss,valAccuracy,valLoss
0,40.11,0.04526813597480355,0.00024714700637280075,"[9.54, 37.5, 42.59, 44.16, 45.43, 45.58, 46.67, 47.53, 47.71, 48.04]","[9.54, 37.5, 42.59, 44.16, 45.43, 45.58, 46.67, 47.53, 47.71, 48.04]","[2.3030786860175656, 1.7467724377361986, 1.6327197707582635, 1.5891635706689264, 1.5570843094950058, 1.5398886088931247, 1.5253102995391548, 1.5019678362899553, 1.4955158917712443, 1.4888819283149166]","[9.49, 35.510000000000005, 38.66, 39.290000000000006, 39.58, 39.4, 39.78, 40.089999999999996, 39.93, 40.339999999999996]","[2.303079063161328, 1.8040498655208637, 1.7324154089169936, 1.712819025106952, 1.7018088915724505, 1.6982904219721637, 1.693893071579815, 1.681589732765647, 1.6828098156127136, 1.680192538977917]"
