,ValAccDone,eta,lambda,trainAccDone,trainAccuracy,trainLoss,valAccuracy,valLoss
0,42.309999999999995,0.0338053636463072,0.00022156741082633526,"[12.1, 37.04, 41.85, 44.31, 45.97, 47.18, 47.699999999999996, 48.44, 48.92, 48.86]","[12.1, 37.04, 41.85, 44.31, 45.97, 47.18, 47.699999999999996, 48.44, 48.92, 48.86]","[2.302730980916303, 1.7717853463639532, 1.6557065333041407, 1.5958153648911357, 1.5562488922411983, 1.5294216575113182, 1.5107300546049167, 1.4947798814417808, 1.4850637755351188, 1.479962757009257]","[11.62, 35.89, 38.23, 40.0, 40.949999999999996, 41.620000000000005, 41.6, 41.730000000000004, 42.01, 42.089999999999996]","[2.3027366673630225, 1.8190633974176276, 1.739580106304419, 1.7045449028450843, 1.6825709898848238, 1.6707722076823075, 1.6638302292121854, 1.6570679716455987, 1.6532939387837167, 1.6534425417119056]"
