,ValAccDone,eta,lambda,trainAccDone,trainAccuracy,trainLoss,valAccuracy,valLoss
0,36.4,0.0299024375817456,0.0007082859082895591,"[7.99, 33.47, 37.66, 38.379999999999995, 38.65, 38.59, 38.61, 38.72, 38.690000000000005, 38.66]","[7.99, 33.47, 37.66, 38.379999999999995, 38.65, 38.59, 38.61, 38.72, 38.690000000000005, 38.66]","[2.3033245428649236, 1.8791587150189812, 1.8023184673363872, 1.78066422897261, 1.7701545412398076, 1.764257314576259, 1.7613893889480436, 1.7591524287561278, 1.7585909985493813, 1.7580905242519238]","[7.79, 32.519999999999996, 35.54, 36.370000000000005, 36.52, 36.64, 36.4, 36.51, 36.449999999999996, 36.58]","[2.3033224876157052, 1.9057917541463352, 1.841815793841618, 1.8257012976232327, 1.8176954755555705, 1.813256427400024, 1.8110161853973923, 1.8093602672756326, 1.8094331825969383, 1.8089105789057522]"
