,ValAccDone,eta,lambda,trainAccDone,trainAccuracy,trainLoss,valAccuracy,valLoss
0,38.769999999999996,0.022460119071176864,0.00043361083417495553,"[9.049999999999999, 33.72, 38.04, 39.5, 40.47, 41.29, 41.42, 41.55, 41.870000000000005, 41.88]","[9.049999999999999, 33.72, 38.04, 39.5, 40.47, 41.29, 41.42, 41.55, 41.870000000000005, 41.88]","[2.303123493671205, 1.8798182080555106, 1.7810532529819076, 1.7434045835205048, 1.7247466448695727, 1.7129402777351328, 1.7056709918700725, 1.7009769570382198, 1.6974874275326266, 1.694769558361869]","[8.91, 32.269999999999996, 36.08, 37.21, 37.64, 37.88, 38.05, 38.46, 38.5, 38.6]","[2.303138070400676, 1.9076106222165616, 1.8221603895109981, 1.7939919783854625, 1.7811774568980865, 1.7725830346416172, 1.7671181928208994, 1.7638187821122235, 1.7609007982716491, 1.7589595570857135]"
