,ValAccDone,eta,lambda,trainAccDone,trainAccuracy,trainLoss,valAccuracy,valLoss
0,32.65,0.01057022698790329,0.0005489930909591524,"[10.530000000000001, 25.66, 28.77, 30.59, 31.740000000000002, 32.7, 33.37, 33.86, 33.910000000000004, 33.95]","[10.530000000000001, 25.66, 28.77, 30.59, 31.740000000000002, 32.7, 33.37, 33.86, 33.910000000000004, 33.95]","[2.302897681008073, 2.0728057995719102, 2.0014022102996765, 1.968186599459037, 1.9463487611395036, 1.93319740468101, 1.924674380516843, 1.919099896479218, 1.9149566991247646, 1.911883244447522]","[10.74, 23.830000000000002, 27.11, 28.98, 30.580000000000002, 31.5, 31.929999999999996, 32.23, 32.24, 32.39]","[2.302912596197137, 2.0873914514115226, 2.019523167875995, 1.9874008184334704, 1.9665735569380938, 1.95406077564373, 1.9462967716378143, 1.9410876009569458, 1.9373052694127002, 1.9344427113277909]"
