,ValAccDone,eta,lambda,trainAccDone,trainAccuracy,trainLoss,valAccuracy,valLoss
0,42.9,0.03326475625837584,0.0001404491902770112,"[11.379999999999999, 37.330000000000005, 43.08, 45.94, 47.9, 49.559999999999995, 50.59, 51.41, 52.12, 52.38]","[11.379999999999999, 37.330000000000005, 43.08, 45.94, 47.9, 49.559999999999995, 50.59, 51.41, 52.12, 52.38]","[2.3025526670410548, 1.7626650284628909, 1.629467688781882, 1.5514123522369694, 1.5014611851620716, 1.463283348854701, 1.4368501889522114, 1.417501637320383, 1.3962312431974326, 1.382216659598279]","[10.99, 36.07, 39.18, 41.48, 42.32, 42.309999999999995, 42.65, 42.92, 42.970000000000006, 43.03]","[2.3025455241335173, 1.8106885745823982, 1.722117133163221, 1.6792723650159387, 1.6571705539568566, 1.6433534325227834, 1.6358937577458017, 1.6289941675668025, 1.6246020074400216, 1.6216324635431312]"
