,ValAccDone,eta,lambda,trainAccDone,trainAccuracy,trainLoss,valAccuracy,valLoss
0,36.93,0.01069362632396978,0.0002942411986167096,"[8.97, 27.68, 32.800000000000004, 35.47, 36.76, 37.74, 38.1, 38.37, 38.67, 38.82]","[8.97, 27.68, 32.800000000000004, 35.47, 36.76, 37.74, 38.1, 38.37, 38.67, 38.82]","[2.3030174268566053, 2.0267235883048746, 1.9106164529988918, 1.8537750177919587, 1.8243251250792043, 1.806665882514897, 1.7943319657800674, 1.7853287209647564, 1.7785777860992216, 1.77368265267839]","[9.030000000000001, 26.240000000000002, 31.45, 34.089999999999996, 35.33, 35.72, 36.07, 36.26, 36.51, 36.7]","[2.303013441820995, 2.0441299741539427, 1.9346500603378112, 1.8829579468763635, 1.857670734901919, 1.8429777435260424, 1.8330470882834526, 1.8259178317318205, 1.8205172578872018, 1.8167058947216779]"
