,ValAccDone,eta,lambda,trainAccDone,trainAccuracy,trainLoss,valAccuracy,valLoss
0,38.7,0.03856318742976275,0.0005467329786609821,"[10.83, 36.3, 39.03, 40.660000000000004, 40.61, 41.089999999999996, 41.13, 41.3, 41.78, 41.660000000000004]","[10.83, 36.3, 39.03, 40.660000000000004, 40.61, 41.089999999999996, 41.13, 41.3, 41.78, 41.660000000000004]","[2.3029912584281385, 1.799076516733048, 1.7249896436642995, 1.696718616597643, 1.6852663075409666, 1.6764071759006947, 1.6737513279574876, 1.6689564082469863, 1.665680098017322, 1.6641766348245937]","[9.99, 34.73, 36.83, 37.6, 37.79, 37.88, 38.04, 38.34, 38.49, 38.48]","[2.303026909833149, 1.8392216455679578, 1.7843863590131854, 1.7648746388257435, 1.7574654567151347, 1.7518662003401244, 1.7498255282146244, 1.746255817155461, 1.7440702568682327, 1.742711039270046]"
