,ValAccDone,eta,lambda,trainAccDone,trainAccuracy,trainLoss,valAccuracy,valLoss
0,42.14,0.04536371735820387,7.203051058221537e-05,"[7.739999999999999, 38.85, 44.34, 46.98, 48.67, 50.83, 52.62, 54.15, 55.720000000000006, 56.730000000000004]","[7.739999999999999, 38.85, 44.34, 46.98, 48.67, 50.83, 52.62, 54.15, 55.720000000000006, 56.730000000000004]","[2.3028297723515974, 1.7214334320034075, 1.5779705479964523, 1.5099742142345625, 1.452284411003507, 1.3934251701064684, 1.3493635899080236, 1.3142612055409562, 1.2771238874242792, 1.2500656114936268]","[7.6499999999999995, 36.4, 39.79, 40.56, 40.54, 40.81, 40.94, 41.39, 41.78, 42.059999999999995]","[2.302835693022936, 1.787396952909715, 1.7078141515860885, 1.6980946754141457, 1.6968706190752043, 1.6874267730929744, 1.6880130821915686, 1.691789202208167, 1.6872266848601527, 1.694451737110723]"
