,ValAccDone,eta,lambda,trainAccDone,trainAccuracy,trainLoss,valAccuracy,valLoss
0,37.76,0.03227025500078015,0.0006181213863094109,"[7.920000000000001, 34.89, 38.29, 39.39, 39.839999999999996, 39.85, 39.989999999999995, 39.93, 40.04, 39.93]","[7.920000000000001, 34.89, 38.29, 39.39, 39.839999999999996, 39.85, 39.989999999999995, 39.93, 40.04, 39.93]","[2.3032354753047106, 1.8431243377652575, 1.7696511040902054, 1.7438420742995626, 1.7319334587225146, 1.723058645775065, 1.7202420665901832, 1.7186025525998931, 1.7165551280781368, 1.716305031504808]","[8.15, 33.62, 36.32, 37.07, 37.54, 37.88, 37.78, 37.65, 37.669999999999995, 37.580000000000005]","[2.30323460219242, 1.8762677609101786, 1.8179725407750296, 1.7984500668629544, 1.7897328697171015, 1.7822748397838777, 1.78074836580089, 1.779449034833736, 1.7781363901970684, 1.777515561391272]"
