,ValAccDone,eta,lambda,trainAccDone,trainAccuracy,trainLoss,valAccuracy,valLoss
0,38.71,0.047758037602781474,0.0006384295152224159,"[9.89, 35.5, 38.78, 40.300000000000004, 40.910000000000004, 41.58, 41.99, 41.980000000000004, 42.51, 42.309999999999995]","[9.89, 35.5, 38.78, 40.300000000000004, 40.910000000000004, 41.58, 41.99, 41.980000000000004, 42.51, 42.309999999999995]","[2.303284510725888, 1.7939961288141337, 1.7273422803083733, 1.7038081198740396, 1.6891824207674275, 1.6814718688254726, 1.6770209650137846, 1.6759924661591894, 1.6723617632428454, 1.6712827426243302]","[9.58, 34.11, 36.36, 37.38, 38.15, 38.39, 38.79, 38.57, 38.84, 38.79]","[2.303335887259238, 1.8375749171020055, 1.7881469102622265, 1.7730680423286156, 1.7629364480307845, 1.7579986951263553, 1.7555133268694414, 1.7545151626490556, 1.752046744571757, 1.751270071161734]"
