,ValAccDone,eta,lambda,trainAccDone,trainAccuracy,trainLoss,valAccuracy,valLoss
0,36.8,0.04314289122537519,0.0007745352972589527,"[9.08, 35.57, 37.64, 38.68, 38.81, 38.690000000000005, 38.62, 38.6, 38.73, 38.71]","[9.08, 35.57, 37.64, 38.68, 38.81, 38.690000000000005, 38.62, 38.6, 38.73, 38.71]","[2.30335408969882, 1.8227986441250164, 1.7677264652629852, 1.747400553015927, 1.738356050247904, 1.7353099313206175, 1.7325333750034713, 1.7328365424053491, 1.7325179917006324, 1.73127844544911]","[8.469999999999999, 34.32, 35.699999999999996, 36.18, 36.65, 36.47, 36.6, 36.71, 36.9, 36.68]","[2.3033533818115566, 1.8594179529853503, 1.816503484124853, 1.800930901379211, 1.7933396127627463, 1.7921159561801343, 1.789916110152763, 1.7906323297027316, 1.790278980667177, 1.7893568674014158]"
