,ValAccDone,eta,lambda,trainAccDone,trainAccuracy,trainLoss,valAccuracy,valLoss
0,39.629999999999995,0.03953615307582574,0.0005168993171571568,"[8.649999999999999, 36.34, 39.76, 40.89, 41.28, 41.77, 42.059999999999995, 42.480000000000004, 42.730000000000004, 42.88]","[8.649999999999999, 36.34, 39.76, 40.89, 41.28, 41.77, 42.059999999999995, 42.480000000000004, 42.730000000000004, 42.88]","[2.303077870348908, 1.7980730914139218, 1.7156924177942066, 1.6856339411664416, 1.674161446590925, 1.6629885256403802, 1.6592785507305499, 1.654891067265833, 1.6516678945484928, 1.6480882222609292]","[8.36, 34.88, 37.32, 38.21, 38.45, 38.940000000000005, 38.86, 39.18, 39.28, 39.56]","[2.3030827189181013, 1.8392973034484918, 1.780696849940942, 1.7613960134519766, 1.7540125265264563, 1.745907499347001, 1.7439222610408263, 1.7405839462691708, 1.737737658385453, 1.7341056077887769]"
