,ValAccDone,eta,lambda,trainAccDone,trainAccuracy,trainLoss,valAccuracy,valLoss
0,41.9,0.03613458902385498,0.00015425902539373024,"[9.46, 37.44, 42.04, 45.440000000000005, 46.79, 48.199999999999996, 48.85, 49.94, 50.529999999999994, 51.03]","[9.46, 37.44, 42.04, 45.440000000000005, 46.79, 48.199999999999996, 48.85, 49.94, 50.529999999999994, 51.03]","[2.3028051587161995, 1.765928170157285, 1.6392330792135246, 1.5601859434937164, 1.515081627554664, 1.4790766278450798, 1.4554310161048423, 1.4380391998441704, 1.4200610131977374, 1.4113016841825559]","[9.31, 35.72, 38.47, 41.02, 41.449999999999996, 41.83, 42.120000000000005, 42.01, 42.19, 41.88]","[2.3027804928878046, 1.8168216331706124, 1.7329263772620904, 1.6852378274548918, 1.6671074157199677, 1.6550732623791127, 1.649225063607503, 1.6450524968997176, 1.641223234854494, 1.6432699585902952]"
