,ValAccDone,eta,lambda,trainAccDone,trainAccuracy,trainLoss,valAccuracy,valLoss
0,42.35,0.027259139273202698,6.648056045582922e-05,"[8.67, 37.07, 42.65, 45.72, 48.46, 50.690000000000005, 51.89, 52.86, 53.849999999999994, 55.00000000000001]","[8.67, 37.07, 42.65, 45.72, 48.46, 50.690000000000005, 51.89, 52.86, 53.849999999999994, 55.00000000000001]","[2.3026701472822935, 1.787572470715488, 1.6375164331139858, 1.5503744134658153, 1.4816255340356441, 1.4305551672238546, 1.3912721893182096, 1.3610667896993955, 1.3315408415189265, 1.3025214662959241]","[8.42, 35.29, 39.019999999999996, 41.49, 42.620000000000005, 42.8, 42.68, 42.480000000000004, 42.39, 42.66]","[2.302716214202338, 1.8317715870704514, 1.727866599296871, 1.6786556939377713, 1.6478037897811788, 1.6331544202504147, 1.6280373090673803, 1.628790191086979, 1.628851113627608, 1.6262000918358377]"
