,ValAccDone,eta,lambda,trainAccDone,trainAccuracy,trainLoss,valAccuracy,valLoss
0,43.519999999999996,0.02074339533534026,9.404040527013185e-05,"[8.33, 35.260000000000005, 40.99, 44.35, 46.43, 47.79, 49.26, 50.67, 51.470000000000006, 52.239999999999995]","[8.33, 35.260000000000005, 40.99, 44.35, 46.43, 47.79, 49.26, 50.67, 51.470000000000006, 52.239999999999995]","[2.3028251545482448, 1.844505770825363, 1.6882634441248094, 1.6052033070799951, 1.5467633044896867, 1.5042610610160196, 1.4709254608385303, 1.4437328204345325, 1.4205244223810138, 1.400163568582878]","[8.57, 33.040000000000006, 37.84, 39.83, 41.18, 42.08, 42.6, 43.01, 43.61, 43.769999999999996]","[2.302806307948642, 1.8797238752954843, 1.7573225185663284, 1.7055188878191896, 1.674856037441102, 1.655204481543957, 1.641513847610557, 1.6318235756384707, 1.6233207810298076, 1.6166974829681748]"
