,ValAccDone,eta,lambda,trainAccDone,trainAccuracy,trainLoss,valAccuracy,valLoss
0,40.78,0.04078754143069582,0.00028994560678188017,"[8.49, 37.59, 41.08, 43.419999999999995, 44.42, 45.739999999999995, 45.49, 46.07, 46.23, 46.61]","[8.49, 37.59, 41.08, 43.419999999999995, 44.42, 45.739999999999995, 45.49, 46.07, 46.23, 46.61]","[2.3028117974471853, 1.76031866082722, 1.6636972636809313, 1.610299176710843, 1.5903767623736207, 1.5669888300617245, 1.558651712667055, 1.5498395463212524, 1.5392745341741298, 1.5363052965529318]","[9.049999999999999, 35.949999999999996, 37.76, 38.85, 39.22, 39.5, 39.57, 39.79, 40.52, 40.739999999999995]","[2.302808405811952, 1.8098905951431192, 1.7461956726350882, 1.716218038249579, 1.7081192940860828, 1.6960090177910803, 1.693071244263285, 1.6892791713156303, 1.6819110939147233, 1.6810413456869127]"
