,ValAccDone,eta,lambda,trainAccDone,trainAccuracy,trainLoss,valAccuracy,valLoss
0,38.97,0.04380366083190128,0.00055438674780538,"[11.99, 36.120000000000005, 38.83, 40.510000000000005, 41.24, 41.68, 41.9, 42.08, 42.22, 42.46]","[11.99, 36.120000000000005, 38.83, 40.510000000000005, 41.24, 41.68, 41.9, 42.08, 42.22, 42.46]","[2.303009768255259, 1.786023899836958, 1.721594817418207, 1.6925494587056995, 1.6801584745231481, 1.67267211222989, 1.6667517473956184, 1.6604840965882086, 1.6593479800386828, 1.6573538373515964]","[11.469999999999999, 34.53, 36.559999999999995, 37.419999999999995, 38.1, 38.49, 38.74, 39.11, 39.04, 38.85]","[2.303046900262421, 1.8300268899681726, 1.7840264872306741, 1.763590218900818, 1.756623464731119, 1.7510591819909784, 1.7466521480248836, 1.7427281517968238, 1.7426074020218316, 1.7419594178766897]"
