,ValAccDone,eta,lambda,trainAccDone,trainAccuracy,trainLoss,valAccuracy,valLoss
0,40.22,0.04999868185297035,0.00027278574130768803,"[10.69, 37.07, 41.959999999999994, 44.440000000000005, 44.96, 45.800000000000004, 46.400000000000006, 46.589999999999996, 47.370000000000005, 47.349999999999994]","[10.69, 37.07, 41.959999999999994, 44.440000000000005, 44.96, 45.800000000000004, 46.400000000000006, 46.589999999999996, 47.370000000000005, 47.349999999999994]","[2.3028959413674617, 1.750004769071544, 1.640685404743277, 1.594928512485635, 1.5729733956813294, 1.5480288522967998, 1.5351164874045133, 1.5317638203347868, 1.5141942116178781, 1.512322831820161]","[10.94, 35.13, 38.03, 39.33, 39.24, 39.82, 39.879999999999995, 39.72, 40.18, 40.33]","[2.3028876490817938, 1.807462230526638, 1.7417132175026604, 1.7248735962455821, 1.718899645122659, 1.7064217780777065, 1.7040724861898673, 1.7032473540365936, 1.6931292205147168, 1.693545171887914]"
