,ValAccDone,eta,lambda,trainAccDone,trainAccuracy,trainLoss,valAccuracy,valLoss
0,41.56,0.029698651679865157,0.0002950042389819753,"[7.180000000000001, 35.39, 40.79, 43.230000000000004, 44.22, 45.08, 45.39, 45.79, 46.160000000000004, 46.150000000000006]","[7.180000000000001, 35.39, 40.79, 43.230000000000004, 44.22, 45.08, 45.39, 45.79, 46.160000000000004, 46.150000000000006]","[2.3029512969984127, 1.8193269739584963, 1.7008414450419205, 1.6454424489443091, 1.612809712193351, 1.5949183060013161, 1.580723744160016, 1.5730800947202004, 1.5650150253516768, 1.562145514884823]","[6.92, 34.1, 37.940000000000005, 39.37, 40.239999999999995, 40.63, 40.99, 41.3, 41.370000000000005, 41.39]","[2.3029488910721123, 1.8565101414562493, 1.7675066448303796, 1.728357774639801, 1.708043412436962, 1.6978588157428605, 1.6897718549903573, 1.6858916997747753, 1.6806028662466794, 1.6787789194347529]"
