,ValAccDone,eta,lambda,trainAccDone,trainAccuracy,trainLoss,valAccuracy,valLoss
0,41.14,0.023358104837641905,0.0002990667471776993,"[9.51, 34.62, 39.36, 42.0, 43.18, 43.87, 44.56, 44.87, 45.03, 45.34]","[9.51, 34.62, 39.36, 42.0, 43.18, 43.87, 44.56, 44.87, 45.03, 45.34]","[2.3028917720347644, 1.8507977073300583, 1.7353096063917357, 1.6838720893033836, 1.6533494824538761, 1.6359034664045629, 1.6240559314889274, 1.615645721876467, 1.609183115107022, 1.6045293875037112]","[9.55, 33.03, 36.809999999999995, 38.4, 39.68, 39.93, 40.150000000000006, 40.489999999999995, 40.760000000000005, 41.03]","[2.3028629137209267, 1.8822009371069588, 1.7889107117467888, 1.7540758024781569, 1.7338115691355387, 1.7227937518888325, 1.714838106245714, 1.708975012536885, 1.7048678825846084, 1.7011679182326438]"
