,ValAccDone,eta,lambda,trainAccDone,trainAccuracy,trainLoss,valAccuracy,valLoss
0,38.75,0.04260772116431194,0.0006444408309538276,"[10.8, 36.3, 38.11, 39.79, 40.57, 41.21, 41.199999999999996, 41.67, 41.36, 41.56]","[10.8, 36.3, 38.11, 39.79, 40.57, 41.21, 41.199999999999996, 41.67, 41.36, 41.56]","[2.3031305876162054, 1.8058420137391729, 1.7405454376653158, 1.7145126853304087, 1.7034151501139596, 1.6960618127834122, 1.6914075234444006, 1.6868815545567164, 1.6862331926127374, 1.6843625654845085]","[10.41, 34.660000000000004, 36.559999999999995, 37.61, 38.2, 38.59, 38.519999999999996, 38.67, 38.49, 38.769999999999996]","[2.3031078033107244, 1.8452757873364827, 1.7967303657683982, 1.778040647447762, 1.7699931490057081, 1.763743006155764, 1.759854161154893, 1.7557752161351137, 1.7556687098897963, 1.754093977089885]"
