,ValAccDone,eta,lambda,trainAccDone,trainAccuracy,trainLoss,valAccuracy,valLoss
0,41.43,0.04645596137742214,0.00030066640181462573,"[10.979999999999999, 36.66, 42.68, 44.82, 45.87, 47.25, 47.43, 48.24, 48.82, 48.79]","[10.979999999999999, 36.66, 42.68, 44.82, 45.87, 47.25, 47.43, 48.24, 48.82, 48.79]","[2.302775008391822, 1.7587136992074006, 1.6421020656255971, 1.5876597719154106, 1.5531146440893269, 1.5294591116799294, 1.5220548212401648, 1.5101058487848857, 1.5032353715780755, 1.5028933560412843]","[11.700000000000001, 35.42, 38.53, 39.879999999999995, 39.96, 40.53, 40.550000000000004, 41.05, 41.370000000000005, 41.21]","[2.3027740631706606, 1.812196275924487, 1.734832831705291, 1.7063267369844948, 1.6901519446217828, 1.6786466280828412, 1.677561812067713, 1.6688653123888895, 1.6677292486074156, 1.6706277176502]"
