,ValAccDone,eta,lambda,trainAccDone,trainAccuracy,trainLoss,valAccuracy,valLoss
0,35.339999999999996,0.019739800502186038,0.0007009827411471256,"[9.94, 30.209999999999997, 34.25, 35.78, 36.46, 36.49, 36.46, 36.43, 36.309999999999995, 36.36]","[9.94, 30.209999999999997, 34.25, 35.78, 36.46, 36.49, 36.46, 36.43, 36.309999999999995, 36.36]","[2.303122035871311, 1.9720258153809829, 1.8912902304732568, 1.8607888403023776, 1.8472837715632422, 1.8408964529133438, 1.8366197717150476, 1.8342416911042005, 1.832842418910299, 1.8318173776377737]","[9.78, 28.470000000000002, 32.800000000000004, 34.1, 34.69, 34.94, 34.88, 35.099999999999994, 35.13, 35.11]","[2.3031183532242343, 1.992081223080016, 1.9162448532766374, 1.8896963903489752, 1.8781051174523107, 1.872530987253153, 1.8688172699763845, 1.866889535050114, 1.8657193953459164, 1.8646723667633196]"
