,ValAccDone,eta,lambda,trainAccDone,trainAccuracy,trainLoss,valAccuracy,valLoss
0,41.43,0.024158532418754583,0.00027167839352584214,"[10.31, 34.97, 39.82, 42.16, 43.37, 44.36, 45.14, 45.57, 45.86, 46.14]","[10.31, 34.97, 39.82, 42.16, 43.37, 44.36, 45.14, 45.57, 45.86, 46.14]","[2.3028276446765874, 1.837274060252462, 1.7240605020157473, 1.6710299838064855, 1.6369399142504693, 1.6146656180527121, 1.5991980037599745, 1.5887353627300524, 1.5807441178346506, 1.5748295149849765]","[10.77, 33.62, 37.24, 38.690000000000005, 39.75, 40.14, 40.42, 40.86, 41.14, 41.31]","[2.3028054769373107, 1.8692928707512018, 1.7798737396179942, 1.7437296959877682, 1.7206388971125217, 1.7071787673198695, 1.6976233222304373, 1.690616980991723, 1.6851168628680728, 1.681198608521682]"
