,ValAccDone,eta,lambda,trainAccDone,trainAccuracy,trainLoss,valAccuracy,valLoss
0,37.85,0.03778655023575752,0.000646930697981023,"[9.379999999999999, 35.68, 38.35, 39.23, 39.54, 39.589999999999996, 39.83, 39.739999999999995, 39.879999999999995, 39.86]","[9.379999999999999, 35.68, 38.35, 39.23, 39.54, 39.589999999999996, 39.83, 39.739999999999995, 39.879999999999995, 39.86]","[2.3029846344789773, 1.8283449045867461, 1.7558827538290367, 1.7284917475057124, 1.7192622008547804, 1.7158168130959772, 1.7123719232718249, 1.7101003958542742, 1.71030072321464, 1.707085908619744]","[10.12, 34.300000000000004, 36.6, 37.31, 37.64, 37.519999999999996, 37.64, 37.75, 37.61, 37.68]","[2.3029848059864064, 1.8638937086320242, 1.8062628556688112, 1.7870919674564905, 1.7803735063412427, 1.7780231368570152, 1.7759416417137799, 1.7738016103389824, 1.773596769085776, 1.7716679511665276]"
