,ValAccDone,eta,lambda,trainAccDone,trainAccuracy,trainLoss,valAccuracy,valLoss
0,42.88,0.028308020391579265,5.2347409579624576e-06,"[9.719999999999999, 37.35, 43.21, 46.36, 49.01, 51.2, 53.5, 55.2, 57.24, 58.650000000000006]","[9.719999999999999, 37.35, 43.21, 46.36, 49.01, 51.2, 53.5, 55.2, 57.24, 58.650000000000006]","[2.3025893473792123, 1.772433025684098, 1.6082853505458328, 1.5098314470332015, 1.4385028627723275, 1.3780165854468982, 1.3216231811661658, 1.2652351261458492, 1.2175862321613493, 1.179639496367962]","[9.520000000000001, 36.18, 39.58, 41.48, 41.760000000000005, 42.49, 42.63, 43.07, 42.91, 42.35]","[2.30260926192238, 1.8220044056957672, 1.7137924801865267, 1.6668160896109157, 1.6518013077938383, 1.6472561063361943, 1.6465293663965204, 1.6469830278795554, 1.6615008365225254, 1.6825500631157515]"
