,ValAccDone,eta,lambda,trainAccDone,trainAccuracy,trainLoss,valAccuracy,valLoss
0,37.669999999999995,0.033689092382639514,0.0006151249580831722,"[10.47, 35.33, 38.54, 39.82, 40.239999999999995, 40.339999999999996, 40.45, 40.42, 40.11, 40.17]","[10.47, 35.33, 38.54, 39.82, 40.239999999999995, 40.339999999999996, 40.45, 40.42, 40.11, 40.17]","[2.3029651984030646, 1.8345067094478307, 1.7569590943073223, 1.730308517799357, 1.7199238786314501, 1.7145843909460217, 1.713202936417423, 1.7108105548179167, 1.7115839891247706, 1.7115778923572136]","[10.68, 34.089999999999996, 36.32, 37.35, 37.65, 37.59, 37.81, 37.82, 37.41, 37.580000000000005]","[2.3029533321937516, 1.868204595671989, 1.8092229366359365, 1.789891773305532, 1.7815432320685034, 1.7781691925205987, 1.7767382511446732, 1.7746961321920747, 1.7752911115133818, 1.7756136939966503]"
