,ValAccDone,eta,lambda,trainAccDone,trainAccuracy,trainLoss,valAccuracy,valLoss
0,36.83,0.02047983676736713,0.0005534474874377308,"[7.539999999999999, 31.94, 36.3, 37.25, 37.75, 38.01, 38.07, 38.39, 38.36, 38.43]","[7.539999999999999, 31.94, 36.3, 37.25, 37.75, 38.01, 38.07, 38.39, 38.36, 38.43]","[2.30315980637941, 1.9307992964111638, 1.8415036976201486, 1.8103605160902192, 1.7936485610244033, 1.7843868858694685, 1.779232884324456, 1.775321987267271, 1.7721203271445882, 1.7698907304428184]","[7.430000000000001, 29.970000000000002, 34.42, 35.370000000000005, 36.07, 36.52, 36.54, 36.67, 36.74, 36.86]","[2.30317420552513, 1.9543135879971758, 1.8727805113401346, 1.8463762613804988, 1.8328939724154218, 1.8251965258935035, 1.8210530670971452, 1.8180329062760976, 1.8157012515222883, 1.81399451168395]"
