,ValAccDone,eta,lambda,trainAccDone,trainAccuracy,trainLoss,valAccuracy,valLoss
0,37.65,0.04790076588075447,0.0007556946814908255,"[9.62, 35.25, 38.18, 39.51, 39.4, 39.44, 39.629999999999995, 40.300000000000004, 40.07, 40.47]","[9.62, 35.25, 38.18, 39.51, 39.4, 39.44, 39.629999999999995, 40.300000000000004, 40.07, 40.47]","[2.3031148948172575, 1.804416933049113, 1.7491491246019166, 1.731161845045221, 1.7244825525146423, 1.72110443201053, 1.7190998109994018, 1.716774881465777, 1.7143657873374805, 1.7143506663898789]","[9.82, 34.18, 35.809999999999995, 36.620000000000005, 36.730000000000004, 37.43, 37.37, 37.55, 37.6, 37.66]","[2.3030983499588995, 1.8451094318527694, 1.802902717801004, 1.7909473463336452, 1.7861092109558916, 1.783996114963471, 1.7822714740832781, 1.7805658199917842, 1.779449234004723, 1.7789760760058886]"
