,ValAccDone,eta,lambda,trainAccDone,trainAccuracy,trainLoss,valAccuracy,valLoss
0,44.14,0.01928772118598692,6.865912979562136e-05,"[7.6, 34.69, 40.63, 44.03, 46.1, 48.05, 49.95, 51.05, 52.22, 53.169999999999995]","[7.6, 34.69, 40.63, 44.03, 46.1, 48.05, 49.95, 51.05, 52.22, 53.169999999999995]","[2.302799376882602, 1.8474547799733316, 1.6917424963647172, 1.6083213469194582, 1.5455907356106315, 1.4944962809459519, 1.452243543692481, 1.4191870725874955, 1.3898742027685302, 1.3640362123574774]","[7.4399999999999995, 33.379999999999995, 37.669999999999995, 39.410000000000004, 41.07, 42.26, 43.269999999999996, 43.64, 43.89, 44.17]","[2.302779538841498, 1.8809634255797083, 1.7601508392388057, 1.7100203247737527, 1.6763262417678646, 1.6522193994924086, 1.6321967479319184, 1.6200516726544363, 1.610172212111244, 1.6020464601707483]"
