,ValAccDone,eta,lambda,trainAccDone,trainAccuracy,trainLoss,valAccuracy,valLoss
0,40.489999999999995,0.03927725455873542,0.000391177027386663,"[10.14, 36.64, 39.77, 42.059999999999995, 43.01, 43.71, 44.28, 44.45, 44.73, 45.31]","[10.14, 36.64, 39.77, 42.059999999999995, 43.01, 43.71, 44.28, 44.45, 44.73, 45.31]","[2.3028357476447057, 1.7800532951542594, 1.693750980209527, 1.6538281702838495, 1.6315884618755798, 1.6141487733578748, 1.6074541870452443, 1.5985005006238733, 1.5925877217171303, 1.5838433694609269]","[9.959999999999999, 35.65, 37.41, 38.76, 39.43, 40.04, 39.93, 40.17, 40.47, 40.58]","[2.3028342768223165, 1.8241797666285904, 1.7641777084510502, 1.7385356100161138, 1.7243669251167193, 1.7124466877550986, 1.7092124406759266, 1.7040266777227104, 1.7014335152457898, 1.6942363561187144]"
