,ValAccDone,eta,lambda,trainAccDone,trainAccuracy,trainLoss,valAccuracy,valLoss
0,34.79,0.012731906938524964,0.0005132277657707378,"[8.82, 27.150000000000002, 31.990000000000002, 33.71, 34.72, 35.370000000000005, 35.76, 35.949999999999996, 36.02, 36.09]","[8.82, 27.150000000000002, 31.990000000000002, 33.71, 34.72, 35.370000000000005, 35.76, 35.949999999999996, 36.02, 36.09]","[2.3029766450268507, 2.0283729384870517, 1.942661920930087, 1.9030968043802532, 1.8838476106004531, 1.8730161174534334, 1.8662328633463097, 1.8617419043679189, 1.8584836490187855, 1.8563156558298823]","[8.77, 26.14, 30.259999999999998, 32.67, 33.62, 34.13, 34.46, 34.69, 34.68, 34.839999999999996]","[2.303019087871056, 2.045573307490518, 1.9635845677510466, 1.9269682435311284, 1.9096316007907386, 1.9000810601365974, 1.894191525469129, 1.8901822630494747, 1.8872425329910167, 1.8853745433839508]"
