,ValAccDone,eta,lambda,trainAccDone,trainAccuracy,trainLoss,valAccuracy,valLoss
0,43.669999999999995,0.021155874215505348,4.847131298946578e-05,"[9.879999999999999, 35.64, 41.68, 44.98, 47.510000000000005, 49.63, 51.44, 52.66, 54.02, 55.2]","[9.879999999999999, 35.64, 41.68, 44.98, 47.510000000000005, 49.63, 51.44, 52.66, 54.02, 55.2]","[2.3026252503731004, 1.8268398081375339, 1.6648646386802994, 1.569856562488648, 1.501800891153172, 1.4485302565515716, 1.4037657098908118, 1.3686511256747749, 1.3354034839452504, 1.3096305032450861]","[10.280000000000001, 33.71, 38.64, 40.65, 42.42, 42.93, 43.29, 43.19, 43.49, 43.580000000000005]","[2.30261070185331, 1.8628181491636167, 1.7412603832307403, 1.6872827627797364, 1.6522600654110204, 1.63146676140251, 1.61839031173429, 1.611681382172761, 1.6065214644179155, 1.6053508814056048]"
