,ValAccDone,eta,lambda,trainAccDone,trainAccuracy,trainLoss,valAccuracy,valLoss
0,36.720000000000006,0.038943791434095515,0.0007041171564133208,"[9.9, 35.32, 37.86, 38.629999999999995, 38.62, 38.82, 38.84, 38.83, 38.76, 38.690000000000005]","[9.9, 35.32, 37.86, 38.629999999999995, 38.62, 38.82, 38.84, 38.83, 38.76, 38.690000000000005]","[2.303200719376004, 1.8302800958827752, 1.7648961879819758, 1.744845985045959, 1.7362393954736857, 1.7313007874056368, 1.7287109557122373, 1.7285102742913707, 1.7271191101101209, 1.724147041892167]","[10.59, 34.12, 35.94, 36.86, 36.67, 36.6, 36.63, 36.5, 36.49, 36.66]","[2.3031638382917157, 1.864935213017372, 1.816355956709285, 1.8008921090995373, 1.7944545633458815, 1.790530311076866, 1.7888842882077303, 1.7892585016180549, 1.787894452908187, 1.7849976275701904]"
