,ValAccDone,eta,lambda,trainAccDone,trainAccuracy,trainLoss,valAccuracy,valLoss
0,39.82,0.033500648915575505,0.0004683503373143246,"[8.6, 36.25, 40.28, 41.93, 42.120000000000005, 42.449999999999996, 42.65, 42.83, 42.78, 42.96]","[8.6, 36.25, 40.28, 41.93, 42.120000000000005, 42.449999999999996, 42.65, 42.83, 42.78, 42.96]","[2.302959984629193, 1.8172819980862724, 1.7177237864194401, 1.6829951352226762, 1.66905263765116, 1.6600265577161304, 1.6533321471757665, 1.6491391093662535, 1.6472345930152006, 1.6439622441800947]","[8.89, 34.81, 37.71, 38.940000000000005, 39.050000000000004, 39.45, 39.6, 39.79, 39.839999999999996, 39.910000000000004]","[2.3029610092997705, 1.854631295227295, 1.7793989333998017, 1.7555002915068123, 1.74656635605231, 1.7400847394590842, 1.7356204788066463, 1.732247003599527, 1.7305027687174221, 1.7279212410089657]"
