,ValAccDone,eta,lambda,trainAccDone,trainAccuracy,trainLoss,valAccuracy,valLoss
0,33.7,0.015209063678709566,0.0006836711715323299,"[10.05, 27.36, 31.6, 33.660000000000004, 34.58, 34.82, 34.94, 35.120000000000005, 35.15, 35.18]","[10.05, 27.36, 31.6, 33.660000000000004, 34.58, 34.82, 34.94, 35.120000000000005, 35.15, 35.18]","[2.3031351194950567, 2.0229522683950076, 1.9500649628644398, 1.9160495584492803, 1.8993302579908546, 1.890296474098775, 1.8855638347620383, 1.8824273483433536, 1.8804382827283426, 1.8791733802914328]","[9.93, 26.26, 30.09, 32.53, 33.29, 33.629999999999995, 33.82, 33.800000000000004, 33.72, 33.73]","[2.3031304516500355, 2.0408426746362096, 1.9709116012970445, 1.9389931965832368, 1.9236594153100182, 1.9155261847962382, 1.9112164725981053, 1.9083284385009656, 1.9065193598273478, 1.9052740488063147]"
