,ValAccDone,eta,lambda,trainAccDone,trainAccuracy,trainLoss,valAccuracy,valLoss
0,42.99,0.022865746352893346,0.00019669533422565698,"[10.61, 35.02, 40.550000000000004, 43.41, 45.15, 46.410000000000004, 47.13, 47.71, 48.29, 48.61]","[10.61, 35.02, 40.550000000000004, 43.41, 45.15, 46.410000000000004, 47.13, 47.71, 48.29, 48.61]","[2.3026662390742683, 1.8471223361718725, 1.7094786169397485, 1.6419503624643137, 1.5971332630813109, 1.5669087938296136, 1.5460568212141979, 1.530477105544262, 1.5194821052486587, 1.5087972142684807]","[10.6, 33.44, 37.9, 39.25, 40.42, 41.5, 41.9, 42.16, 42.43, 42.66]","[2.302657032601722, 1.8822088912016566, 1.7716430419049864, 1.7264526778530744, 1.6984310653521064, 1.6795615416712515, 1.6673616171407086, 1.6583554920669463, 1.6525606353674245, 1.6466353404773737]"
