,ValAccDone,eta,lambda,trainAccDone,trainAccuracy,trainLoss,valAccuracy,valLoss
0,41.57,0.034135585709678444,0.0002736257766772658,"[10.280000000000001, 37.14, 41.8, 43.6, 44.64, 45.540000000000006, 45.94, 46.08, 46.52, 46.64]","[10.280000000000001, 37.14, 41.8, 43.6, 44.64, 45.540000000000006, 45.94, 46.08, 46.52, 46.64]","[2.3027379459869954, 1.7809840762412814, 1.6700110285145273, 1.6186390455076891, 1.588117252811608, 1.5688739518494759, 1.5573406500701388, 1.5491118700867497, 1.5399724280548301, 1.5367208103759564]","[10.12, 35.65, 38.34, 40.07, 40.61, 41.0, 41.15, 41.099999999999994, 41.260000000000005, 41.24]","[2.3027293399012514, 1.8256266624327608, 1.7491172125059609, 1.7156757936757165, 1.698827853472403, 1.6901712575414514, 1.684956020424524, 1.6823991142249237, 1.6782916212951773, 1.677018463262175]"
