,ValAccDone,eta,lambda,trainAccDone,trainAccuracy,trainLoss,valAccuracy,valLoss
0,39.410000000000004,0.014741551899870552,0.00026884505604720955,"[9.55, 30.470000000000002, 35.730000000000004, 38.56, 39.900000000000006, 40.96, 41.980000000000004, 42.42, 42.8, 43.04]","[9.55, 30.470000000000002, 35.730000000000004, 38.56, 39.900000000000006, 40.96, 41.980000000000004, 42.42, 42.8, 43.04]","[2.3027740775944623, 1.9513820094401757, 1.8342571694719743, 1.7777367184924673, 1.741252686088492, 1.7163187270433178, 1.699234563344174, 1.6878259354740033, 1.6785693788969809, 1.6718579683661456]","[9.68, 28.89, 34.52, 36.35, 37.29, 37.81, 38.26, 38.67, 38.97, 39.24]","[2.302774727924139, 1.9751070973104707, 1.8676436696799104, 1.8211553354540118, 1.7930598500360002, 1.7743772015690806, 1.7613910328609867, 1.7527140284621474, 1.7454747776956157, 1.740552663764511]"
