,ValAccDone,eta,lambda,trainAccDone,trainAccuracy,trainLoss,valAccuracy,valLoss
0,42.91,0.03321202481250207,8.287742177878135e-05,"[11.09, 37.76, 42.49, 45.300000000000004, 47.83, 49.54, 51.32, 52.39, 53.669999999999995, 54.61]","[11.09, 37.76, 42.49, 45.300000000000004, 47.83, 49.54, 51.32, 52.39, 53.669999999999995, 54.61]","[2.3028163594651816, 1.76112147587076, 1.627277865909612, 1.547086498485145, 1.4814252660944707, 1.4314779481003015, 1.3885119831877184, 1.35936123734006, 1.330722010142688, 1.3048386980849491]","[11.21, 35.91, 38.769999999999996, 40.58, 41.5, 41.72, 41.949999999999996, 42.08, 42.68, 42.66]","[2.302818411734877, 1.8102239779241218, 1.7278500282016245, 1.6897225304486352, 1.664084520720444, 1.6497660994369527, 1.6405051282352376, 1.6386499795393477, 1.6390208822532477, 1.6379102594176942]"
