,ValAccDone,eta,lambda,trainAccDone,trainAccuracy,trainLoss,valAccuracy,valLoss
0,43.03,0.026726806120299908,8.404839950718426e-05,"[11.23, 36.8, 42.480000000000004, 46.04, 48.28, 49.68, 50.96000000000001, 51.559999999999995, 52.42, 53.23]","[11.23, 36.8, 42.480000000000004, 46.04, 48.28, 49.68, 50.96000000000001, 51.559999999999995, 52.42, 53.23]","[2.3026583826922637, 1.7904337905707732, 1.643222024072914, 1.5537868805665822, 1.4930555292149446, 1.449394852831783, 1.4132027968858127, 1.387008163493525, 1.3615818406067568, 1.33966320734736]","[10.489999999999998, 35.010000000000005, 38.519999999999996, 41.160000000000004, 42.01, 42.66, 42.559999999999995, 42.730000000000004, 42.620000000000005, 43.03]","[2.3026431576764903, 1.8349555183462325, 1.732614624289926, 1.6812489905827757, 1.6537820354391277, 1.6392833524501293, 1.6281823135367162, 1.625271342874141, 1.6218560566693845, 1.6204121348477907]"
