,ValAccDone,eta,lambda,trainAccDone,trainAccuracy,trainLoss,valAccuracy,valLoss
0,38.25,0.024443309666217612,0.0005028481104456402,"[11.379999999999999, 32.95, 37.580000000000005, 39.07, 40.18, 40.28, 40.43, 40.75, 40.849999999999994, 40.77]","[11.379999999999999, 32.95, 37.580000000000005, 39.07, 40.18, 40.28, 40.43, 40.75, 40.849999999999994, 40.77]","[2.302847007058283, 1.8845946978140993, 1.7915519749022961, 1.7564570563499065, 1.737430985351914, 1.726509542060013, 1.7203118037334275, 1.716665182745205, 1.7132423929979728, 1.7122147414611664]","[10.86, 31.8, 36.08, 36.82, 37.49, 38.03, 38.04, 38.06, 38.18, 38.25]","[2.3028610091515946, 1.9112384827165017, 1.8315866826471132, 1.8047651671148925, 1.7907119306373884, 1.7826131679479458, 1.7782116448941236, 1.7756025228994405, 1.7729055415180222, 1.772112151316089]"
