,ValAccDone,eta,lambda,trainAccDone,trainAccuracy,trainLoss,valAccuracy,valLoss
0,43.09,0.028096735515060617,9.160454156084715e-05,"[8.73, 36.980000000000004, 42.99, 46.1, 48.46, 50.019999999999996, 51.28, 52.16, 52.92, 53.769999999999996]","[8.73, 36.980000000000004, 42.99, 46.1, 48.46, 50.019999999999996, 51.28, 52.16, 52.92, 53.769999999999996]","[2.30269362938798, 1.7863987071985994, 1.6335515278532284, 1.5545359192054518, 1.4929813968131995, 1.4488905762959838, 1.411868666208618, 1.387030742937581, 1.3643702077750193, 1.3449812620227226]","[9.08, 35.510000000000005, 39.129999999999995, 40.949999999999996, 41.68, 42.33, 42.83, 43.09, 43.09, 43.07]","[2.3026630646896082, 1.8320578832238668, 1.7294111597601414, 1.6855205648991853, 1.6554626477232395, 1.6399860276681013, 1.6299353303084838, 1.6257205220036288, 1.623426099198946, 1.6238223229756834]"
