,ValAccDone,eta,lambda,trainAccDone,trainAccuracy,trainLoss,valAccuracy,valLoss
0,34.82,0.014657292611467683,0.0005782534634430261,"[8.53, 28.54, 32.379999999999995, 34.21, 35.14, 35.76, 36.04, 36.059999999999995, 36.21, 36.36]","[8.53, 28.54, 32.379999999999995, 34.21, 35.14, 35.76, 36.04, 36.059999999999995, 36.21, 36.36]","[2.3034089383480945, 2.004692814059466, 1.9276212758742355, 1.8934097428202856, 1.8769537910819516, 1.8670076718223612, 1.8609749160544184, 1.8569024703669597, 1.8537975985884239, 1.8517826571059313]","[8.709999999999999, 26.919999999999998, 30.930000000000003, 33.23, 33.87, 34.44, 34.69, 34.77, 34.8, 34.870000000000005]","[2.303401017490594, 2.023423187510497, 1.9497279358824702, 1.9184010071731148, 1.9036971347636433, 1.8947932717022797, 1.8895041415660374, 1.8859070766711534, 1.8833353736999876, 1.8815012473332418]"
