,ValAccDone,eta,lambda,trainAccDone,trainAccuracy,trainLoss,valAccuracy,valLoss
0,36.07,0.02546145555432771,0.0007287215677794165,"[12.43, 32.66, 36.02, 37.0, 37.230000000000004, 37.49, 37.44, 37.54, 37.65, 37.64]","[12.43, 32.66, 36.02, 37.0, 37.230000000000004, 37.49, 37.44, 37.54, 37.65, 37.64]","[2.302994369035256, 1.9059488257229, 1.8381761057380241, 1.814591862266537, 1.8041067806356266, 1.7985974559809867, 1.7951525705886096, 1.7932493768145417, 1.7917441943220374, 1.7907536069794971]","[12.030000000000001, 31.269999999999996, 34.8, 35.620000000000005, 35.96, 36.05, 35.96, 36.0, 36.03, 36.01]","[2.303001574125404, 1.9304357944810617, 1.8696272400500114, 1.849896561732156, 1.8417560613299033, 1.8376122103866575, 1.835108305419589, 1.8337581462584764, 1.8325323919668854, 1.8321140017894784]"
