,ValAccDone,eta,lambda,trainAccDone,trainAccuracy,trainLoss,valAccuracy,valLoss
0,33.33,0.01466860035143482,0.0007183570801940996,"[11.1, 27.35, 31.15, 32.72, 33.7, 34.050000000000004, 34.36, 34.47, 34.35, 34.36]","[11.1, 27.35, 31.15, 32.72, 33.7, 34.050000000000004, 34.36, 34.47, 34.35, 34.36]","[2.3032533415212013, 2.027959141511745, 1.9615328170778004, 1.9333590622308812, 1.9187627342300781, 1.9109432513586735, 1.9065992188740333, 1.9032343765822677, 1.9008330174288677, 1.8991834104503298]","[10.37, 26.179999999999996, 29.81, 31.55, 32.26, 32.769999999999996, 32.9, 33.07, 33.18, 33.339999999999996]","[2.303266221672234, 2.0445565277124738, 1.9809300910200043, 1.954071045418407, 1.940810561556133, 1.9336219452443586, 1.9296671302713915, 1.9266239627663004, 1.9245863090770274, 1.9231530472485132]"
