,ValAccDone,eta,lambda,trainAccDone,trainAccuracy,trainLoss,valAccuracy,valLoss
0,39.37,0.04478321463007762,0.0005687765449832408,"[10.9, 35.699999999999996, 39.36, 40.99, 41.9, 42.68, 42.96, 42.71, 43.120000000000005, 43.26]","[10.9, 35.699999999999996, 39.36, 40.99, 41.9, 42.68, 42.96, 42.71, 43.120000000000005, 43.26]","[2.30294452969346, 1.7950031679346383, 1.7166226520938814, 1.6903757937850834, 1.673766138429017, 1.6690918885265202, 1.6611602446005738, 1.661625864417644, 1.660304817452094, 1.657761230379808]","[10.58, 34.660000000000004, 37.01, 38.03, 38.79, 39.09, 39.43, 39.57, 39.45, 39.37]","[2.302978820154673, 1.8376280357983423, 1.781404213304189, 1.764937499865723, 1.7543655841603336, 1.751215057415214, 1.7444395594701825, 1.7446927885956791, 1.743577246192448, 1.740542843767036]"
