,ValAccDone,eta,lambda,trainAccDone,trainAccuracy,trainLoss,valAccuracy,valLoss
0,36.58,0.04186295566931385,0.0007598966669809495,"[9.2, 35.449999999999996, 38.26, 38.48, 38.6, 38.34, 38.5, 38.57, 38.47, 38.9]","[9.2, 35.449999999999996, 38.26, 38.48, 38.6, 38.34, 38.5, 38.57, 38.47, 38.9]","[2.303402678011274, 1.828380686459062, 1.7618062620953607, 1.7472840590979888, 1.7406159542275212, 1.7388997009268536, 1.7370740556990485, 1.7348764873317901, 1.7356781081802353, 1.7321506017388164]","[8.95, 33.95, 36.230000000000004, 36.41, 36.44, 36.33, 36.47, 36.39, 36.370000000000005, 36.69]","[2.3033765038120575, 1.8631521916030669, 1.8134123932945518, 1.8033118971226765, 1.7984291545212314, 1.797370548394495, 1.7952885289005758, 1.793262687702331, 1.7938816002886455, 1.7903142770322542]"
