,ValAccDone,eta,lambda,trainAccDone,trainAccuracy,trainLoss,valAccuracy,valLoss
0,43.0,0.028792457953366518,6.78403197826553e-05,"[9.370000000000001, 36.91, 42.57, 45.93, 47.78, 49.65, 51.0, 52.22, 53.059999999999995, 54.54]","[9.370000000000001, 36.91, 42.57, 45.93, 47.78, 49.65, 51.0, 52.22, 53.059999999999995, 54.54]","[2.302706071942315, 1.7846779870744693, 1.634310341125602, 1.5428200320240213, 1.4835036048871502, 1.4362177119230963, 1.4004861910324866, 1.3704041487170824, 1.3450188848897993, 1.3150478206711647]","[9.58, 35.339999999999996, 38.93, 41.18, 41.74, 42.19, 42.35, 42.24, 42.309999999999995, 42.75]","[2.3026975537730414, 1.8288078887381758, 1.7286710186506087, 1.678407506514352, 1.6577738000775835, 1.6449847426152524, 1.6412645321913468, 1.6403497154474787, 1.6418749056005428, 1.6369871708800972]"
