,ValAccDone,eta,lambda,trainAccDone,trainAccuracy,trainLoss,valAccuracy,valLoss
0,40.21,0.037964758811832144,0.00041682278326807937,"[10.91, 36.51, 40.32, 41.8, 42.64, 43.269999999999996, 43.38, 43.87, 44.01, 44.42]","[10.91, 36.51, 40.32, 41.8, 42.64, 43.269999999999996, 43.38, 43.87, 44.01, 44.42]","[2.3028812624599317, 1.7928635912357878, 1.6968907747671451, 1.6571250387309422, 1.6401136152302678, 1.6251718915345037, 1.6203298308079084, 1.6107121314190467, 1.60645377796545, 1.6027204471415497]","[11.1, 35.14, 37.37, 38.83, 39.45, 39.67, 39.78, 40.129999999999995, 40.1, 40.31]","[2.3029016212971096, 1.8368159618216073, 1.767465468081051, 1.7421998753616215, 1.7312187408186295, 1.7210481402424447, 1.7180412274446017, 1.7110105067752, 1.7083303370894631, 1.7059151063295082]"
