,ValAccDone,eta,lambda,trainAccDone,trainAccuracy,trainLoss,valAccuracy,valLoss
0,40.54,0.011581289513474613,0.00014523149479041183,"[9.49, 29.59, 35.410000000000004, 38.41, 40.150000000000006, 41.699999999999996, 42.980000000000004, 43.76, 44.3, 44.940000000000005]","[9.49, 29.59, 35.410000000000004, 38.41, 40.150000000000006, 41.699999999999996, 42.980000000000004, 43.76, 44.3, 44.940000000000005]","[2.302704374653363, 1.975967259447757, 1.836856606911563, 1.7626396607811776, 1.7158891808753616, 1.6828404615044315, 1.6591463587381885, 1.6403168140772788, 1.625408282350222, 1.6131496676536237]","[9.35, 27.58, 34.160000000000004, 36.54, 37.87, 38.47, 39.09, 39.57, 40.07, 40.5]","[2.3027096778874165, 1.9985728355716, 1.871199008616655, 1.8088803526458161, 1.773265444416846, 1.7500461834019339, 1.7337487195659804, 1.720833587804491, 1.7109513435029622, 1.7030360298546316]"
