,ValAccDone,eta,lambda,trainAccDone,trainAccuracy,trainLoss,valAccuracy,valLoss
0,42.01,0.032013546137363125,7.948777451149623e-05,"[7.779999999999999, 37.19, 42.03, 45.29, 47.92, 49.25, 50.82, 52.23, 53.03, 53.73]","[7.779999999999999, 37.19, 42.03, 45.29, 47.92, 49.25, 50.82, 52.23, 53.03, 53.73]","[2.3026714317359804, 1.767501302574646, 1.6329140754564924, 1.5511211510880503, 1.4828185110279302, 1.4391133011983022, 1.406667301137812, 1.3704561669561914, 1.345927868279929, 1.3253638644165806]","[8.110000000000001, 35.589999999999996, 39.01, 40.52, 41.14, 41.5, 41.339999999999996, 41.75, 41.78, 41.68]","[2.3026639298880056, 1.8173895010018755, 1.730473442472479, 1.6910799170137654, 1.6653245376619144, 1.6520729014745048, 1.6532056117820988, 1.6470961304765106, 1.6485591471762036, 1.6519723764839467]"
