,ValAccDone,eta,lambda,trainAccDone,trainAccuracy,trainLoss,valAccuracy,valLoss
0,38.190000000000005,0.04542320066268754,0.0007033592965677042,"[9.39, 35.88, 38.43, 38.93, 39.379999999999995, 39.67, 39.839999999999996, 40.28, 40.46, 40.64]","[9.39, 35.88, 38.43, 38.93, 39.379999999999995, 39.67, 39.839999999999996, 40.28, 40.46, 40.64]","[2.3031381264338804, 1.8071670232098258, 1.7481009856684082, 1.7325978424344035, 1.7227836090386914, 1.719986488868022, 1.712681081289368, 1.7078650745395674, 1.7079854427938437, 1.7043953650005599]","[9.35, 34.28, 36.51, 36.870000000000005, 37.230000000000004, 37.3, 37.69, 37.59, 37.79, 37.68]","[2.3031553214327993, 1.8480308552871487, 1.8021959643859842, 1.7901335409857935, 1.7840075965327777, 1.7819568337053382, 1.7760950211662476, 1.7734546560576017, 1.77451592268454, 1.7728088057242215]"
