,ValAccDone,eta,lambda,trainAccDone,trainAccuracy,trainLoss,valAccuracy,valLoss
0,37.54,0.04496250133076996,0.000742425478177386,"[7.71, 35.85, 38.01, 38.92, 38.99, 39.290000000000006, 39.11, 39.23, 39.61, 39.82]","[7.71, 35.85, 38.01, 38.92, 38.99, 39.290000000000006, 39.11, 39.23, 39.61, 39.82]","[2.3034285029138517, 1.8110949190293613, 1.7547116688113331, 1.739619106246453, 1.7316417600131346, 1.728590879112514, 1.7253596982211854, 1.7246699637050353, 1.7209429310166133, 1.7208076446486824]","[7.37, 34.489999999999995, 35.92, 36.41, 36.78, 36.83, 36.980000000000004, 36.84, 37.24, 37.38]","[2.3034349138578145, 1.8498403535903023, 1.809904585953676, 1.7977075118082446, 1.7922562557184556, 1.7896086364763724, 1.7877481500162975, 1.7878934426861504, 1.7842866032355538, 1.7842320411193706]"
