,ValAccDone,eta,lambda,trainAccDone,trainAccuracy,trainLoss,valAccuracy,valLoss
0,41.339999999999996,0.047587071391313,0.00012474917378150674,"[10.33, 37.46, 43.4, 45.95, 48.06, 49.4, 50.51, 51.72, 52.300000000000004, 52.629999999999995]","[10.33, 37.46, 43.4, 45.95, 48.06, 49.4, 50.51, 51.72, 52.300000000000004, 52.629999999999995]","[2.302669223821102, 1.730528979793671, 1.5961011225415023, 1.5396591539770452, 1.488404630539807, 1.4426912321886587, 1.410087640893889, 1.383128289853018, 1.3588892340047676, 1.3510960128376814]","[10.08, 35.160000000000004, 39.019999999999996, 39.42, 40.23, 40.910000000000004, 40.87, 41.010000000000005, 40.92, 40.96]","[2.302667845293064, 1.7960738499895208, 1.721080575325825, 1.711000556644168, 1.7054086202009802, 1.6961791519596232, 1.6949336006665892, 1.6934328100790896, 1.6921989446289603, 1.7022845196446643]"
