,ValAccDone,eta,lambda,trainAccDone,trainAccuracy,trainLoss,valAccuracy,valLoss
0,37.74,0.010224203531379006,0.00024563169322401856,"[12.31, 27.87, 33.47, 35.91, 37.11, 37.980000000000004, 38.71, 39.25, 39.550000000000004, 39.96]","[12.31, 27.87, 33.47, 35.91, 37.11, 37.980000000000004, 38.71, 39.25, 39.550000000000004, 39.96]","[2.3026414923092156, 2.0175895559260666, 1.8975539073851277, 1.838475283288446, 1.8044673563868412, 1.782908618706057, 1.7677648375252994, 1.7573859659280058, 1.7495580131269703, 1.7433253015514896]","[12.5, 26.72, 31.69, 34.33, 35.510000000000005, 36.22, 36.75, 37.19, 37.41, 37.580000000000005]","[2.302641994916335, 2.036496075681868, 1.9235430149049737, 1.8703753737423083, 1.8414725602652324, 1.8238796798991146, 1.811940121920599, 1.8036768244185404, 1.7975932417716776, 1.792862708235079]"
