,ValAccDone,eta,lambda,trainAccDone,trainAccuracy,trainLoss,valAccuracy,valLoss
0,39.75,0.012003113998228914,0.0001767728347661727,"[11.24, 30.049999999999997, 35.6, 38.440000000000005, 39.97, 41.44, 42.49, 43.19, 43.62, 44.43]","[11.24, 30.049999999999997, 35.6, 38.440000000000005, 39.97, 41.44, 42.49, 43.19, 43.62, 44.43]","[2.3025575483813534, 1.9687772451873435, 1.8373583286948978, 1.773102664973721, 1.73162265596225, 1.702071702759365, 1.6795896778915367, 1.6620115859763764, 1.6484920790953932, 1.6381857324340887]","[11.37, 28.37, 34.31, 36.22, 37.480000000000004, 38.17, 38.83, 39.03, 39.34, 39.4]","[2.3025378822522375, 1.990422134252502, 1.8700889524584097, 1.817264322017936, 1.785564314139512, 1.7639149725109633, 1.7484433822754295, 1.7356285656781123, 1.7262017709813895, 1.7190387884455893]"
