,ValAccDone,eta,lambda,trainAccDone,trainAccuracy,trainLoss,valAccuracy,valLoss
0,39.39,0.04825243901281558,0.0004853000453587152,"[13.63, 36.47, 40.04, 41.48, 42.84, 43.21, 43.480000000000004, 44.15, 44.35, 44.330000000000005]","[13.63, 36.47, 40.04, 41.48, 42.84, 43.21, 43.480000000000004, 44.15, 44.35, 44.330000000000005]","[2.3028334163876085, 1.7730279266448767, 1.6974661883422837, 1.6664116328514462, 1.643125953000908, 1.6327315934870779, 1.6322662808314499, 1.6181650118429485, 1.6098841732822748, 1.60952683959785]","[13.59, 34.910000000000004, 36.61, 38.3, 38.83, 38.879999999999995, 39.04, 39.300000000000004, 39.75, 39.519999999999996]","[2.3028353486868074, 1.824920611755176, 1.7721170202459327, 1.7538588331899647, 1.7383971536018328, 1.7317778871843574, 1.7313255109964039, 1.721224144750939, 1.7147856771811314, 1.7147418378731243]"
