,ValAccDone,eta,lambda,trainAccDone,trainAccuracy,trainLoss,valAccuracy,valLoss
0,38.940000000000005,0.016301285961986735,0.00030483429940536116,"[12.370000000000001, 32.31, 37.25, 39.2, 40.489999999999995, 41.28, 41.959999999999994, 42.61, 43.14, 43.18]","[12.370000000000001, 32.31, 37.25, 39.2, 40.489999999999995, 41.28, 41.959999999999994, 42.61, 43.14, 43.18]","[2.3026767974435316, 1.922198365500474, 1.8073259743953882, 1.7584804556036846, 1.7299001216250003, 1.7108573052922142, 1.6990097625550453, 1.6900254282677833, 1.683673454257267, 1.6783151676153252]","[11.85, 30.61, 35.53, 36.720000000000006, 37.480000000000004, 37.86, 38.21, 38.49, 38.71, 38.76]","[2.302708947173267, 1.946368382828311, 1.843619057593273, 1.8054263420310916, 1.7843827779111798, 1.7704012520651624, 1.7614600152125504, 1.75497130683096, 1.7503627458813746, 1.7462500811180472]"
