,ValAccDone,eta,lambda,trainAccDone,trainAccuracy,trainLoss,valAccuracy,valLoss
0,42.02,0.039497178854363706,6.987071418742741e-05,"[11.35, 38.0, 42.34, 46.410000000000004, 48.75, 50.449999999999996, 52.290000000000006, 53.879999999999995, 55.03, 56.42]","[11.35, 38.0, 42.34, 46.410000000000004, 48.75, 50.449999999999996, 52.290000000000006, 53.879999999999995, 55.03, 56.42]","[2.302521595763354, 1.7440767568276956, 1.604728708913116, 1.5110228258040699, 1.445599910990991, 1.407220938309477, 1.3646197737891381, 1.3229260102222902, 1.2922524388102872, 1.2575474688218011]","[11.27, 36.09, 38.42, 40.050000000000004, 41.19, 40.88, 41.410000000000004, 41.78, 41.67, 42.089999999999996]","[2.3025288396152277, 1.8000366863302364, 1.7226080821723986, 1.6790746877237372, 1.6605208365278386, 1.6665343978718503, 1.665699436587316, 1.6631899571889668, 1.6687617141009397, 1.6691299782116757]"
