,ValAccDone,eta,lambda,trainAccDone,trainAccuracy,trainLoss,valAccuracy,valLoss
0,43.580000000000005,0.014421907493088018,6.418219759136134e-05,"[12.4, 32.300000000000004, 38.58, 42.05, 44.37, 46.07, 47.73, 49.03, 50.03999999999999, 51.300000000000004]","[12.4, 32.300000000000004, 38.58, 42.05, 44.37, 46.07, 47.73, 49.03, 50.03999999999999, 51.300000000000004]","[2.302403483588128, 1.9071084024721578, 1.7636917979593039, 1.6722969572666457, 1.6077616176840601, 1.55889509534064, 1.5187920806391597, 1.4852057881843372, 1.4565218043098374, 1.4308214683643439]","[12.26, 30.459999999999997, 35.92, 38.49, 39.87, 41.06, 41.88, 42.61, 42.970000000000006, 43.26]","[2.3024352338439695, 1.9337762536764536, 1.8109839977599482, 1.7452842113474496, 1.7044762436052165, 1.6766810312704434, 1.6559485263203377, 1.640305096149696, 1.6273055513955113, 1.6164593138021282]"
