,ValAccDone,eta,lambda,trainAccDone,trainAccuracy,trainLoss,valAccuracy,valLoss
0,35.31,0.015284324333936023,0.0005535208960554377,"[9.54, 29.28, 33.46, 35.11, 35.83, 36.41, 36.7, 36.730000000000004, 36.77, 36.89]","[9.54, 29.28, 33.46, 35.11, 35.83, 36.41, 36.7, 36.730000000000004, 36.77, 36.89]","[2.3030367844436097, 1.99461989487956, 1.9035364402103692, 1.8717133295166823, 1.8557229672579076, 1.8451561887677934, 1.8387225780865726, 1.8349882978295275, 1.83241436383301, 1.8310588172054687]","[10.09, 27.66, 32.56, 33.96, 34.660000000000004, 34.88, 35.02, 35.089999999999996, 35.03, 35.120000000000005]","[2.303053865316368, 2.0143486441472493, 1.9277857723301355, 1.899447891564657, 1.8853506060783667, 1.8763002374754794, 1.870770423696436, 1.8674979456221183, 1.8651894684402857, 1.864156274948911]"
