,ValAccDone,eta,lambda,trainAccDone,trainAccuracy,trainLoss,valAccuracy,valLoss
0,31.580000000000002,0.010327738842733733,0.0005971538017628481,"[8.83, 25.44, 28.57, 30.2, 31.44, 31.95, 32.36, 32.66, 32.71, 32.71]","[8.83, 25.44, 28.57, 30.2, 31.44, 31.95, 32.36, 32.66, 32.71, 32.71]","[2.303256221493698, 2.0767117742026606, 2.0135201703442442, 1.9851150953643943, 1.9668259285455407, 1.954982607710482, 1.9468020774024866, 1.9413394447039813, 1.9374200343730061, 1.934276412136116]","[9.5, 23.72, 27.08, 28.749999999999996, 29.75, 30.29, 30.79, 31.069999999999997, 31.259999999999998, 31.39]","[2.3032134948469567, 2.091424910180044, 2.030966998144368, 2.003301198961937, 1.9854852012854365, 1.9740187536989169, 1.9662011599365192, 1.9610511340190604, 1.9573175622216323, 1.954445717938853]"
