,ValAccDone,eta,lambda,trainAccDone,trainAccuracy,trainLoss,valAccuracy,valLoss
0,36.36,0.020329012011479245,0.000606061443550454,"[13.29, 31.86, 35.58, 37.0, 37.7, 37.93, 38.14, 38.29, 38.22, 38.279999999999994]","[13.29, 31.86, 35.58, 37.0, 37.7, 37.93, 38.14, 38.29, 38.22, 38.279999999999994]","[2.303053759282178, 1.938411644669281, 1.8558345290353486, 1.827207975501579, 1.8115546850046844, 1.8022066618222616, 1.7963490283874384, 1.7927821813015226, 1.790799872967052, 1.788984448108199]","[13.020000000000001, 30.19, 34.050000000000004, 35.03, 35.57, 35.97, 36.21, 36.21, 36.17, 36.29]","[2.3030594727200753, 1.9617522265482115, 1.8867778941229487, 1.8615921919515133, 1.8482786629518633, 1.8408176474374993, 1.8357930780195333, 1.8329766613609457, 1.8314184031505008, 1.8298646914884533]"
