,ValAccDone,eta,lambda,trainAccDone,trainAccuracy,trainLoss,valAccuracy,valLoss
0,40.81,0.04017492231133565,0.00031538153543942755,"[10.290000000000001, 37.51, 41.81, 43.22, 44.41, 45.04, 45.67, 45.839999999999996, 45.96, 46.46]","[10.290000000000001, 37.51, 41.81, 43.22, 44.41, 45.04, 45.67, 45.839999999999996, 45.96, 46.46]","[2.302880594633012, 1.760179752444114, 1.6615327675847735, 1.6184915704869414, 1.5911953727753667, 1.5769489329831186, 1.564324321728861, 1.5581092510366787, 1.5479145781720667, 1.5431432456263807]","[10.85, 35.709999999999994, 38.46, 39.17, 39.98, 39.87, 40.33, 40.53, 40.72, 40.98]","[2.302879980971662, 1.8120353086502998, 1.7436666697415721, 1.7196878841676375, 1.703649835145373, 1.698892940991543, 1.690780010483037, 1.689080652790816, 1.682532568808149, 1.6795797077910493]"
