,ValAccDone,eta,lambda,trainAccDone,trainAccuracy,trainLoss,valAccuracy,valLoss
0,39.72,0.044144276420966515,0.0005101508797233893,"[9.29, 36.370000000000005, 39.660000000000004, 41.099999999999994, 42.02, 42.44, 42.5, 42.95, 43.230000000000004, 43.56]","[9.29, 36.370000000000005, 39.660000000000004, 41.099999999999994, 42.02, 42.44, 42.5, 42.95, 43.230000000000004, 43.56]","[2.3030399700386317, 1.7928325378537324, 1.7147277775572336, 1.6822801378705559, 1.6677684818429472, 1.6557774050790108, 1.6489269197604617, 1.6400277546831523, 1.636451367934312, 1.631007410728353]","[9.370000000000001, 35.02, 36.82, 37.91, 38.86, 39.21, 39.269999999999996, 39.43, 39.4, 39.6]","[2.303029931337923, 1.8366208382867204, 1.7822430040025754, 1.7594047734084113, 1.7524091177237584, 1.7440551309781458, 1.7386284877936604, 1.732873294832148, 1.7280656751556136, 1.72439741922037]"
