,ValAccDone,eta,lambda,trainAccDone,trainAccuracy,trainLoss,valAccuracy,valLoss
0,39.410000000000004,0.048382964646494955,0.0004403853917898109,"[10.530000000000001, 36.58, 40.03, 42.1, 43.22, 44.07, 43.89, 44.11, 44.49, 44.379999999999995]","[10.530000000000001, 36.58, 40.03, 42.1, 43.22, 44.07, 43.89, 44.11, 44.49, 44.379999999999995]","[2.3028382227396156, 1.7637920930137223, 1.6889099777749597, 1.656535822816105, 1.637623606458442, 1.6215479978108343, 1.6141882521380406, 1.6095534638627194, 1.603453824701937, 1.5988517467222616]","[10.69, 35.089999999999996, 37.169999999999995, 38.42, 38.690000000000005, 39.269999999999996, 39.32, 39.25, 39.08, 39.44]","[2.3028339047407504, 1.814599347593689, 1.767248568176108, 1.7457022834211504, 1.7336611791091159, 1.724205396955183, 1.7189647036831857, 1.7162489086503867, 1.7138376090315786, 1.7098345403174742]"
