,ValAccDone,eta,lambda,trainAccDone,trainAccuracy,trainLoss,valAccuracy,valLoss
0,36.28,0.023351154230541744,0.0006593626472624059,"[10.35, 32.31, 36.21, 37.11, 37.580000000000005, 37.93, 37.97, 38.0, 38.15, 38.129999999999995]","[10.35, 32.31, 36.21, 37.11, 37.580000000000005, 37.93, 37.97, 38.0, 38.15, 38.129999999999995]","[2.3029570795835057, 1.9208621856274803, 1.8420925835977173, 1.8134084089456912, 1.8002816844436846, 1.792074421223626, 1.7881476646366787, 1.7848783786756017, 1.7834413715085906, 1.7824398081916866]","[10.91, 30.3, 34.27, 35.32, 35.94, 36.24, 36.19, 36.17, 36.34, 36.34]","[2.3029770566928662, 1.9442281185275325, 1.8739443747194822, 1.8500509968705376, 1.839247067163238, 1.8327623753594449, 1.8300516676838134, 1.8276734854720509, 1.8263527833234374, 1.8256543371040626]"
