,ValAccDone,eta,lambda,trainAccDone,trainAccuracy,trainLoss,valAccuracy,valLoss
0,37.39,0.0408619115415097,0.0007071484154875335,"[11.48, 35.36, 38.31, 39.23, 39.71, 39.48, 39.519999999999996, 39.6, 39.71, 39.629999999999995]","[11.48, 35.36, 38.31, 39.23, 39.71, 39.48, 39.519999999999996, 39.6, 39.71, 39.629999999999995]","[2.302984669368776, 1.822992703079217, 1.7550358540085607, 1.7340930284629406, 1.725222841997357, 1.7224589258627667, 1.7183071249008122, 1.7173038515401835, 1.7146004730552902, 1.7149306661957417]","[11.52, 34.239999999999995, 36.49, 36.8, 37.25, 37.330000000000005, 37.3, 37.44, 37.2, 37.59]","[2.30302282297248, 1.8578457486904323, 1.806917852988868, 1.7914329767824164, 1.784790175705119, 1.7832932915134563, 1.7814925592757904, 1.7807917529056083, 1.7795641861860947, 1.7791955546451454]"
