,ValAccDone,eta,lambda,trainAccDone,trainAccuracy,trainLoss,valAccuracy,valLoss
0,31.41,0.010347029963575194,0.0006027216437448028,"[8.559999999999999, 24.63, 27.99, 29.609999999999996, 30.919999999999998, 31.47, 31.8, 32.34, 32.47, 32.47]","[8.559999999999999, 24.63, 27.99, 29.609999999999996, 30.919999999999998, 31.47, 31.8, 32.34, 32.47, 32.47]","[2.3031907473872533, 2.091894219319372, 2.0193640442023617, 1.9896760097418809, 1.9707979356011076, 1.9580328884565685, 1.9496004425709663, 1.943896516147547, 1.9397480069071915, 1.9365925192757285]","[8.15, 23.189999999999998, 26.61, 28.38, 29.299999999999997, 30.03, 30.669999999999998, 30.830000000000002, 31.009999999999998, 31.22]","[2.303202177265734, 2.1050666973388803, 2.036125275133485, 2.007393221797605, 1.98922695112543, 1.9770549322040034, 1.969082465910236, 1.9637100725231322, 1.9597748207796062, 1.9568183316790373]"
