,ValAccDone,eta,lambda,trainAccDone,trainAccuracy,trainLoss,valAccuracy,valLoss
0,40.19,0.043983667397791054,0.00025964105769032297,"[9.87, 37.4, 41.9, 44.03, 45.62, 45.67, 46.6, 47.04, 47.63, 47.57]","[9.87, 37.4, 41.9, 44.03, 45.62, 45.67, 46.6, 47.04, 47.63, 47.57]","[2.302746438673759, 1.757715310324162, 1.6496939584337054, 1.5876548158991228, 1.5516282528731848, 1.538973401417593, 1.5232406538807755, 1.5155157609347625, 1.504138370262106, 1.5016095646456558]","[9.69, 35.9, 38.269999999999996, 39.589999999999996, 40.43, 40.04, 39.98, 40.31, 40.660000000000004, 40.69]","[2.302721778946137, 1.8091987995574477, 1.7377857968384238, 1.704236109589244, 1.6884287960280444, 1.6875274196121417, 1.6808347056036304, 1.679699989475214, 1.6750097851085932, 1.6762901533482566]"
