,ValAccDone,eta,lambda,trainAccDone,trainAccuracy,trainLoss,valAccuracy,valLoss
0,42.28,0.03150795097799308,5.984538221300748e-05,"[9.92, 37.14, 42.92, 45.910000000000004, 48.08, 49.769999999999996, 51.01, 52.400000000000006, 53.459999999999994, 55.06999999999999]","[9.92, 37.14, 42.92, 45.910000000000004, 48.08, 49.769999999999996, 51.01, 52.400000000000006, 53.459999999999994, 55.06999999999999]","[2.3027400804682125, 1.7617610402112098, 1.6183891441148688, 1.5335101616751317, 1.4757473288079734, 1.425464806766342, 1.391816605200649, 1.3564532563462344, 1.3260128088433696, 1.2889259665640205]","[10.54, 35.69, 39.25, 41.08, 41.71, 42.33, 42.24, 42.730000000000004, 42.36, 42.54]","[2.302708645549875, 1.8104101036649447, 1.7178700021893514, 1.6781250282716447, 1.6601953637049096, 1.6500351704789178, 1.65133624578658, 1.6492580612238412, 1.6545454941983415, 1.649261483411761]"
