,ValAccDone,eta,lambda,trainAccDone,trainAccuracy,trainLoss,valAccuracy,valLoss
0,37.71,0.029538559559083723,0.0005977364073646947,"[10.02, 34.04, 38.16, 39.17, 39.95, 40.089999999999996, 40.04, 40.03, 39.76, 39.83]","[10.02, 34.04, 38.16, 39.17, 39.95, 40.089999999999996, 40.04, 40.03, 39.76, 39.83]","[2.3031172513018814, 1.8650181630209137, 1.7751306114451364, 1.7489547690053422, 1.7360933520543724, 1.7299512149590603, 1.7264557405277505, 1.7242046350742855, 1.7242689766801516, 1.72305200632526]","[9.45, 32.73, 36.58, 36.9, 37.3, 37.480000000000004, 37.6, 37.91, 37.72, 37.769999999999996]","[2.3031059387734807, 1.895131298393314, 1.8196063308640218, 1.8002797500192715, 1.7902299247622868, 1.7858186622881462, 1.7832540543498157, 1.7816538039735117, 1.7824906779885121, 1.781366228016787]"
