,ValAccDone,eta,lambda,trainAccDone,trainAccuracy,trainLoss,valAccuracy,valLoss
0,37.480000000000004,0.02385846303799916,0.0005525913510564546,"[9.76, 32.99, 37.03, 38.22, 39.15, 39.69, 39.86, 39.93, 39.98, 40.04]","[9.76, 32.99, 37.03, 38.22, 39.15, 39.69, 39.86, 39.93, 39.98, 40.04]","[2.303041889210439, 1.8946060800082751, 1.8082835719842105, 1.7769172873286787, 1.7605253736222723, 1.7497630035852465, 1.74489399137157, 1.741701655909363, 1.73931069475941, 1.7379897702069382]","[9.34, 31.740000000000002, 35.54, 36.43, 37.1, 37.55, 37.34, 37.330000000000005, 37.59, 37.5]","[2.3030717514150365, 1.9203861228048833, 1.8452206572335474, 1.8209562657502798, 1.808235284540188, 1.7997776997023467, 1.7957772420376086, 1.7935011837263246, 1.7919360562656288, 1.7907870630159133]"
