,ValAccDone,eta,lambda,trainAccDone,trainAccuracy,trainLoss,valAccuracy,valLoss
0,40.08,0.048586969693277235,0.00021915500060958997,"[12.6, 37.46, 43.24, 46.379999999999995, 46.989999999999995, 48.24, 47.839999999999996, 48.15, 48.29, 49.74]","[12.6, 37.46, 43.24, 46.379999999999995, 46.989999999999995, 48.24, 47.839999999999996, 48.15, 48.29, 49.74]","[2.3026946931996646, 1.7484958482217825, 1.621614710953415, 1.5532074554512083, 1.516684957821363, 1.4931145550026181, 1.4894912476041973, 1.4802451571008635, 1.4700373040858836, 1.4508536317963845]","[12.06, 35.260000000000005, 38.72, 40.150000000000006, 40.19, 40.53, 39.839999999999996, 39.79, 39.64, 40.43]","[2.3027081477992515, 1.8046960079491086, 1.7246431929011818, 1.689931351574505, 1.680961412421721, 1.6748027395336444, 1.6853578104544424, 1.688529180831544, 1.6862739702884149, 1.676818926039299]"
