,ValAccDone,eta,lambda,trainAccDone,trainAccuracy,trainLoss,valAccuracy,valLoss
0,36.41,0.033455618129542425,0.0007369348699964003,"[13.700000000000001, 34.31, 37.480000000000004, 38.129999999999995, 38.41, 38.53, 38.25, 38.21, 38.16, 38.15]","[13.700000000000001, 34.31, 37.480000000000004, 38.129999999999995, 38.41, 38.53, 38.25, 38.21, 38.16, 38.15]","[2.3031069014512773, 1.8545846667309742, 1.7869937867733632, 1.7666624545405822, 1.7582751198417292, 1.755204169998017, 1.754030201800376, 1.7542100827592733, 1.7537305825526883, 1.7527494964598824]","[13.68, 33.46, 35.61, 36.46, 36.7, 36.809999999999995, 36.55, 36.370000000000005, 36.29, 36.52]","[2.3030853968467087, 1.8855513796352985, 1.8300896353883156, 1.8146708801524478, 1.8089151029106127, 1.807558944466241, 1.806953657065259, 1.8069599979748634, 1.806386237694051, 1.8054288795112763]"
