,ValAccDone,eta,lambda,trainAccDone,trainAccuracy,trainLoss,valAccuracy,valLoss
0,37.480000000000004,0.02238793575637299,0.0005401081532425279,"[11.78, 32.75, 37.230000000000004, 38.59, 39.2, 39.65, 39.68, 39.78, 39.82, 39.739999999999995]","[11.78, 32.75, 37.230000000000004, 38.59, 39.2, 39.65, 39.68, 39.78, 39.82, 39.739999999999995]","[2.303045580423678, 1.9083783159699614, 1.813725494963128, 1.7824284166006905, 1.766766999151484, 1.7576310255877479, 1.7523872680336892, 1.7490919001079277, 1.7470230581622488, 1.7449495262953496]","[11.04, 30.85, 35.29, 36.24, 36.58, 36.94, 37.04, 37.419999999999995, 37.29, 37.36]","[2.3030801750086862, 1.934216495060732, 1.849815712397305, 1.8251724597621697, 1.8127917496097148, 1.8058556525941127, 1.8018103134731152, 1.7994230997946619, 1.7980376570281513, 1.7964212909210984]"
