,ValAccDone,eta,lambda,trainAccDone,trainAccuracy,trainLoss,valAccuracy,valLoss
0,42.02,0.025642434813572194,0.0002773534986128891,"[11.57, 35.010000000000005, 40.42, 42.89, 44.080000000000005, 44.57, 45.190000000000005, 45.39, 45.68, 45.800000000000004]","[11.57, 35.010000000000005, 40.42, 42.89, 44.080000000000005, 44.57, 45.190000000000005, 45.39, 45.68, 45.800000000000004]","[2.3027231618041775, 1.8348550172864628, 1.7122205736379847, 1.6563471367773626, 1.6257799772431685, 1.6064092417111404, 1.593634879711578, 1.5824907114003115, 1.574475576833227, 1.5680333190550209]","[11.129999999999999, 33.64, 37.61, 39.050000000000004, 39.87, 40.58, 40.92, 41.43, 41.6, 41.78]","[2.30273778118424, 1.869266935894397, 1.7742512399325343, 1.7377777863752324, 1.7183275008245873, 1.7053666013687325, 1.6971521691645997, 1.6894884652484936, 1.6839237321524765, 1.6791134353237078]"
