,ValAccDone,eta,lambda,trainAccDone,trainAccuracy,trainLoss,valAccuracy,valLoss
0,40.9,0.04524285557402669,7.997778359335559e-06,"[8.37, 37.13, 43.4, 47.71, 50.29, 53.23, 55.559999999999995, 57.410000000000004, 59.08, 59.9]","[8.37, 37.13, 43.4, 47.71, 50.29, 53.23, 55.559999999999995, 57.410000000000004, 59.08, 59.9]","[2.302716361351187, 1.7353217173476194, 1.5871189901101341, 1.4796853226800788, 1.4000217931755086, 1.3264753043356385, 1.268300415704798, 1.217497606287363, 1.1784085678466374, 1.1467597181595628]","[8.39, 35.22, 38.89, 40.17, 40.93, 41.449999999999996, 41.5, 42.05, 41.370000000000005, 41.44]","[2.302716983084211, 1.7980509556081024, 1.7195645236641899, 1.6867726540888086, 1.6828231027151566, 1.6842336605955426, 1.7050136768627302, 1.7323311177247087, 1.769092544125679, 1.8140115917760813]"
