,ValAccDone,eta,lambda,trainAccDone,trainAccuracy,trainLoss,valAccuracy,valLoss
0,37.69,0.02134637986876132,0.0004844829257025221,"[9.94, 32.07, 37.15, 38.61, 39.25, 39.67, 39.800000000000004, 40.01, 39.98, 40.2]","[9.94, 32.07, 37.15, 38.61, 39.25, 39.67, 39.800000000000004, 40.01, 39.98, 40.2]","[2.3028478912145993, 1.921220697478918, 1.8137728218487346, 1.778144432953495, 1.7615967420439917, 1.7518747352130846, 1.7450677749005818, 1.7407037763699975, 1.7370814954139893, 1.734829433453221]","[9.75, 30.409999999999997, 35.11, 36.24, 37.019999999999996, 37.18, 37.44, 37.82, 37.72, 37.89]","[2.302843773459393, 1.9454222562298211, 1.848710688810827, 1.8202579933419871, 1.808272394086887, 1.801146079712704, 1.7958175143179462, 1.7925228641695534, 1.7901126824736517, 1.7882038127993587]"
