,ValAccDone,eta,lambda,trainAccDone,trainAccuracy,trainLoss,valAccuracy,valLoss
0,39.69,0.045742424051280636,0.0004555738005202796,"[9.85, 36.27, 40.56, 41.83, 43.480000000000004, 42.970000000000006, 43.61, 43.97, 44.07, 44.190000000000005]","[9.85, 36.27, 40.56, 41.83, 43.480000000000004, 42.970000000000006, 43.61, 43.97, 44.07, 44.190000000000005]","[2.303028352982185, 1.7741705681953657, 1.6919175710753833, 1.6601470712271098, 1.6381724530080306, 1.6309529006056207, 1.6213964292870247, 1.6133028823908784, 1.6089235947982137, 1.6065832977234966]","[9.22, 34.71, 37.49, 38.4, 39.53, 39.5, 39.519999999999996, 39.839999999999996, 39.62, 39.42]","[2.3030417003657453, 1.8231216393021699, 1.768963782655166, 1.7496530264504, 1.7363134357968404, 1.7336673874197825, 1.72637020478335, 1.7202886178049281, 1.716158734208126, 1.714734773405555]"
