,ValAccDone,eta,lambda,trainAccDone,trainAccuracy,trainLoss,valAccuracy,valLoss
0,39.26,0.04805384847169616,0.0005730861116321356,"[8.52, 36.38, 39.53, 40.96, 42.01, 41.99, 42.26, 42.65, 42.95, 43.05]","[8.52, 36.38, 39.53, 40.96, 42.01, 41.99, 42.26, 42.65, 42.95, 43.05]","[2.3031964011223898, 1.784339136632249, 1.7160799253884171, 1.686572806790686, 1.6660281129632004, 1.6642453069178718, 1.659480762343588, 1.6555159328691147, 1.6512866853176171, 1.6497307619190202]","[8.35, 34.78, 36.84, 38.019999999999996, 38.940000000000005, 38.61, 38.82, 39.09, 39.17, 39.12]","[2.3032259917368134, 1.830374738004963, 1.7827456084267872, 1.7618052224114475, 1.7489623490922033, 1.7494478263446642, 1.7457795755821301, 1.7429823005811924, 1.7394653360305683, 1.7383576477409217]"
