,ValAccDone,eta,lambda,trainAccDone,trainAccuracy,trainLoss,valAccuracy,valLoss
0,37.89,0.01716968376985989,0.0004018853571568011,"[8.88, 30.98, 35.94, 37.93, 39.160000000000004, 40.07, 40.48, 40.71, 40.949999999999996, 41.14]","[8.88, 30.98, 35.94, 37.93, 39.160000000000004, 40.07, 40.48, 40.71, 40.949999999999996, 41.14]","[2.3032090092076034, 1.9494700471296746, 1.8390112196164285, 1.7924703562932287, 1.7698238463357707, 1.7548963567313407, 1.7452692042071958, 1.7391240725582744, 1.7352183797408698, 1.732659209930847]","[8.469999999999999, 29.470000000000002, 34.57, 36.15, 36.8, 37.230000000000004, 37.54, 37.5, 37.64, 37.86]","[2.303168806082142, 1.972708258263908, 1.8717677673925606, 1.8326719871016541, 1.8144779360694892, 1.8028311051800083, 1.7954543677560955, 1.790912486651026, 1.787890999149374, 1.7859680625447472]"
