,ValAccDone,eta,lambda,trainAccDone,trainAccuracy,trainLoss,valAccuracy,valLoss
0,42.970000000000006,0.026305493904027394,7.394380763683147e-05,"[11.360000000000001, 36.08, 42.54, 45.43, 47.64, 49.28, 50.7, 51.78, 52.94, 53.44]","[11.360000000000001, 36.08, 42.54, 45.43, 47.64, 49.28, 50.7, 51.78, 52.94, 53.44]","[2.3025827496972306, 1.8047171648471283, 1.6447848194200574, 1.5596087739716216, 1.5007737017159224, 1.4538730476580335, 1.4146916743714733, 1.380841256165666, 1.3512909443096104, 1.3327700343515008]","[10.79, 34.47, 39.050000000000004, 41.19, 42.24, 42.38, 43.16, 43.35, 43.03, 42.79]","[2.3025838463982296, 1.8500939843684887, 1.7329509732800783, 1.6854065437149865, 1.6604347945023183, 1.6441754332467264, 1.6330095571055891, 1.6269287298327326, 1.625780144324655, 1.631369032976705]"
