,ValAccDone,eta,lambda,trainAccDone,trainAccuracy,trainLoss,valAccuracy,valLoss
0,36.76,0.03115337636491093,0.0006608448264328433,"[8.07, 34.150000000000006, 37.580000000000005, 38.9, 38.9, 39.09, 39.37, 39.25, 39.379999999999995, 39.290000000000006]","[8.07, 34.150000000000006, 37.580000000000005, 38.9, 38.9, 39.09, 39.37, 39.25, 39.379999999999995, 39.290000000000006]","[2.3031989961412918, 1.8563096798871677, 1.7817449492916655, 1.760559906282276, 1.7494881519258323, 1.7454268611307775, 1.742203023025585, 1.7391148481211365, 1.7371752770136875, 1.7373970538939605]","[8.62, 33.379999999999995, 35.9, 36.78, 37.08, 36.82, 36.94, 37.09, 37.09, 36.89]","[2.3031804457031053, 1.884606498536955, 1.825325966693546, 1.809590494241099, 1.8021552424491447, 1.7996600803344214, 1.7981132351290803, 1.7953489521010124, 1.7935048714059183, 1.793296721287215]"
