,ValAccDone,eta,lambda,trainAccDone,trainAccuracy,trainLoss,valAccuracy,valLoss
0,39.0,0.031238046486269717,0.0004814804245292775,"[9.139999999999999, 35.61, 39.47, 40.699999999999996, 41.38, 41.44, 41.5, 41.31, 41.32, 41.69]","[9.139999999999999, 35.61, 39.47, 40.699999999999996, 41.38, 41.44, 41.5, 41.31, 41.32, 41.69]","[2.303173452127249, 1.825242347886219, 1.7395509132101106, 1.70242305077035, 1.6848409672447693, 1.6779304980046763, 1.6739670700264924, 1.6710399583029427, 1.6707740321972397, 1.6696074310855513]","[9.17, 34.21, 37.41, 38.17, 38.74, 38.629999999999995, 38.93, 38.85, 38.879999999999995, 38.92]","[2.303169608374683, 1.8592470886780939, 1.7940382901793226, 1.7685028110307286, 1.7568680812905362, 1.7524503442838206, 1.7495157059204816, 1.747820343916453, 1.7479476946257413, 1.7470869451934607]"
