,ValAccDone,eta,lambda,trainAccDone,trainAccuracy,trainLoss,valAccuracy,valLoss
0,41.21,0.010246176767730293,0.0001123057442974118,"[11.33, 28.99, 34.839999999999996, 38.06, 40.38, 41.91, 43.09, 44.269999999999996, 44.91, 45.660000000000004]","[11.33, 28.99, 34.839999999999996, 38.06, 40.38, 41.91, 43.09, 44.269999999999996, 44.91, 45.660000000000004]","[2.3026006110984465, 2.0005625719350904, 1.8559609383875257, 1.7745888703609698, 1.7211604135748533, 1.6815892982354068, 1.6520784856631467, 1.6289848371305908, 1.6109989177491217, 1.595980411409888]","[11.17, 27.27, 33.25, 36.22, 37.45, 38.56, 39.46, 40.04, 40.45, 40.760000000000005]","[2.302580338947061, 2.021628900686528, 1.887759040693479, 1.8174677353274455, 1.77590071386033, 1.7472429172670214, 1.727305584847095, 1.71203096677, 1.7006314901950734, 1.6917975800985483]"
