,ValAccDone,eta,lambda,trainAccDone,trainAccuracy,trainLoss,valAccuracy,valLoss
0,39.92,0.04545176814187139,0.00046422456453754774,"[9.520000000000001, 36.22, 40.37, 42.53, 43.309999999999995, 43.62, 44.06, 44.37, 45.129999999999995, 44.99]","[9.520000000000001, 36.22, 40.37, 42.53, 43.309999999999995, 43.62, 44.06, 44.37, 45.129999999999995, 44.99]","[2.30294924519849, 1.7779298716415037, 1.6951255991171765, 1.6583139486479532, 1.6412232786588634, 1.6314443257366564, 1.6248531059403453, 1.6174492957185183, 1.6106848385116332, 1.6101584968659786]","[9.27, 34.78, 37.62, 39.0, 39.129999999999995, 39.45, 39.58, 39.75, 40.160000000000004, 39.800000000000004]","[2.302957904811518, 1.8262967939476042, 1.7686659524679655, 1.7452966678752053, 1.736999723347238, 1.730533960528581, 1.7268480976974088, 1.7210078267961044, 1.7159056328714393, 1.7157313741974494]"
