,ValAccDone,eta,lambda,trainAccDone,trainAccuracy,trainLoss,valAccuracy,valLoss
0,37.88,0.03562612483028145,0.0005351633219278601,"[11.49, 35.68, 38.57, 39.739999999999995, 40.26, 40.61, 40.6, 40.87, 40.949999999999996, 41.13]","[11.49, 35.68, 38.57, 39.739999999999995, 40.26, 40.61, 40.6, 40.87, 40.949999999999996, 41.13]","[2.3029577754698534, 1.81692804137009, 1.7386773964418818, 1.7081464566714013, 1.6932628012833355, 1.684067902668223, 1.6818058984187747, 1.6788292222029386, 1.677180376826141, 1.6760052128773217]","[11.34, 34.48, 36.919999999999995, 37.71, 38.05, 38.07, 37.64, 37.61, 37.7, 37.9]","[2.3029724955976842, 1.8537695721166476, 1.7944825931357715, 1.774840192976967, 1.7654760848074007, 1.759509116672971, 1.7580027162393335, 1.7565759622738768, 1.7552909280590505, 1.7541437585593598]"
