,ValAccDone,eta,lambda,trainAccDone,trainAccuracy,trainLoss,valAccuracy,valLoss
0,35.19,0.02128597297399505,0.0007401211449999935,"[10.39, 31.22, 35.099999999999994, 36.120000000000005, 36.65, 36.71, 36.559999999999995, 36.41, 36.35, 36.47]","[10.39, 31.22, 35.099999999999994, 36.120000000000005, 36.65, 36.71, 36.559999999999995, 36.41, 36.35, 36.47]","[2.303114699774569, 1.952278350918396, 1.8750641998719484, 1.8507862893616316, 1.8395279436986571, 1.8348165299695005, 1.8312011332040505, 1.8291945940987702, 1.8281442969362502, 1.827024942686304]","[10.02, 29.74, 33.82, 34.72, 34.9, 35.18, 35.32, 35.33, 35.3, 35.22]","[2.303129921593698, 1.9733595930616605, 1.9010795260736901, 1.8799130124563503, 1.8707412327342972, 1.866942229572643, 1.8640496292109932, 1.8624707088600136, 1.8616411410968365, 1.8609619902531715]"
