,ValAccDone,eta,lambda,trainAccDone,trainAccuracy,trainLoss,valAccuracy,valLoss
0,37.54,0.03838381863634688,0.0006346111583405127,"[9.139999999999999, 36.51, 38.46, 39.34, 39.51, 40.11, 40.0, 40.31, 40.06, 40.300000000000004]","[9.139999999999999, 36.51, 38.46, 39.34, 39.51, 40.11, 40.0, 40.31, 40.06, 40.300000000000004]","[2.302997990586648, 1.809913563544193, 1.7463354256820953, 1.7213081747421524, 1.7147373540933482, 1.7087477740998434, 1.7055667437418238, 1.7018543911223005, 1.7020996297044273, 1.7019311977783351]","[9.48, 35.0, 36.480000000000004, 37.32, 37.24, 37.519999999999996, 37.41, 37.3, 37.4, 37.47]","[2.30296285386849, 1.8466903386264477, 1.799785136895627, 1.7824796297295595, 1.7782263983739164, 1.7734376066564244, 1.7717929324931194, 1.7687693910364257, 1.768781275430739, 1.7684080039624235]"
