,ValAccDone,eta,lambda,trainAccDone,trainAccuracy,trainLoss,valAccuracy,valLoss
0,43.059999999999995,0.021086928426914082,0.0001059939082164737,"[11.540000000000001, 34.5, 40.9, 44.01, 46.050000000000004, 47.75, 49.09, 50.33, 50.88, 51.949999999999996]","[11.540000000000001, 34.5, 40.9, 44.01, 46.050000000000004, 47.75, 49.09, 50.33, 50.88, 51.949999999999996]","[2.3025816610995284, 1.8454618020237181, 1.6922068025548387, 1.6128048387942138, 1.5576086320536997, 1.517161322962481, 1.4839676289942623, 1.4586991659406632, 1.4377906898839465, 1.418092719307239]","[11.17, 33.22, 38.17, 39.7, 40.98, 41.82, 42.21, 42.51, 42.63, 42.96]","[2.302554831810784, 1.878955888939929, 1.7573482647970764, 1.708885500025636, 1.6801407836316502, 1.66088530281159, 1.645925737413944, 1.6361871508870036, 1.62964155960368, 1.6217041523168323]"
