,ValAccDone,eta,lambda,trainAccDone,trainAccuracy,trainLoss,valAccuracy,valLoss
0,36.96,0.025942328801123488,0.0006278157424622532,"[11.540000000000001, 33.71, 37.330000000000005, 38.35, 38.97, 39.07, 39.09, 39.14, 39.17, 39.12]","[11.540000000000001, 33.71, 37.330000000000005, 38.35, 38.97, 39.07, 39.09, 39.14, 39.17, 39.12]","[2.3031130061790877, 1.8825070949054328, 1.8061618904518497, 1.7805646116200657, 1.7681173260158465, 1.7609949057900112, 1.756859821003018, 1.7547576264900262, 1.7529042051438197, 1.7524884333098587]","[10.75, 31.97, 35.55, 36.33, 36.620000000000005, 36.99, 36.94, 36.980000000000004, 37.03, 36.96]","[2.303118874299619, 1.908668331897412, 1.8437217974487574, 1.824334967336228, 1.8146053036443084, 1.8087014120374607, 1.8062201091524497, 1.804785645222129, 1.8031150904235966, 1.8029405349213026]"
