,ValAccDone,eta,lambda,trainAccDone,trainAccuracy,trainLoss,valAccuracy,valLoss
0,40.6,0.04548632301049891,0.000295075403057572,"[8.76, 37.0, 40.760000000000005, 43.25, 45.21, 46.19, 46.37, 46.410000000000004, 46.35, 46.37]","[8.76, 37.0, 40.760000000000005, 43.25, 45.21, 46.19, 46.37, 46.410000000000004, 46.35, 46.37]","[2.30282735142895, 1.757704748506004, 1.661722732043112, 1.608528511191509, 1.5698891674521847, 1.5480704552806277, 1.5367364391746672, 1.5390148165387258, 1.5327646022291448, 1.5311598800274793]","[8.790000000000001, 35.449999999999996, 37.72, 38.98, 39.589999999999996, 39.839999999999996, 40.17, 39.800000000000004, 40.28, 40.61]","[2.3028297814448444, 1.8097734970854777, 1.7482358321111744, 1.719133659085175, 1.6978969830842123, 1.6890409956358625, 1.6830312163777832, 1.6878507516085035, 1.685299545426237, 1.6842792909833597]"
