,ValAccDone,eta,lambda,trainAccDone,trainAccuracy,trainLoss,valAccuracy,valLoss
0,39.019999999999996,0.030598733371109077,0.00045546700560987545,"[7.46, 35.29, 39.290000000000006, 41.0, 41.48, 41.44, 41.63, 41.52, 41.56, 41.77]","[7.46, 35.29, 39.290000000000006, 41.0, 41.48, 41.44, 41.63, 41.52, 41.56, 41.77]","[2.3030884514001277, 1.8289103788367629, 1.7362564425117086, 1.7003277558324754, 1.682248411792722, 1.67429689880252, 1.6677738844659404, 1.6643050092080618, 1.661059775232044, 1.6577732478629117]","[7.42, 34.04, 37.36, 38.18, 38.56, 38.690000000000005, 38.86, 39.0, 38.769999999999996, 39.03]","[2.3031365020250516, 1.8630865636415588, 1.7890263406225682, 1.7656024425380257, 1.7534755354869664, 1.748617077222682, 1.7445394063167583, 1.742333154784203, 1.7402925760210357, 1.737373024165674]"
