,ValAccDone,eta,lambda,trainAccDone,trainAccuracy,trainLoss,valAccuracy,valLoss
0,43.669999999999995,0.012229487072070349,3.943066731665868e-05,"[7.449999999999999, 31.56, 37.93, 41.620000000000005, 44.0, 45.67, 47.25, 48.44, 49.78, 50.7]","[7.449999999999999, 31.56, 37.93, 41.620000000000005, 44.0, 45.67, 47.25, 48.44, 49.78, 50.7]","[2.3028709849019626, 1.9316432367161633, 1.7737823199250453, 1.6806452513569936, 1.6138843872083262, 1.5621998241647492, 1.5198765035513069, 1.4847184306371128, 1.4553375400600785, 1.4282217945326803]","[7.62, 29.580000000000002, 36.44, 38.5, 39.94, 41.07, 42.21, 42.46, 42.980000000000004, 43.39]","[2.302848368911934, 1.9568088318678982, 1.818018619377005, 1.7487756194767203, 1.7067724064825955, 1.6782760197175857, 1.6569214490686344, 1.642190142157946, 1.631680426976092, 1.6229866733662779]"
