,ValAccDone,eta,lambda,trainAccDone,trainAccuracy,trainLoss,valAccuracy,valLoss
0,41.86,0.03514336903774876,0.00021949331983805106,"[9.180000000000001, 37.419999999999995, 42.1, 44.07, 45.550000000000004, 46.53, 47.25, 47.77, 48.5, 48.33]","[9.180000000000001, 37.419999999999995, 42.1, 44.07, 45.550000000000004, 46.53, 47.25, 47.77, 48.5, 48.33]","[2.3027080692708397, 1.777811530081022, 1.652562087859992, 1.5942576726343558, 1.5538530537337358, 1.529848030805809, 1.5113008668406256, 1.5009799426037618, 1.4889978851861567, 1.4861855864577127]","[10.100000000000001, 35.3, 38.62, 39.62, 40.54, 41.33, 41.660000000000004, 41.78, 42.0, 41.61]","[2.3026899715188014, 1.825438241823942, 1.736433205487874, 1.702572311541643, 1.682427203740537, 1.6712814093293802, 1.6619167781127038, 1.660255325454809, 1.654129877482923, 1.6551914282701023]"
