,ValAccDone,eta,lambda,trainAccDone,trainAccuracy,trainLoss,valAccuracy,valLoss
0,37.91,0.04177364150134937,0.000679716565709715,"[11.26, 35.49, 37.68, 38.800000000000004, 39.300000000000004, 39.51, 39.839999999999996, 40.17, 40.37, 40.410000000000004]","[11.26, 35.49, 37.68, 38.800000000000004, 39.300000000000004, 39.51, 39.839999999999996, 40.17, 40.37, 40.410000000000004]","[2.3031853654313212, 1.820075369435595, 1.7557399077310698, 1.7314716086640722, 1.7219690173124682, 1.7138922834215455, 1.7105356189307654, 1.7058646557180097, 1.703540685614142, 1.7027335947277085]","[10.94, 34.31, 36.11, 36.919999999999995, 36.88, 37.019999999999996, 37.49, 37.75, 37.93, 37.93]","[2.3032042157152923, 1.8574738952961458, 1.808450991199174, 1.7915901244470793, 1.7862112022608234, 1.7803937219083468, 1.7778231649511265, 1.773409121855657, 1.771836260373087, 1.7708648046086162]"
