,ValAccDone,eta,lambda,trainAccDone,trainAccuracy,trainLoss,valAccuracy,valLoss
0,36.75,0.023757222625644996,0.0006484867095102928,"[12.73, 32.34, 36.449999999999996, 37.730000000000004, 38.17, 38.22, 38.29, 38.51, 38.519999999999996, 38.519999999999996]","[12.73, 32.34, 36.449999999999996, 37.730000000000004, 38.17, 38.22, 38.29, 38.51, 38.519999999999996, 38.519999999999996]","[2.303073044317684, 1.9166255014537168, 1.8324602041582028, 1.8041817754092226, 1.7912177531397502, 1.7843395885461892, 1.780172365156616, 1.7775498485886183, 1.7758736958533938, 1.7752969395603253]","[13.139999999999999, 30.630000000000003, 34.849999999999994, 35.91, 36.26, 36.480000000000004, 36.49, 36.55, 36.65, 36.64]","[2.3030500634519764, 1.940610189532677, 1.865535343314868, 1.842144648804569, 1.83176320043697, 1.826239542547814, 1.8230935308857328, 1.8210597320781676, 1.8197831845728216, 1.8194220789284208]"
