,ValAccDone,eta,lambda,trainAccDone,trainAccuracy,trainLoss,valAccuracy,valLoss
0,39.64,0.04310877831560782,0.0005026791614826005,"[11.31, 35.76, 39.15, 41.21, 42.120000000000005, 42.43, 43.230000000000004, 42.85, 43.480000000000004, 43.35]","[11.31, 35.76, 39.15, 41.21, 42.120000000000005, 42.43, 43.230000000000004, 42.85, 43.480000000000004, 43.35]","[2.3030262068027603, 1.7865461030686443, 1.7115683223099332, 1.6773465709059896, 1.660670580682554, 1.6527021812747569, 1.6389154104951351, 1.634210228409226, 1.6282991311953052, 1.6269997680197292]","[10.57, 34.5, 36.84, 38.23, 38.82, 38.800000000000004, 39.379999999999995, 39.21, 39.69, 39.629999999999995]","[2.302999762538017, 1.8306401849882907, 1.7779471032937548, 1.7559800212205035, 1.7431512701297849, 1.7385323681046452, 1.7285785857141853, 1.7261159476700492, 1.7223746535887465, 1.7209489325249738]"
