,ValAccDone,eta,lambda,trainAccDone,trainAccuracy,trainLoss,valAccuracy,valLoss
0,43.059999999999995,0.03498836728898593,0.00013294807733368237,"[10.76, 37.24, 42.42, 45.739999999999995, 47.81, 49.21, 49.99, 50.96000000000001, 52.2, 52.59]","[10.76, 37.24, 42.42, 45.739999999999995, 47.81, 49.21, 49.99, 50.96000000000001, 52.2, 52.59]","[2.302758444651579, 1.7566159241247932, 1.6198585955952745, 1.5467136345364858, 1.495748859451323, 1.4574751547115616, 1.4310660852989656, 1.410385875053742, 1.3900564671187972, 1.380104824716065]","[11.03, 35.93, 39.15, 41.010000000000005, 41.85, 42.559999999999995, 42.5, 42.82, 42.93, 42.94]","[2.3027344644213312, 1.8081745374981812, 1.7175364290398567, 1.677335689740861, 1.6561253600594563, 1.640302444259962, 1.6330134898530015, 1.6307468218723802, 1.6266921182063279, 1.6295371160383045]"
