,ValAccDone,eta,lambda,trainAccDone,trainAccuracy,trainLoss,valAccuracy,valLoss
0,38.68,0.03537334183958076,0.0005309274003516403,"[9.53, 36.1, 39.81, 41.120000000000005, 41.349999999999994, 41.510000000000005, 41.5, 41.38, 41.47, 41.42]","[9.53, 36.1, 39.81, 41.120000000000005, 41.349999999999994, 41.510000000000005, 41.5, 41.38, 41.47, 41.42]","[2.303148608819613, 1.8137193268353797, 1.7277992224076868, 1.6962283350109721, 1.6855627976531178, 1.6810814964062686, 1.6768228243367818, 1.6758647918334706, 1.67362964372144, 1.6722430681735525]","[9.51, 34.910000000000004, 37.49, 38.269999999999996, 38.59, 38.36, 38.440000000000005, 38.53, 38.73, 38.769999999999996]","[2.303149670201898, 1.8504756564576121, 1.7858341710658836, 1.7630170521036688, 1.7559572575659568, 1.753262148670901, 1.750303921593024, 1.7497294364940965, 1.7477991103818404, 1.7468028386778214]"
