,ValAccDone,eta,lambda,trainAccDone,trainAccuracy,trainLoss,valAccuracy,valLoss
0,38.32,0.10168233021475484,0.0003281641699918291,"[8.290000000000001, 38.99, 42.3, 42.65, 45.57]","[8.290000000000001, 38.99, 42.3, 42.65, 45.57]","[2.303083039528505, 1.7176148699006715, 1.6389625853612004, 1.628517307280443, 1.569429618686463]","[8.0, 35.410000000000004, 36.49, 36.13, 39.050000000000004]","[2.303072693935153, 1.803718299483931, 1.7737815056613966, 1.7901330273005844, 1.755162525867044]"
