,ValAccDone,eta,lambda,trainAccDone,trainAccuracy,trainLoss,valAccuracy,valLoss
0,35.370000000000005,0.09338482478954534,0.0009127710031639615,"[10.280000000000001, 32.33, 37.61, 38.75, 38.47, 38.06, 39.36, 39.07, 40.339999999999996, 39.2]","[10.280000000000001, 32.33, 37.61, 38.75, 38.47, 38.06, 39.36, 39.07, 40.339999999999996, 39.2]","[2.3027330368154173, 1.8507106080257838, 1.7544796816371746, 1.7411556275335942, 1.7377613792820132, 1.731301734793519, 1.7206475431110013, 1.7166933793617003, 1.6977382736084579, 1.7098439230674918]","[10.16, 30.759999999999998, 34.19, 35.53, 35.199999999999996, 34.38, 35.410000000000004, 35.44, 36.68, 35.77]","[2.302732407900835, 1.8929120443312846, 1.8282065468207025, 1.819062951401077, 1.815589315617995, 1.8145513093973065, 1.8013501189841163, 1.7987890283938694, 1.7870901737410896, 1.7958171847547761]"
