,ValAccDone,eta,lambda,trainAccDone,trainAccuracy,trainLoss,valAccuracy,valLoss
0,34.61,0.17270354145104533,0.0004847241605696762,"[10.100000000000001, 34.82, 36.46, 38.440000000000005, 38.279999999999994]","[10.100000000000001, 34.82, 36.46, 38.440000000000005, 38.279999999999994]","[2.303005766865916, 1.9017219218025734, 1.8718552803964221, 1.8292691987324812, 1.7896485639592963]","[10.0, 32.440000000000005, 32.15, 34.06, 33.42]","[2.3029605725153, 1.988034856122574, 1.9923325002608927, 1.9742784502784319, 1.9165735163826845]"
