,ValAccDone,eta,lambda,trainAccDone,trainAccuracy,trainLoss,valAccuracy,valLoss
0,10.100000000000001,0.3081306438735994,0.0018306115295332282,"[10.94, 19.33, 11.21, 10.32, 10.32]","[10.94, 19.33, 11.21, 10.32, 10.32]","[2.304029526750307, 10.412501208306535, 11.499031193572058, 2.306638026056257, 2.3037012659795413]","[10.89, 19.02, 10.440000000000001, 10.100000000000001, 10.100000000000001]","[2.304062784176689, 10.603242425973264, 11.872270616304583, 2.3077923232586968, 2.304904419214888]"
