,ValAccDone,eta,lambda,trainAccDone,trainAccuracy,trainLoss,valAccuracy,valLoss
0,36.620000000000005,0.14987798154945772,0.00020702283027230556,"[12.3, 36.24, 39.81, 40.46, 42.120000000000005]","[12.3, 36.24, 39.81, 40.46, 42.120000000000005]","[2.302703464208502, 1.8526322241547208, 1.7683227518618492, 1.759453065676113, 1.7199227259220349]","[12.01, 33.64, 35.32, 34.37, 36.03]","[2.30272002102774, 1.9524969834828547, 1.9230725862787645, 1.9513255730591952, 1.932008304722962]"
