,ValAccDone,eta,lambda,trainAccDone,trainAccuracy,trainLoss,valAccuracy,valLoss
0,9.84,0.5268175592248373,0.0004676835201991185,"[12.5, 10.05, 10.05, 10.05, 10.05]","[12.5, 10.05, 10.05, 10.05, 10.05]","[2.3027571465076915, nan, nan, nan, nan]","[12.590000000000002, 9.84, 9.84, 9.84, 9.84]","[2.302798430378574, nan, nan, nan, nan]"
