,ValAccDone,eta,lambda,trainAccDone,trainAccuracy,trainLoss,valAccuracy,valLoss
0,9.84,0.44610563613173493,0.0009075150100120638,"[10.22, 10.05, 10.05, 10.05, 10.05]","[10.22, 10.05, 10.05, 10.05, 10.05]","[2.3032524816802606, nan, nan, nan, nan]","[10.870000000000001, 9.84, 9.84, 9.84, 9.84]","[2.303245525807465, nan, nan, nan, nan]"
