,ValAccDone,eta,lambda,trainAccDone,trainAccuracy,trainLoss,valAccuracy,valLoss
0,22.040000000000003,0.30609500243621557,0.0009884463441741538,"[7.739999999999999, 23.52, 28.810000000000002, 23.21, 23.919999999999998]","[7.739999999999999, 23.52, 28.810000000000002, 23.21, 23.919999999999998]","[2.3035841414167733, 3.054071005861849, 2.1088326241747817, 2.2329680215290955, 2.153110053767781]","[7.9399999999999995, 22.6, 27.07, 22.040000000000003, 22.24]","[2.303551828553727, 3.162677004335437, 2.1527160999832766, 2.2747172699498908, 2.2039239299956166]"
