,ValAccDone,eta,lambda,trainAccDone,trainAccuracy,trainLoss,valAccuracy,valLoss
0,29.38,0.24245757089913858,0.0013138810920560607,"[8.48, 28.410000000000004, 28.21, 27.87, 29.220000000000002]","[8.48, 28.410000000000004, 28.21, 27.87, 29.220000000000002]","[2.303869544386575, 2.1047794033723224, 2.1671206260702474, 2.0517278072074263, 2.01158485511938]","[8.64, 26.99, 27.089999999999996, 25.679999999999996, 27.11]","[2.303851078357495, 2.1636676540323174, 2.224847736483087, 2.1015720703269163, 2.0673435672325544]"
