,ValAccDone,eta,lambda,trainAccDone,trainAccuracy,trainLoss,valAccuracy,valLoss
0,22.82,0.28757110857450496,0.0016736402461594896,"[11.89, 25.3, 27.33, 19.49, 24.98]","[11.89, 25.3, 27.33, 19.49, 24.98]","[2.3038471497029067, 2.344719070099072, 2.2940564289065057, 2.184556311866945, 2.0796702957538233]","[11.92, 23.69, 25.95, 19.040000000000003, 24.02]","[2.303854439441122, 2.418858766483761, 2.3291400465982943, 2.19510223144976, 2.1108163799393687]"
