,ValAccDone,eta,lambda,trainAccDone,trainAccuracy,trainLoss,valAccuracy,valLoss
0,32.68,0.09575168895151662,0.0018884882623051303,"[9.06, 32.300000000000004, 33.339999999999996, 34.31, 33.85]","[9.06, 32.300000000000004, 33.339999999999996, 34.31, 33.85]","[2.304405647944415, 1.8752911264244365, 1.8579001483937163, 1.8445740036449736, 1.844824089187543]","[8.9, 30.520000000000003, 31.730000000000004, 32.43, 31.66]","[2.304424899977627, 1.9102978401289952, 1.9005480455980048, 1.889592117499114, 1.8912709637928276]"
