,ValAccDone,eta,lambda,trainAccDone,trainAccuracy,trainLoss,valAccuracy,valLoss
0,32.31,0.23106451682124193,0.0006049173582823947,"[13.98, 29.75, 30.5, 30.34, 32.129999999999995]","[13.98, 29.75, 30.5, 30.34, 32.129999999999995]","[2.30274046591725, 2.0457616245518038, 2.119681704975667, 2.0058135174541474, 1.967627473431571]","[13.66, 27.85, 28.189999999999998, 27.639999999999997, 28.77]","[2.3027460140509213, 2.1182528587933724, 2.229550059003524, 2.080057066652955, 2.050379689326961]"
