,ValAccDone,eta,lambda,trainAccDone,trainAccuracy,trainLoss,valAccuracy,valLoss
0,39.43,0.08083253651394116,0.0004291267197242174,"[10.37, 32.7, 41.25, 43.69, 42.76, 42.84, 43.37, 43.9, 44.37, 44.03]","[10.37, 32.7, 41.25, 43.69, 42.76, 42.84, 43.37, 43.9, 44.37, 44.03]","[2.302655020657509, 1.829354267865829, 1.6662251787610607, 1.615151885278438, 1.6291349790002392, 1.618835540636582, 1.603021917822081, 1.5940307912212195, 1.5877457198575164, 1.590953005792208]","[9.719999999999999, 31.5, 37.71, 38.95, 37.269999999999996, 37.330000000000005, 37.940000000000005, 38.56, 38.49, 38.41]","[2.3026554791780693, 1.869971406228502, 1.7613211426207438, 1.7318756722501554, 1.7588111486056615, 1.7572312744674947, 1.7471521727789594, 1.7408254669030656, 1.7385834545214827, 1.7405897641257897]"
