,ValAccDone,eta,lambda,trainAccDone,trainAccuracy,trainLoss,valAccuracy,valLoss
0,32.25,0.07715825371525677,0.0017432332891359926,"[9.51, 32.96, 34.75, 33.629999999999995, 33.95]","[9.51, 32.96, 34.75, 33.629999999999995, 33.95]","[2.3041380570850696, 1.8671892932746386, 1.8395938725705674, 1.8455283207955007, 1.844479088304927]","[9.04, 30.55, 33.17, 32.12, 32.31]","[2.3041672309444676, 1.899425035783177, 1.878427625923061, 1.8865651507561534, 1.885818407604733]"
