,ValAccDone,eta,lambda,trainAccDone,trainAccuracy,trainLoss,valAccuracy,valLoss
0,10.100000000000001,0.31938366286736414,0.001487580421207375,"[8.84, 17.18, 10.23, 10.32, 10.32]","[8.84, 17.18, 10.23, 10.32, 10.32]","[2.3037792723534687, 25.395961874644463, 4.416678932745181, 2.304491924387508, 2.303607969640518]","[8.75, 16.81, 9.84, 10.100000000000001, 10.100000000000001]","[2.303788489580141, 25.979052435110958, 4.454512779733911, 2.3056223780815577, 2.3047774974915933]"
