,ValAccDone,eta,lambda,trainAccDone,trainAccuracy,trainLoss,valAccuracy,valLoss
0,37.93,0.11147973898997937,0.0004283705815699984,"[11.76, 34.52, 41.74, 41.8, 43.32, 43.480000000000004, 44.41, 44.95, 44.3, 44.379999999999995]","[11.76, 34.52, 41.74, 41.8, 43.32, 43.480000000000004, 44.41, 44.95, 44.3, 44.379999999999995]","[2.302644363472735, 1.8160808969834417, 1.668821220567059, 1.6540250680141053, 1.6355578463419749, 1.6252413674915305, 1.6027397245346713, 1.5847849168900354, 1.6084110650187844, 1.600173264857257]","[11.95, 32.49, 36.97, 37.07, 36.97, 37.2, 37.84, 38.62, 37.87, 37.769999999999996]","[2.302644530019637, 1.8688642313970671, 1.785542939138266, 1.7897728699906732, 1.8000766133947217, 1.7909278823902066, 1.7678999270112044, 1.7528678239526907, 1.7796575619280346, 1.7690471231553506]"
