,ValAccDone,eta,lambda,trainAccDone,trainAccuracy,trainLoss,valAccuracy,valLoss
0,30.459999999999997,0.2487663271314931,0.0002480125414955651,"[13.41, 27.08, 29.909999999999997, 34.06, 33.660000000000004]","[13.41, 27.08, 29.909999999999997, 34.06, 33.660000000000004]","[2.3025522591361733, 2.4871656689924966, 2.1560458524900463, 1.9312915283861432, 1.9500992207407817]","[12.64, 25.52, 27.99, 31.5, 30.48]","[2.302583031908004, 2.5899315092809716, 2.283881592005212, 2.042247196321736, 2.0610168930662316]"
