,ValAccDone,eta,lambda,trainAccDone,trainAccuracy,trainLoss,valAccuracy,valLoss
0,34.839999999999996,0.12741985690985624,0.0007772184556940326,"[9.07, 38.41, 38.31, 40.39, 39.85]","[9.07, 38.41, 38.31, 40.39, 39.85]","[2.303326686318264, 1.7673102004471526, 1.7555816503826012, 1.72679186855029, 1.7187374757535558]","[9.34, 34.22, 34.949999999999996, 35.93, 35.58]","[2.303313370762978, 1.8404304852489934, 1.851189782610281, 1.823531241726848, 1.8242183443136055]"
