,ValAccDone,eta,lambda,trainAccDone,trainAccuracy,trainLoss,valAccuracy,valLoss
0,31.180000000000003,0.1952544557878249,0.0016164919495834167,"[9.1, 31.94, 33.72, 33.489999999999995, 33.57]","[9.1, 31.94, 33.72, 33.489999999999995, 33.57]","[2.3041060998734637, 1.979658566803749, 1.9137360188551833, 1.9188863558038733, 1.9458192938603416]","[9.31, 30.34, 31.069999999999997, 31.269999999999996, 31.230000000000004]","[2.3041011502289908, 2.026388295782508, 1.9635425913946845, 1.9755031868005792, 2.0101912717580306]"
