,ValAccDone,eta,lambda,trainAccDone,trainAccuracy,trainLoss,valAccuracy,valLoss
0,36.41,0.05715772716353397,0.001029592697965148,"[9.81, 35.07, 36.94, 38.080000000000005, 38.78]","[9.81, 35.07, 36.94, 38.080000000000005, 38.78]","[2.303470416749178, 1.817117754072545, 1.7848452645127126, 1.7724379622390127, 1.766689370590048]","[9.87, 33.29, 34.910000000000004, 35.66, 36.11]","[2.303521774584482, 1.8562573890728873, 1.8325379548803102, 1.8234162935682277, 1.8204355275989346]"
