,ValAccDone,eta,lambda,trainAccDone,trainAccuracy,trainLoss,valAccuracy,valLoss
0,30.56,0.05536242312716759,0.0018498669184063006,"[8.3, 32.57, 31.979999999999997, 31.669999999999998, 31.69]","[8.3, 32.57, 31.979999999999997, 31.669999999999998, 31.69]","[2.3041864313819698, 1.8971894002820597, 1.884721739524713, 1.8827996860531004, 1.8820787200155056]","[8.02, 31.369999999999997, 30.669999999999998, 30.330000000000002, 30.39]","[2.30419333918685, 1.924340331140274, 1.9117968740208826, 1.9101265362664683, 1.9104376613953633]"
