,ValAccDone,eta,lambda,trainAccDone,trainAccuracy,trainLoss,valAccuracy,valLoss
0,33.23,0.06857404847086361,0.0017334731428166321,"[7.8, 32.72, 35.06, 34.949999999999996, 34.35]","[7.8, 32.72, 35.06, 34.949999999999996, 34.35]","[2.3042792963812753, 1.870122407552311, 1.851232401538432, 1.844249146403633, 1.8448785252967388]","[8.6, 30.69, 32.76, 33.61, 32.84]","[2.304223166378593, 1.902268509646444, 1.8862368161829277, 1.878260703357446, 1.8803744896554826]"
