,ValAccDone,eta,lambda,trainAccDone,trainAccuracy,trainLoss,valAccuracy,valLoss
0,9.84,0.5377747535845979,0.0014966675638292907,"[8.290000000000001, 10.05, 10.05, 10.05, 10.05]","[8.290000000000001, 10.05, 10.05, 10.05, 10.05]","[2.303987848809115, nan, nan, nan, nan]","[8.51, 9.84, 9.84, 9.84, 9.84]","[2.3039544789359887, nan, nan, nan, nan]"
