,ValAccDone,eta,lambda,trainAccDone,trainAccuracy,trainLoss,valAccuracy,valLoss
0,34.46,0.13945847806427722,0.0008280943059554404,"[10.41, 36.01, 37.14, 37.82, 39.89]","[10.41, 36.01, 37.14, 37.82, 39.89]","[2.3032970337659533, 1.8326160591141696, 1.8127675343588017, 1.7727062429951785, 1.732922178982327]","[10.25, 33.62, 34.17, 34.63, 36.28]","[2.303353120952056, 1.9013821686431527, 1.8998651071610304, 1.8630440082046262, 1.8253980460052126]"
