,ValAccDone,eta,lambda,trainAccDone,trainAccuracy,trainLoss,valAccuracy,valLoss
0,35.77,0.05468936787069768,0.0009440712390654704,"[11.940000000000001, 34.94, 36.91, 37.53, 37.11]","[11.940000000000001, 34.94, 36.91, 37.53, 37.11]","[2.3033047138343186, 1.8137468191923451, 1.774583541848878, 1.7634606685485863, 1.7621045525167751]","[12.29, 33.22, 35.010000000000005, 35.370000000000005, 35.370000000000005]","[2.3033065090168763, 1.8543510054113443, 1.823543081287218, 1.8164281294136368, 1.8156817789333233]"
