,ValAccDone,eta,lambda,trainAccDone,trainAccuracy,trainLoss,valAccuracy,valLoss
0,33.87,0.18171814153225463,0.0008910822450430523,"[11.92, 34.47, 35.730000000000004, 36.4, 37.3]","[11.92, 34.47, 35.730000000000004, 36.4, 37.3]","[2.303316983656231, 1.8488275328916006, 1.83956058276145, 1.8474939901151142, 1.8365798756741907]","[11.379999999999999, 33.03, 33.239999999999995, 32.800000000000004, 33.64]","[2.3033570555761083, 1.9222640937194797, 1.914715907892499, 1.9392718554236337, 1.9271333467009553]"
