,ValAccDone,eta,lambda,trainAccDone,trainAccuracy,trainLoss,valAccuracy,valLoss
0,37.14,0.13425069457727515,0.0004103580791957861,"[9.66, 34.71, 39.57, 42.34, 42.86]","[9.66, 34.71, 39.57, 42.34, 42.86]","[2.3028721735727173, 1.8750588750366084, 1.73547733134667, 1.6751076524294033, 1.657679234754834]","[9.73, 32.61, 35.22, 36.89, 37.25]","[2.3028444139998734, 1.9550173433583904, 1.8662799402644261, 1.815574023439842, 1.8093819695562912]"
