,ValAccDone,eta,lambda,trainAccDone,trainAccuracy,trainLoss,valAccuracy,valLoss
0,33.300000000000004,0.01248290803032787,0.0005484925374355173,"[8.37, 16.96, 23.53, 26.55, 29.4, 30.8, 32.22, 33.33, 34.050000000000004, 34.39]","[8.37, 16.96, 23.53, 26.55, 29.4, 30.8, 32.22, 33.33, 34.050000000000004, 34.39]","[2.3026711441352026, 2.2745112012380475, 2.0680323895707087, 2.005907094076312, 1.969912218364454, 1.9360111496168095, 1.9139238961735143, 1.9013875798589372, 1.8938375615923368, 1.8887035370021787]","[8.290000000000001, 16.11, 22.770000000000003, 24.98, 27.939999999999998, 30.009999999999998, 31.19, 32.129999999999995, 32.690000000000005, 33.17]","[2.302670828217443, 2.276478128707091, 2.083383487172959, 2.0252542052230478, 1.9908912110605803, 1.9585281712505145, 1.9376378176516145, 1.9260265145994895, 1.9190967161660863, 1.9143579494593896]"
