,ValAccDone,eta,lambda,trainAccDone,trainAccuracy,trainLoss,valAccuracy,valLoss
0,38.16,0.06629600209756455,7.436089226227333e-05,"[9.53, 33.52, 41.620000000000005, 45.83, 48.18, 49.65, 51.160000000000004, 52.71, 52.42, 53.11]","[9.53, 33.52, 41.620000000000005, 45.83, 48.18, 49.65, 51.160000000000004, 52.71, 52.42, 53.11]","[2.302601113287969, 1.8243348275241213, 1.6317516859803176, 1.5339994338230853, 1.4700403951966645, 1.417658189812822, 1.3888528411157792, 1.355281141919481, 1.357835863617501, 1.3410186849584576]","[9.83, 32.16, 37.56, 39.32, 39.97, 39.800000000000004, 39.57, 40.28, 39.54, 39.01]","[2.3026003142698666, 1.8655447821188234, 1.7476921504172473, 1.7194770714304766, 1.7171898037488769, 1.728314342605333, 1.7498964593086934, 1.7717707092351498, 1.8181006611766553, 1.8452919415747382]"
