,ValAccDone,eta,lambda,trainAccDone,trainAccuracy,trainLoss,valAccuracy,valLoss
0,32.53,0.0716003833648246,0.0018096202002032486,"[8.57, 32.49, 34.72, 34.410000000000004, 33.86]","[8.57, 32.49, 34.72, 34.410000000000004, 33.86]","[2.3041891981247957, 1.875453736534265, 1.8594489099367852, 1.8576274098678862, 1.8569048367249281]","[8.86, 30.620000000000005, 33.52, 32.99, 32.59]","[2.304169373932471, 1.9061355319378595, 1.8908947476307052, 1.8900691319391512, 1.8904743811540117]"
