,ValAccDone,eta,lambda,trainAccDone,trainAccuracy,trainLoss,valAccuracy,valLoss
0,31.61,0.1737318840243984,0.001618088944835258,"[10.59, 34.47, 33.019999999999996, 33.32, 35.49]","[10.59, 34.47, 33.019999999999996, 33.32, 35.49]","[2.303738605627517, 1.8979044824323812, 1.9177373198399674, 1.9164011096026912, 1.868881135911772]","[11.08, 32.23, 30.630000000000003, 31.540000000000003, 32.06]","[2.3037574630055753, 1.944486060765499, 1.9752414977025918, 1.9772059505517616, 1.9395807204441957]"
