,ValAccDone,eta,lambda,trainAccDone,trainAccuracy,trainLoss,valAccuracy,valLoss
0,20.549999999999997,0.2803759624117932,0.0014940538932833793,"[12.31, 27.54, 27.560000000000002, 26.889999999999997, 25.19]","[12.31, 27.54, 27.560000000000002, 26.889999999999997, 25.19]","[2.303828745394809, 2.257689014497593, 2.1319143722291183, 2.1341883366723104, 2.1361972027971285]","[11.59, 25.590000000000003, 25.31, 25.75, 23.880000000000003]","[2.3038638253878245, 2.3183080816662085, 2.191728641717117, 2.193340093655157, 2.1601756685717355]"
