,ValAccDone,eta,lambda,trainAccDone,trainAccuracy,trainLoss,valAccuracy,valLoss
0,9.84,0.44398271308506587,0.0007569117557749017,"[8.89, 10.05, 10.05, 10.05, 10.05]","[8.89, 10.05, 10.05, 10.05, 10.05]","[2.303329051784878, nan, nan, nan, nan]","[9.07, 9.84, 9.84, 9.84, 9.84]","[2.3033110511926376, nan, nan, nan, nan]"
