,ValAccDone,eta,lambda,trainAccDone,trainAccuracy,trainLoss,valAccuracy,valLoss
0,28.249999999999996,0.23021376540456176,0.0019853721459193426,"[11.690000000000001, 29.549999999999997, 28.999999999999996, 30.0, 29.65]","[11.690000000000001, 29.549999999999997, 28.999999999999996, 30.0, 29.65]","[2.304223007408251, 2.1204505614683296, 2.0231569653503985, 2.0225504173902014, 1.9844462848264175]","[12.41, 28.110000000000003, 27.76, 27.950000000000003, 28.24]","[2.304214769364806, 2.1656131194271815, 2.0651519615690863, 2.0601343377724084, 2.0174224248519]"
