,ValAccDone,eta,lambda,trainAccDone,trainAccuracy,trainLoss,valAccuracy,valLoss
0,37.63,0.0790280934346209,0.0005159220491325753,"[9.950000000000001, 38.1, 40.92, 42.42, 42.809999999999995]","[9.950000000000001, 38.1, 40.92, 42.42, 42.809999999999995]","[2.303014708038196, 1.736494639700429, 1.679025338721172, 1.6444214762057878, 1.6244078686795513]","[9.85, 35.53, 36.46, 36.99, 37.61]","[2.3030208510676378, 1.8076197878703728, 1.7814396135332262, 1.761558111909624, 1.7482882818706034]"
