,ValAccDone,eta,lambda,trainAccDone,trainAccuracy,trainLoss,valAccuracy,valLoss
0,9.84,0.3074305049955639,0.0006878642165088251,"[12.389999999999999, 24.66, 10.05, 10.05, 10.05]","[12.389999999999999, 24.66, 10.05, 10.05, 10.05]","[2.303047582281232, 3.6496565048424063, nan, nan, nan]","[12.57, 23.93, 9.84, 9.84, 9.84]","[2.3030613903236485, 3.724274003284789, nan, nan, nan]"
