,ValAccDone,eta,lambda,trainAccDone,trainAccuracy,trainLoss,valAccuracy,valLoss
0,33.72,0.10945845718839378,0.0013789952052996831,"[10.97, 35.53, 37.15, 36.77, 36.54]","[10.97, 35.53, 37.15, 36.77, 36.54]","[2.3037877931052733, 1.8218847966885952, 1.7945881313400824, 1.7948567961482114, 1.8029368938088175]","[10.02, 33.23, 34.300000000000004, 34.03, 33.35]","[2.303826571791602, 1.8744505827568785, 1.8526376088410021, 1.8567318623791114, 1.8615070610384006]"
