,ValAccDone,eta,lambda,trainAccDone,trainAccuracy,trainLoss,valAccuracy,valLoss
0,31.41,0.03746423665462718,0.0016616570781299478,"[9.3, 31.369999999999997, 33.5, 33.050000000000004, 32.82]","[9.3, 31.369999999999997, 33.5, 33.050000000000004, 32.82]","[2.3039304287445757, 1.9497666290873308, 1.9149977191674459, 1.9090144592719107, 1.9088973612279747]","[9.35, 30.11, 32.36, 32.029999999999994, 31.819999999999997]","[2.303945143017379, 1.9698982874140218, 1.936472047706036, 1.9318383950532219, 1.9320263765367074]"
