,ValAccDone,eta,lambda,trainAccDone,trainAccuracy,trainLoss,valAccuracy,valLoss
0,37.07,0.12032191583309686,0.0005056603503746951,"[9.36, 35.83, 40.739999999999995, 41.46, 43.04, 42.620000000000005, 43.44, 43.59, 43.36, 43.88]","[9.36, 35.83, 40.739999999999995, 41.46, 43.04, 42.620000000000005, 43.44, 43.59, 43.36, 43.88]","[2.302666690918942, 1.7949840545239168, 1.6895363655791447, 1.664374254253076, 1.628709068273321, 1.6311703504043216, 1.6148980659826446, 1.606137563416913, 1.6257966703894524, 1.6146189625323057]","[9.1, 33.17, 36.77, 36.63, 38.29, 37.75, 38.21, 37.830000000000005, 37.72, 37.85]","[2.3026669012458263, 1.8582543909287954, 1.802241224095068, 1.7821626116616573, 1.7689381301026572, 1.771273671156458, 1.7634932112821553, 1.7653308096856202, 1.7706182093192289, 1.7649673642448176]"
