,ValAccDone,eta,lambda,trainAccDone,trainAccuracy,trainLoss,valAccuracy,valLoss
0,36.65,0.12836004957096728,0.0007629846441024973,"[10.8, 36.49, 39.83, 41.15, 39.82]","[10.8, 36.49, 39.83, 41.15, 39.82]","[2.303208825785077, 1.7750548499197523, 1.7264393216590679, 1.7130861551455068, 1.726535361563598]","[10.8, 34.08, 36.17, 36.449999999999996, 35.94]","[2.303214784434883, 1.8459036248576552, 1.814879748111226, 1.811181425307009, 1.8235320248758833]"
