,ValAccDone,eta,lambda,trainAccDone,trainAccuracy,trainLoss,valAccuracy,valLoss
0,29.9,0.15733682688672426,0.0017149534839765099,"[10.76, 34.69, 32.9, 36.02, 34.92]","[10.76, 34.69, 32.9, 36.02, 34.92]","[2.3042574794418433, 1.8707355703098567, 1.8909024684032498, 1.8490715632539276, 1.8524901391118387]","[11.0, 32.35, 31.180000000000003, 33.129999999999995, 32.28]","[2.30425651938637, 1.9230765356624868, 1.9445653481500598, 1.9072462762610218, 1.912273014727419]"
