,ValAccDone,eta,lambda,trainAccDone,trainAccuracy,trainLoss,valAccuracy,valLoss
0,31.630000000000003,0.10913206047850724,0.0018970654996901578,"[10.07, 33.86, 33.42, 34.870000000000005, 33.97]","[10.07, 33.86, 33.42, 34.870000000000005, 33.97]","[2.304129619057152, 1.861925915325155, 1.8706122139369934, 1.8416302397223085, 1.8576825936702714]","[10.100000000000001, 31.56, 31.11, 32.64, 31.61]","[2.304134443521936, 1.9024034849729738, 1.911787362038365, 1.8867811062375714, 1.9021988281279572]"
