,ValAccDone,eta,lambda,trainAccDone,trainAccuracy,trainLoss,valAccuracy,valLoss
0,9.84,0.34303044052863246,0.0018230733471108892,"[11.78, 16.88, 10.05, 10.05, 10.05]","[11.78, 16.88, 10.05, 10.05, 10.05]","[2.304418363275526, nan, nan, nan, nan]","[12.43, 16.150000000000002, 9.84, 9.84, 9.84]","[2.304369485104187, nan, nan, nan, nan]"
