,ValAccDone,eta,lambda,trainAccDone,trainAccuracy,trainLoss,valAccuracy,valLoss
0,19.71,0.3001952075601473,0.0016709968922125834,"[11.06, 26.63, 28.499999999999996, 26.619999999999997, 25.06]","[11.06, 26.63, 28.499999999999996, 26.619999999999997, 25.06]","[2.304108689585529, 2.3239125564635916, 2.1179303454499907, 2.1047745492136536, 2.1020570397525487]","[11.34, 24.92, 26.16, 25.4, 23.330000000000002]","[2.3041024053460237, 2.381366287838282, 2.1611885847150156, 2.1525397259894747, 2.1417062692522775]"
