,ValAccDone,eta,lambda,trainAccDone,trainAccuracy,trainLoss,valAccuracy,valLoss
0,32.14,0.19388673356759917,0.00022739564517264122,"[7.06, 33.01, 35.44, 36.65, 38.51]","[7.06, 33.01, 35.44, 36.65, 38.51]","[2.3028884209414673, 1.9846893858962638, 1.882990679172612, 1.9010975753108832, 1.8146388978181385]","[7.12, 30.84, 31.71, 32.769999999999996, 32.25]","[2.302887692846149, 2.079108056124559, 2.0243278138108987, 2.0734157202107424, 2.0262389900446798]"
