,ValAccDone,eta,lambda,trainAccDone,trainAccuracy,trainLoss,valAccuracy,valLoss
0,30.48,0.052379061548679204,0.001807685603718152,"[7.6, 32.85, 32.67, 32.11, 31.96]","[7.6, 32.85, 32.67, 32.11, 31.96]","[2.304299739765589, 1.8974317525930853, 1.885903189538746, 1.883516521139744, 1.8838071488629795]","[7.03, 31.89, 31.46, 30.830000000000002, 30.630000000000003]","[2.3043012411941417, 1.9228713595865414, 1.9126408420626593, 1.910694743514393, 1.9113461580936242]"
