,ValAccDone,eta,lambda,trainAccDone,trainAccuracy,trainLoss,valAccuracy,valLoss
0,32.37,0.21207237793323758,5.9717464899341135e-05,"[10.79, 33.019999999999996, 33.89, 37.99, 39.93]","[10.79, 33.019999999999996, 33.89, 37.99, 39.93]","[2.3025420063434057, 1.96474747335703, 2.082382775523208, 1.879994469851475, 1.7982092728112526]","[10.61, 30.8, 29.9, 33.82, 33.47]","[2.3025764246864733, 2.066870729405692, 2.2644780071055424, 2.0449815029432417, 2.0224189997003954]"
