,ValAccDone,eta,lambda,trainAccDone,trainAccuracy,trainLoss,valAccuracy,valLoss
0,9.84,0.36808076064457323,0.0018946194569647798,"[10.61, 10.05, 10.05, 10.05, 10.05]","[10.61, 10.05, 10.05, 10.05, 10.05]","[2.304286755155454, nan, nan, nan, nan]","[10.290000000000001, 9.84, 9.84, 9.84, 9.84]","[2.304307538044885, nan, nan, nan, nan]"
