,ValAccDone,eta,lambda,trainAccDone,trainAccuracy,trainLoss,valAccuracy,valLoss
0,41.22,0.07254349755428219,0.00015418577301953279,"[10.12, 32.65, 41.46, 43.980000000000004, 46.48, 48.19, 49.419999999999995, 50.49, 51.580000000000005, 51.57000000000001]","[10.12, 32.65, 41.46, 43.980000000000004, 46.48, 48.19, 49.419999999999995, 50.49, 51.580000000000005, 51.57000000000001]","[2.3026069972992316, 1.8261196950693224, 1.6502377786106988, 1.5750578425832384, 1.5223905506940032, 1.4777548215869338, 1.4491815064044493, 1.4129422782014212, 1.3942301599969726, 1.3940057970741306]","[10.040000000000001, 31.44, 37.419999999999995, 38.47, 39.2, 39.89, 39.629999999999995, 39.92, 40.75, 40.64]","[2.3026080895541563, 1.8660425661673836, 1.7612505921565513, 1.739051425340606, 1.7277668095009588, 1.7130941287740251, 1.7275335588579743, 1.7243485430056618, 1.73321196210072, 1.7418031484846503]"
