,ValAccDone,eta,lambda,trainAccDone,trainAccuracy,trainLoss,valAccuracy,valLoss
0,9.84,0.5969467822256465,0.00045508873682434506,"[12.139999999999999, 10.05, 10.05, 10.05, 10.05]","[12.139999999999999, 10.05, 10.05, 10.05, 10.05]","[2.30279407732798, nan, nan, nan, nan]","[11.899999999999999, 9.84, 9.84, 9.84, 9.84]","[2.302797838862768, nan, nan, nan, nan]"
