,ValAccDone,eta,lambda,trainAccDone,trainAccuracy,trainLoss,valAccuracy,valLoss
0,9.84,0.3828178654049986,0.00044793209712452783,"[10.79, 10.05, 10.05, 10.05, 10.05]","[10.79, 10.05, 10.05, 10.05, 10.05]","[2.3031355037612675, nan, nan, nan, nan]","[10.51, 9.84, 9.84, 9.84, 9.84]","[2.3031053394251084, nan, nan, nan, nan]"
