,ValAccDone,eta,lambda,trainAccDone,trainAccuracy,trainLoss,valAccuracy,valLoss
0,28.32,0.22794316818487503,0.0010101485679817185,"[7.7299999999999995, 30.97, 31.490000000000002, 31.240000000000002, 32.67]","[7.7299999999999995, 30.97, 31.490000000000002, 31.240000000000002, 32.67]","[2.30366051327094, 1.9942991496692157, 2.0367889364557135, 1.9955482218106264, 1.961007467177439]","[8.23, 28.99, 29.29, 28.71, 30.37]","[2.303622886577355, 2.076960140101346, 2.1198258276171504, 2.0547794623138835, 2.019300827486615]"
