,ValAccDone,eta,lambda,trainAccDone,trainAccuracy,trainLoss,valAccuracy,valLoss
0,9.84,0.5458928293555295,0.0014331209517017573,"[7.9799999999999995, 10.05, 10.05, 10.05, 10.05]","[7.9799999999999995, 10.05, 10.05, 10.05, 10.05]","[2.304080474470884, nan, nan, nan, nan]","[7.79, 9.84, 9.84, 9.84, 9.84]","[2.3040745195437333, nan, nan, nan, nan]"
