,ValAccDone,eta,lambda,trainAccDone,trainAccuracy,trainLoss,valAccuracy,valLoss
0,27.810000000000002,0.2725860342984788,0.0003929929267006711,"[9.6, 26.900000000000002, 30.330000000000002, 30.320000000000004, 30.94]","[9.6, 26.900000000000002, 30.330000000000002, 30.320000000000004, 30.94]","[2.3028915310116647, 2.7153543649360863, 2.140453090021581, 2.0613676236367757, 2.0491223322182006]","[10.16, 25.540000000000003, 28.13, 27.37, 27.73]","[2.3029124925446114, 2.8359936804493735, 2.2337039976043114, 2.164935510609452, 2.137343408527724]"
