,ValAccDone,eta,lambda,trainAccDone,trainAccuracy,trainLoss,valAccuracy,valLoss
0,35.33,0.029048089929759963,0.0007977024935526354,"[9.41, 24.27, 31.7, 35.72, 36.68, 36.91, 36.95, 37.07, 37.11, 37.29]","[9.41, 24.27, 31.7, 35.72, 36.68, 36.91, 36.95, 37.07, 37.11, 37.29]","[2.302711581527536, 2.0536222671268014, 1.903750252864446, 1.83686707174861, 1.811236275186887, 1.8024487445683797, 1.798415352156673, 1.7959260740558092, 1.794192475858383, 1.79322792726927]","[8.91, 23.09, 30.630000000000003, 34.12, 35.23, 35.410000000000004, 35.3, 35.28, 35.36, 35.38]","[2.3027107168447833, 2.0707419242816036, 1.9285198219446136, 1.8685654464447936, 1.8487200696352382, 1.842011604829914, 1.8393713887992813, 1.8372688015518546, 1.8361757802899143, 1.8355797552600244]"
