,ValAccDone,eta,lambda,trainAccDone,trainAccuracy,trainLoss,valAccuracy,valLoss
0,27.73,0.28049603547900875,0.0003283620507410269,"[8.32, 25.990000000000002, 27.67, 30.95, 29.86]","[8.32, 25.990000000000002, 27.67, 30.95, 29.86]","[2.3028553927015585, 3.7276520854864557, 2.2442015058723968, 2.036179151523059, 2.006592425192018]","[8.61, 23.880000000000003, 24.65, 28.7, 27.67]","[2.302867663855601, 3.9153032919108504, 2.3421728084834235, 2.116538903726857, 2.1072145497502057]"
