,ValAccDone,eta,lambda,trainAccDone,trainAccuracy,trainLoss,valAccuracy,valLoss
0,30.31,0.0413686914587439,0.0017760709669243293,"[8.5, 32.22, 33.01, 32.68, 32.01]","[8.5, 32.22, 33.01, 32.68, 32.01]","[2.304131546418434, 1.93640731326786, 1.912105935800552, 1.9094769203095572, 1.9084427535490744]","[8.73, 30.97, 32.26, 31.6, 31.069999999999997]","[2.3041453804968812, 1.9572731557308136, 1.9348723982628233, 1.9326724773101682, 1.9324531614742821]"
