,ValAccDone,eta,lambda,trainAccDone,trainAccuracy,trainLoss,valAccuracy,valLoss
0,39.24,0.04642158726890153,0.0004032658550812619,"[10.31, 29.09, 36.75, 40.58, 42.620000000000005, 43.18, 43.62, 43.81, 44.31, 44.91]","[10.31, 29.09, 36.75, 40.58, 42.620000000000005, 43.18, 43.62, 43.81, 44.31, 44.91]","[2.302646933520501, 1.917138569350266, 1.7472111134774182, 1.672508995612542, 1.6391132300894098, 1.620985152147285, 1.6095282658696028, 1.607455041449178, 1.5979473358800107, 1.589746502426227]","[10.059999999999999, 27.66, 34.37, 37.76, 38.56, 39.09, 38.95, 39.11, 39.42, 39.81]","[2.302646673556264, 1.9447579712132288, 1.804848362518562, 1.7530757980819658, 1.7339851348198132, 1.7239533786006214, 1.7197570592389575, 1.7215841532515455, 1.7146581950591222, 1.7098303218773059]"
