,ValAccDone,eta,lambda,trainAccDone,trainAccuracy,trainLoss,valAccuracy,valLoss
0,35.94,0.008537576375489778,0.00023272904078383387,"[10.89, 16.1, 20.53, 25.009999999999998, 28.439999999999998, 30.320000000000004, 32.61, 34.2, 35.480000000000004, 36.34]","[10.89, 16.1, 20.53, 25.009999999999998, 28.439999999999998, 30.320000000000004, 32.61, 34.2, 35.480000000000004, 36.34]","[2.3026174673662494, 2.298121429532135, 2.132680281812837, 2.020434023914842, 1.9676217623061818, 1.9225908820409838, 1.8839011493827373, 1.8554810096074477, 1.8343470243763462, 1.8176981904828586]","[10.36, 15.440000000000001, 19.66, 23.77, 26.8, 29.62, 31.78, 33.35, 34.68, 35.33]","[2.3026176071071203, 2.2987470177820315, 2.144341497588992, 2.0403972139206354, 1.9907680627642201, 1.9474540224890842, 1.9110502816576995, 1.8857693065843881, 1.8672707676621907, 1.853025214233311]"
