,ValAccDone,eta,lambda,trainAccDone,trainAccuracy,trainLoss,valAccuracy,valLoss
0,24.07,0.27664237616223436,0.001389233532770739,"[11.33, 24.43, 28.49, 27.92, 23.82]","[11.33, 24.43, 28.49, 27.92, 23.82]","[2.3039285971242847, 2.9007478891348155, 2.093771573978703, 2.0660210780466786, 2.1140917386298597]","[11.07, 22.5, 27.38, 26.08, 22.57]","[2.303897843623567, 3.0054930245032563, 2.122402392975092, 2.1181261806601714, 2.15097382828009]"
