,ValAccDone,eta,lambda,trainAccDone,trainAccuracy,trainLoss,valAccuracy,valLoss
0,38.41,0.09800880306989816,0.00019442041033154392,"[8.41, 39.290000000000006, 43.78, 44.940000000000005, 46.21]","[8.41, 39.290000000000006, 43.78, 44.940000000000005, 46.21]","[2.3028357184572865, 1.7057268510702877, 1.6000453040085763, 1.5614141553641412, 1.5238351547401159]","[8.88, 35.24, 38.190000000000005, 38.57, 38.7]","[2.3028361149516705, 1.8058431279208502, 1.7609262762944895, 1.7579161509970298, 1.756004224879395]"
