,ValAccDone,eta,lambda,trainAccDone,trainAccuracy,trainLoss,valAccuracy,valLoss
0,14.540000000000001,0.29732543006986817,0.00048190424197445036,"[11.03, 23.72, 17.94, 13.8, 16.48]","[11.03, 23.72, 17.94, 13.8, 16.48]","[2.3029691281048748, 2.899573991729078, 16.578310633289192, 2.504645069617185, 2.2933657963033403]","[10.59, 23.1, 17.27, 13.569999999999999, 16.55]","[2.3029780334946635, 2.957420429791361, 17.270051477305646, 2.5152993170296947, 2.2922724409924125]"
