,ValAccDone,eta,lambda,trainAccDone,trainAccuracy,trainLoss,valAccuracy,valLoss
0,28.299999999999997,0.2338435910735005,0.0018417048368617928,"[6.950000000000001, 29.24, 30.099999999999998, 28.199999999999996, 27.76]","[6.950000000000001, 29.24, 30.099999999999998, 28.199999999999996, 27.76]","[2.304427093700447, 2.159473669896202, 2.0380872177753466, 2.0650044817573856, 2.0057928098574016]","[6.909999999999999, 27.889999999999997, 28.38, 25.96, 26.419999999999998]","[2.304443915530284, 2.210665151872933, 2.090177637489147, 2.1243152113852393, 2.041590258141746]"
