,ValAccDone,eta,lambda,trainAccDone,trainAccuracy,trainLoss,valAccuracy,valLoss
0,36.58,0.014538071776349502,0.0003667326369872724,"[10.92, 30.409999999999997, 35.25, 37.4, 38.4]","[10.92, 30.409999999999997, 35.25, 37.4, 38.4]","[2.3029220149901204, 1.967999420742347, 1.8548740360401268, 1.8107660795456177, 1.7881942641705897]","[10.66, 28.860000000000003, 33.6, 35.56, 36.22]","[2.302957549735676, 1.988051767684756, 1.8834630996154085, 1.845859083918955, 1.8280485286369532]"
