,ValAccDone,eta,lambda,trainAccDone,trainAccuracy,trainLoss,valAccuracy,valLoss
0,29.07,0.21292093401059412,0.0010627998959267517,"[8.81, 30.56, 30.380000000000003, 33.550000000000004, 34.99]","[8.81, 30.56, 30.380000000000003, 33.550000000000004, 34.99]","[2.30374347263558, 2.0368549375845326, 2.0814908368451595, 1.90433822766724, 1.8790244154935414]","[8.870000000000001, 28.65, 28.49, 31.119999999999997, 31.94]","[2.3037256902756913, 2.09833344270327, 2.1559281560858006, 1.9749338448837288, 1.9549128746037499]"
