,ValAccDone,eta,lambda,trainAccDone,trainAccuracy,trainLoss,valAccuracy,valLoss
0,27.860000000000003,0.24994169342529424,0.0014741787236221518,"[10.94, 27.339999999999996, 30.73, 31.259999999999998, 28.4]","[10.94, 27.339999999999996, 30.73, 31.259999999999998, 28.4]","[2.3039524825577886, 2.1513013988403134, 2.096658218505091, 2.026577955620952, 2.06746881081145]","[10.72, 25.740000000000002, 28.83, 29.14, 26.790000000000003]","[2.303924660710176, 2.2332276513559624, 2.1574523161112555, 2.0815484592295603, 2.114847134259365]"
