,ValAccDone,eta,lambda,trainAccDone,trainAccuracy,trainLoss,valAccuracy,valLoss
0,9.84,0.4171945270435918,0.0008228767041018713,"[11.600000000000001, 10.05, 10.05, 10.05, 10.05]","[11.600000000000001, 10.05, 10.05, 10.05, 10.05]","[2.303141124413343, nan, nan, nan, nan]","[10.979999999999999, 9.84, 9.84, 9.84, 9.84]","[2.3031483948157456, nan, nan, nan, nan]"
