,ValAccDone,eta,lambda,trainAccDone,trainAccuracy,trainLoss,valAccuracy,valLoss
0,31.269999999999996,0.16463661885182607,0.001410606323656777,"[9.969999999999999, 34.29, 34.239999999999995, 34.48, 36.74]","[9.969999999999999, 34.29, 34.239999999999995, 34.48, 36.74]","[2.303671949287301, 1.8894996118491292, 1.8818509338836376, 1.891901869216625, 1.8208386071093126]","[9.87, 33.39, 31.8, 31.44, 33.839999999999996]","[2.3036961939739196, 1.935375366278592, 1.9430898966170698, 1.9555338913527878, 1.8853091359670566]"
