,ValAccDone,eta,lambda,trainAccDone,trainAccuracy,trainLoss,valAccuracy,valLoss
0,9.84,0.47327478948745455,0.0009856933217990288,"[10.12, 10.05, 10.05, 10.05, 10.05]","[10.12, 10.05, 10.05, 10.05, 10.05]","[2.3035887286203907, nan, nan, nan, nan]","[9.879999999999999, 9.84, 9.84, 9.84, 9.84]","[2.3035857699284294, nan, nan, nan, nan]"
