,ValAccDone,eta,lambda,trainAccDone,trainAccuracy,trainLoss,valAccuracy,valLoss
0,33.79,0.04828528525569625,0.0011468483845408295,"[9.25, 34.78, 34.93, 35.66, 35.61]","[9.25, 34.78, 34.93, 35.66, 35.61]","[2.303700949759858, 1.84267323801261, 1.8163868716375684, 1.8053911225819441, 1.8025231017250718]","[9.21, 33.31, 33.85, 33.73, 33.800000000000004]","[2.303680377417126, 1.8765955491008564, 1.855290472479462, 1.8476786836821097, 1.8454793893321495]"
