,ValAccDone,eta,lambda,trainAccDone,trainAccuracy,trainLoss,valAccuracy,valLoss
0,32.800000000000004,0.05579974836015411,0.001656789842265922,"[12.049999999999999, 32.97, 33.07, 33.019999999999996, 33.339999999999996]","[12.049999999999999, 32.97, 33.07, 33.019999999999996, 33.339999999999996]","[2.3038388635257108, 1.8811829155526274, 1.862927524007048, 1.8573905043183538, 1.8545758592960702]","[12.09, 31.78, 31.4, 31.52, 32.25]","[2.303830604960056, 1.90986148722538, 1.8938782881016405, 1.8891852602353116, 1.885698909988203]"
