,ValAccDone,eta,lambda,trainAccDone,trainAccuracy,trainLoss,valAccuracy,valLoss
0,9.84,0.3284106322075999,0.0018230922808780666,"[13.059999999999999, 10.05, 10.05, 10.05, 10.05]","[13.059999999999999, 10.05, 10.05, 10.05, 10.05]","[2.303880827711508, nan, nan, nan, nan]","[12.75, 9.84, 9.84, 9.84, 9.84]","[2.3038989213539227, nan, nan, nan, nan]"
