,ValAccDone,eta,lambda,trainAccDone,trainAccuracy,trainLoss,valAccuracy,valLoss
0,36.27,0.12757901422091572,0.001089027883306155,"[8.83, 35.120000000000005, 38.57, 38.080000000000005, 39.68]","[8.83, 35.120000000000005, 38.57, 38.080000000000005, 39.68]","[2.303558506991217, 1.8260797741927675, 1.7771074371961715, 1.7687710842032893, 1.7483441178821928]","[8.690000000000001, 32.97, 34.8, 34.589999999999996, 35.97]","[2.3035390018557966, 1.881745926080457, 1.8517612864175867, 1.8441910765932428, 1.8243793292507393]"
