,ValAccDone,eta,lambda,trainAccDone,trainAccuracy,trainLoss,valAccuracy,valLoss
0,32.71,0.18307942362837795,0.0009326363856271954,"[7.28, 32.6, 35.4, 34.83, 34.57]","[7.28, 32.6, 35.4, 34.83, 34.57]","[2.3036558050883342, 1.9158989778895776, 1.8873807613581999, 1.862920030719999, 1.870254412150084]","[7.33, 30.570000000000004, 32.72, 31.380000000000003, 31.730000000000004]","[2.303616576863126, 1.9847076184784767, 1.9745333030208105, 1.9417721959244707, 1.9548106964852143]"
