,ValAccDone,eta,lambda,trainAccDone,trainAccuracy,trainLoss,valAccuracy,valLoss
0,34.699999999999996,0.06501226101031381,0.001074008891414936,"[8.12, 35.28, 36.21, 37.269999999999996, 37.31]","[8.12, 35.28, 36.21, 37.269999999999996, 37.31]","[2.303550865600305, 1.8224110392239514, 1.7933645091314718, 1.7808838357808356, 1.7781362707023483]","[8.75, 33.23, 34.449999999999996, 35.27, 34.67]","[2.3035539527048203, 1.8623736563067763, 1.8416568773466893, 1.8331014046066727, 1.8327866084373141]"
