,ValAccDone,eta,lambda,trainAccDone,trainAccuracy,trainLoss,valAccuracy,valLoss
0,37.980000000000004,0.09608564914835893,0.0007188950739187134,"[8.88, 32.06, 39.07, 40.44, 40.910000000000004, 40.87, 42.03, 42.4, 41.370000000000005, 41.48]","[8.88, 32.06, 39.07, 40.44, 40.910000000000004, 40.87, 42.03, 42.4, 41.370000000000005, 41.48]","[2.3026999640911017, 1.845119802463978, 1.7330022145707131, 1.690802407976765, 1.672102357703999, 1.67116685116292, 1.658248595090232, 1.647376467925038, 1.6625738265773666, 1.6621613914283873]","[8.28, 30.78, 35.120000000000005, 36.059999999999995, 36.71, 36.78, 37.38, 37.940000000000005, 37.019999999999996, 36.65]","[2.302700437181894, 1.8886911621293043, 1.8185197115613598, 1.7875915975730505, 1.776542315276424, 1.767858593679538, 1.759300940028519, 1.7500043985147649, 1.7630687809143952, 1.7677190551166446]"
