,ValAccDone,eta,lambda,trainAccDone,trainAccuracy,trainLoss,valAccuracy,valLoss
0,9.84,0.3952233935972434,0.001983204835057276,"[7.88, 10.05, 10.05, 10.05, 10.05]","[7.88, 10.05, 10.05, 10.05, 10.05]","[2.304258923837728, nan, nan, nan, nan]","[8.27, 9.84, 9.84, 9.84, 9.84]","[2.304273933558742, nan, nan, nan, nan]"
