,ValAccDone,eta,lambda,trainAccDone,trainAccuracy,trainLoss,valAccuracy,valLoss
0,35.43,0.1055600399639604,0.0010712935566328438,"[13.370000000000001, 35.77, 37.07, 37.230000000000004, 39.62]","[13.370000000000001, 35.77, 37.07, 37.230000000000004, 39.62]","[2.303496570229095, 1.8000220554472528, 1.7729931140156077, 1.7720816831612394, 1.7352142514195192]","[12.82, 33.81, 34.239999999999995, 33.82, 36.08]","[2.3035103588615145, 1.8589578879988178, 1.8367745196103968, 1.835722711280644, 1.805628126580761]"
