,ValAccDone,eta,lambda,trainAccDone,trainAccuracy,trainLoss,valAccuracy,valLoss
0,22.939999999999998,0.01448797172794618,0.0016611576741502386,"[9.45, 21.68, 23.23, 23.57, 23.65]","[9.45, 21.68, 23.23, 23.57, 23.65]","[2.3041520649253098, 2.1535359079748693, 2.1270510263203195, 2.115297335400838, 2.106683533736794]","[8.97, 21.05, 21.93, 22.48, 22.720000000000002]","[2.3041253039799425, 2.1621017384923475, 2.1366833552415554, 2.124958433439965, 2.116362919737971]"
