,ValAccDone,eta,lambda,trainAccDone,trainAccuracy,trainLoss,valAccuracy,valLoss
0,26.11,0.2549599930876798,0.0005688585936275973,"[12.34, 26.85, 31.369999999999997, 29.959999999999997, 30.320000000000004]","[12.34, 26.85, 31.369999999999997, 29.959999999999997, 30.320000000000004]","[2.30290518471158, 2.75614893677352, 2.239049767350242, 2.0434825034572084, 2.0069232326148883]","[12.07, 24.81, 28.470000000000002, 27.33, 28.87]","[2.3029069621253027, 2.9044263134727006, 2.3511441261617354, 2.1231518617746254, 2.0707106719154975]"
