,ValAccDone,eta,lambda,trainAccDone,trainAccuracy,trainLoss,valAccuracy,valLoss
0,9.84,0.3269881702261321,0.0005115921546310068,"[10.31, 20.830000000000002, 10.05, 10.05, 10.05]","[10.31, 20.830000000000002, 10.05, 10.05, 10.05]","[2.302910731748674, 8.29056242107267, nan, nan, nan]","[10.43, 20.02, 9.84, 9.84, 9.84]","[2.302890627415223, 8.576397214518883, nan, nan, nan]"
