,ValAccDone,eta,lambda,trainAccDone,trainAccuracy,trainLoss,valAccuracy,valLoss
0,32.550000000000004,0.09417836824499881,0.0017108326477893654,"[10.07, 33.239999999999995, 34.64, 34.72, 33.83]","[10.07, 33.239999999999995, 34.64, 34.72, 33.83]","[2.3040297739501305, 1.8509423711599309, 1.8339278687740406, 1.8290054385310355, 1.8358738507789762]","[10.86, 31.0, 32.31, 32.59, 32.28]","[2.304005136121972, 1.8907761196162456, 1.8807017051541495, 1.8762286089574562, 1.8825889055706468]"
