,ValAccDone,eta,lambda,trainAccDone,trainAccuracy,trainLoss,valAccuracy,valLoss
0,33.21,0.12600881085814258,0.001976289777489318,"[11.29, 31.759999999999998, 35.47, 36.85, 36.6]","[11.29, 31.759999999999998, 35.47, 36.85, 36.6]","[2.304621578025819, 1.8860655144209941, 1.8548774372086247, 1.84068279441424, 1.8404092667836927]","[11.450000000000001, 30.159999999999997, 33.18, 34.5, 33.92]","[2.304607756500143, 1.9273790069312886, 1.8997064315042664, 1.891812448154012, 1.8874093493530735]"
