,ValAccDone,eta,lambda,trainAccDone,trainAccuracy,trainLoss,valAccuracy,valLoss
0,34.13,0.1492740422767032,0.0018867971744195853,"[10.549999999999999, 34.97, 35.05, 34.61, 36.25]","[10.549999999999999, 34.97, 35.05, 34.61, 36.25]","[2.3039968662872523, 1.8566645565918767, 1.870817702817248, 1.862731350790836, 1.843744450794675]","[10.57, 33.25, 32.81, 31.979999999999997, 33.72]","[2.3040002805845727, 1.9041506722016548, 1.9232014585222572, 1.921606794802249, 1.8980816839059442]"
