,ValAccDone,eta,lambda,trainAccDone,trainAccuracy,trainLoss,valAccuracy,valLoss
0,24.11,0.27518887129864156,0.0012802568570535477,"[11.03, 26.72, 28.01, 28.04, 28.52]","[11.03, 26.72, 28.01, 28.04, 28.52]","[2.3037575254997256, 2.630091454364875, 2.1459635706359013, 2.0536040220112763, 2.039020172617899]","[10.32, 23.95, 27.169999999999998, 26.200000000000003, 27.060000000000002]","[2.3037778914031852, 2.747943601842766, 2.1865789440632803, 2.099995431170535, 2.0566804121177493]"
