,ValAccDone,eta,lambda,trainAccDone,trainAccuracy,trainLoss,valAccuracy,valLoss
0,36.88,0.06339228979486176,0.0006562740050904604,"[9.39, 36.15, 39.2, 40.150000000000006, 41.14]","[9.39, 36.15, 39.2, 40.150000000000006, 41.14]","[2.3030987743401594, 1.780983110381608, 1.7226882823055985, 1.702477634405366, 1.6819534718448221]","[9.139999999999999, 34.150000000000006, 35.72, 36.58, 37.56]","[2.3030851684730163, 1.831862234385519, 1.796529217134502, 1.7847904869806073, 1.7686002045342406]"
