,ValAccDone,eta,lambda,trainAccDone,trainAccuracy,trainLoss,valAccuracy,valLoss
0,9.84,0.4596960003646765,0.00026995324922901847,"[9.520000000000001, 10.05, 10.05, 10.05, 10.05]","[9.520000000000001, 10.05, 10.05, 10.05, 10.05]","[2.302864793756321, nan, nan, nan, nan]","[9.93, 9.84, 9.84, 9.84, 9.84]","[2.302876964182521, nan, nan, nan, nan]"
