,ValAccDone,eta,lambda,trainAccDone,trainAccuracy,trainLoss,valAccuracy,valLoss
0,36.04,0.11704485097643161,0.0008733224843672878,"[10.459999999999999, 36.65, 38.56, 39.58, 40.25]","[10.459999999999999, 36.65, 38.56, 39.58, 40.25]","[2.3033623424415555, 1.790602491142951, 1.7543588022491812, 1.735648363337526, 1.7279109064836906]","[10.620000000000001, 33.739999999999995, 34.67, 35.56, 35.88]","[2.3033797404771232, 1.8632897837862483, 1.840081288551347, 1.8265654472252362, 1.8210189428549146]"
