,ValAccDone,eta,lambda,trainAccDone,trainAccuracy,trainLoss,valAccuracy,valLoss
0,9.84,0.4108834658292122,0.0004546191770974485,"[11.64, 10.05, 10.05, 10.05, 10.05]","[11.64, 10.05, 10.05, 10.05, 10.05]","[2.3028092801198317, nan, nan, nan, nan]","[11.85, 9.84, 9.84, 9.84, 9.84]","[2.3028308125501433, nan, nan, nan, nan]"
