,ValAccDone,eta,lambda,trainAccDone,trainAccuracy,trainLoss,valAccuracy,valLoss
0,38.06,0.10816292994443345,0.00036673632799396775,"[8.85, 38.379999999999995, 40.87, 42.199999999999996, 42.76]","[8.85, 38.379999999999995, 40.87, 42.199999999999996, 42.76]","[2.3028794663197414, 1.7297694409518414, 1.682094830491599, 1.6419069281197725, 1.6299752930102174]","[8.3, 35.17, 36.17, 36.53, 37.11]","[2.302886818441186, 1.807464304994592, 1.8101106527766249, 1.7803044820567342, 1.7972122394687715]"
