,ValAccDone,eta,lambda,trainAccDone,trainAccuracy,trainLoss,valAccuracy,valLoss
0,33.48,0.16096821084187868,0.0007493241638866574,"[7.86, 34.42, 35.79, 39.58, 36.980000000000004]","[7.86, 34.42, 35.79, 39.58, 36.980000000000004]","[2.303292708217103, 1.8654958148173704, 1.8577543697074963, 1.7602122556763564, 1.7885131205824463]","[8.77, 31.91, 33.08, 35.83, 33.54]","[2.3032766044857693, 1.9393628778612213, 1.9473190894030228, 1.8714835915605847, 1.8896938902942457]"
