,ValAccDone,eta,lambda,trainAccDone,trainAccuracy,trainLoss,valAccuracy,valLoss
0,26.240000000000002,0.27297465475452914,0.0005976327996189535,"[9.700000000000001, 24.779999999999998, 26.340000000000003, 30.89, 31.919999999999998]","[9.700000000000001, 24.779999999999998, 26.340000000000003, 30.89, 31.919999999999998]","[2.303181270283529, 2.4977785143295588, 2.1984961766177125, 2.009623932918596, 2.005176406753216]","[9.3, 23.44, 24.67, 28.54, 30.470000000000002]","[2.3032069118190757, 2.6118832701147525, 2.2745753550899757, 2.0878570329741466, 2.0801917410095054]"
