,ValAccDone,eta,lambda,trainAccDone,trainAccuracy,trainLoss,valAccuracy,valLoss
0,30.19,0.010913677069014681,0.0006304561476002102,"[9.35, 24.97, 28.29, 30.049999999999997, 31.04]","[9.35, 24.97, 28.29, 30.049999999999997, 31.04]","[2.3030807637636643, 2.085430837747846, 2.01421695994679, 1.9856480587002665, 1.9666066488661917]","[9.180000000000001, 23.22, 26.5, 28.499999999999996, 29.38]","[2.303088779694492, 2.0988276077442314, 2.031306081732544, 2.0036333149794716, 1.985278496277235]"
