,ValAccDone,eta,lambda,trainAccDone,trainAccuracy,trainLoss,valAccuracy,valLoss
0,34.02,0.0650942943042354,0.0016537129330357185,"[9.4, 32.83, 35.13, 35.03, 34.9]","[9.4, 32.83, 35.13, 35.03, 34.9]","[2.3041468678946733, 1.8667476790576465, 1.8483814129265308, 1.843244708868391, 1.8443958560015161]","[9.39, 31.31, 33.4, 33.879999999999995, 33.839999999999996]","[2.3041708111885804, 1.897062141014572, 1.8802483597122732, 1.8772211154186795, 1.878284066700231]"
