,ValAccDone,eta,lambda,trainAccDone,trainAccuracy,trainLoss,valLoss
0,10.100000000000001,0.01,0.1,10.32,"[9.07, 10.25, 10.32, 10.32, 10.32, 10.32, 10.32, 10.32, 10.32, 10.32, 10.32, 10.32, 10.32, 10.32, 10.32, 10.32, 10.32, 10.32, 10.32, 10.32, 10.32, 10.32, 10.32, 10.32, 10.32, 10.32, 10.32, 10.32, 10.32, 10.32, 10.32, 10.32, 10.32, 10.32, 10.32, 10.32, 10.32, 10.32, 10.32, 10.32]","[156.43598789649226, 2.3023523406021136, 2.3022511146896774, 2.3022151901128232, 2.3022019307525778, 2.3021968427478141, 2.3021947839110801, 2.3021938687242307, 2.3021933895902635, 2.302193077871233, 2.3021928319744593, 2.3021926145032419, 2.3021924125812716, 2.3021922224004201, 2.3021920432298169, 2.3021918751586914, 2.302191718308797, 2.3021915726111688, 2.3021914377886081, 2.3021913133998875, 2.302191198894727, 2.3021910936610506, 2.3021909970614693, 2.3021909084581798, 2.3021908272294209, 2.3021907527823386, 2.3021906845559053, 2.3021906220272164, 2.302190564710445, 2.3021905121569861, 2.3021904639544317, 2.3021904197253105, 2.302190379123136, 2.3021903418324849, 2.3021903075649623, 2.3021902760579849, 2.3021902470722364, 2.3021902203900271, 2.3021901958130591, 2.3021901731609948]","[156.43994311651525, 2.3026075490997586, 2.3026779689399484, 2.3027437969104168, 2.302792397864224, 2.3028257859561339, 2.3028481610902163, 2.3028630586516301, 2.3028729893793596, 2.3028796362073725, 2.3028841045734993, 2.3028871175822037, 2.3028891499433413, 2.3028905156333437, 2.3028914242661527, 2.3028920172032192, 2.3028923907567633, 2.30289261120036, 2.3028927245673514, 2.3028927631086553, 2.3028927495944296, 2.3028927002082402, 2.3028926265163219, 2.3028925368186135, 2.3028924370860206, 2.3028923316187542, 2.3028922235066065, 2.3028921149620203, 2.3028920075550809, 2.3028919023850869, 2.3028918002055638, 2.3028917015159878, 2.3028916066269782, 2.3028915157125338, 2.3028914288449287, 2.3028913460234368, 2.3028912671943105, 2.3028911922666477, 2.3028911211235128, 2.3028910536309857]"
