,ValAccDone,eta,lambda,trainAccDone,trainAccuracy,trainLoss,valAccuracy,valLoss
0,9.84,0.4088247326783835,0.0009342483797138016,"[9.29, 10.05, 10.05, 10.05, 10.05]","[9.29, 10.05, 10.05, 10.05, 10.05]","[2.30338500941275, nan, nan, nan, nan]","[9.629999999999999, 9.84, 9.84, 9.84, 9.84]","[2.303382084241667, nan, nan, nan, nan]"
