,ValAccDone,eta,lambda,trainAccDone,trainAccuracy,trainLoss,valAccuracy,valLoss
0,27.200000000000003,0.2425349666350198,0.0016778859704815194,"[11.97, 28.58, 31.019999999999996, 29.220000000000002, 28.349999999999998]","[11.97, 28.58, 31.019999999999996, 29.220000000000002, 28.349999999999998]","[2.3038264580924253, 2.17965114743901, 2.067144712718965, 2.0242290161024035, 2.0333279047378023]","[12.120000000000001, 26.88, 29.15, 28.389999999999997, 27.24]","[2.303846132407699, 2.2408559580716982, 2.1149077302010193, 2.074612245704203, 2.0741597264126947]"
