,ValAccDone,eta,lambda,trainAccDone,trainAccuracy,trainLoss,valAccuracy,valLoss
0,23.51,0.013815187657393445,0.0014333078530170747,"[8.35, 22.75, 24.13, 24.46, 24.54]","[8.35, 22.75, 24.13, 24.46, 24.54]","[2.3038404767232414, 2.136556029558166, 2.108579043207459, 2.0976325127545015, 2.0895488086252136]","[8.0, 21.72, 22.71, 23.27, 23.369999999999997]","[2.3038390687333665, 2.146280307781411, 2.1194566528101006, 2.1086781636821934, 2.100581491421046]"
