,ValAccDone,eta,lambda,trainAccDone,trainAccuracy,trainLoss,valAccuracy,valLoss
0,33.129999999999995,0.173207960195573,0.000915443310327247,"[8.0, 35.4, 34.65, 36.309999999999995, 37.07]","[8.0, 35.4, 34.65, 36.309999999999995, 37.07]","[2.303522730052821, 1.8796893460196122, 1.8869035562962349, 1.8644851654376295, 1.8355695404493448]","[7.109999999999999, 33.37, 32.269999999999996, 33.82, 33.97]","[2.3035585735186674, 1.9549190609145501, 1.9754383218257914, 1.9347974279628661, 1.9177432346719179]"
