,ValAccDone,eta,lambda,trainAccDone,trainAccuracy,trainLoss,valAccuracy,valLoss
0,26.72,0.013397382158559469,0.0011031514248232939,"[10.77, 23.78, 25.82, 27.1, 27.650000000000002]","[10.77, 23.78, 25.82, 27.1, 27.650000000000002]","[2.3035417262261233, 2.1027827447978846, 2.0677232809152586, 2.0523144596016145, 2.0407239829291215]","[10.31, 22.54, 24.34, 25.72, 26.5]","[2.3035399616851393, 2.114845631857779, 2.0811025688360028, 2.0661047803004635, 2.0547607439743554]"
