,ValAccDone,eta,lambda,trainAccDone,trainAccuracy,trainLoss,valAccuracy,valLoss
0,29.580000000000002,0.016655136524820258,0.0011206066449295487,"[9.6, 26.029999999999998, 28.67, 29.880000000000003, 30.59]","[9.6, 26.029999999999998, 28.67, 29.880000000000003, 30.59]","[2.3034886384710735, 2.0614291940316147, 2.0222151869507425, 2.0022086069317786, 1.9884070609222813]","[9.82, 24.37, 27.339999999999996, 28.16, 29.34]","[2.303459559536665, 2.0758948511618116, 2.0379693072182246, 2.0184479610794828, 2.0050030206338763]"
