,ValAccDone,eta,lambda,trainAccDone,trainAccuracy,trainLoss,valAccuracy,valLoss
0,32.62,0.07108633039323055,0.001801271003860329,"[7.01, 32.36, 34.86, 34.53, 33.43]","[7.01, 32.36, 34.86, 34.53, 33.43]","[2.3042749358627694, 1.8750697840555977, 1.8579344804043225, 1.8543490763988917, 1.8588134075569098]","[7.6499999999999995, 30.37, 33.15, 33.73, 32.31]","[2.3042486389459524, 1.90433286050741, 1.8904907540237113, 1.8880881477727962, 1.8921551211637726]"
