,ValAccDone,eta,lambda,trainAccDone,trainAccuracy,trainLoss,valAccuracy,valLoss
0,35.43,0.18517074418566806,0.0010333178491994048,"[9.83, 31.36, 34.01, 34.19, 33.239999999999995]","[9.83, 31.36, 34.01, 34.19, 33.239999999999995]","[2.303547213857835, 1.9593679450352657, 1.947526718235071, 1.9089388414941741, 1.9109802205122854]","[10.03, 29.34, 31.259999999999998, 31.11, 29.880000000000003]","[2.303527067629932, 2.0245896114900237, 2.0175339792306715, 1.9856961876085601, 1.9943517217453532]"
