,ValAccDone,eta,lambda,trainAccDone,trainAccuracy,trainLoss,valAccuracy,valLoss
0,41.36,0.03801989931474559,0.0001502909719165231,"[9.71, 27.36, 37.37, 41.82, 45.050000000000004, 47.31, 48.010000000000005, 48.99, 49.94, 50.4]","[9.71, 27.36, 37.37, 41.82, 45.050000000000004, 47.31, 48.010000000000005, 48.99, 49.94, 50.4]","[2.302611499610089, 1.9527036255848087, 1.739718343851418, 1.627666709036979, 1.5571948912148277, 1.507047586325914, 1.4814567167621644, 1.4550830905497294, 1.435109863775567, 1.4239363297673444]","[9.24, 26.179999999999996, 35.65, 38.67, 40.31, 40.98, 41.02, 41.44, 41.47, 41.46]","[2.3026107224016488, 1.9814684418026425, 1.796964639152531, 1.7241860446260189, 1.688204565255123, 1.6687910024819765, 1.668135289303892, 1.6614932778286775, 1.6567169697852255, 1.6586813551223494]"
