,ValAccDone,eta,lambda,trainAccDone,trainAccuracy,trainLoss,valAccuracy,valLoss
0,19.0,0.007930178272016287,0.0014443936433042352,"[9.09, 19.37, 18.61, 18.95, 19.470000000000002]","[9.09, 19.37, 18.61, 18.95, 19.470000000000002]","[2.3038774576393473, 2.2513236721654772, 2.2282927592296815, 2.2190679492001055, 2.212168149874284]","[9.34, 18.67, 17.599999999999998, 18.05, 18.55]","[2.3038712859906743, 2.254547823357869, 2.2323519029706977, 2.223307400271293, 2.216557776932926]"
