,ValAccDone,eta,lambda,trainAccDone,trainAccuracy,trainLoss,valAccuracy,valLoss
0,29.659999999999997,0.21476799724517293,0.001081369495640288,"[11.77, 28.37, 30.599999999999998, 31.2, 33.81]","[11.77, 28.37, 30.599999999999998, 31.2, 33.81]","[2.303404014061583, 2.082496017999797, 2.000240555957396, 2.012058557104386, 1.9058682795237736]","[11.790000000000001, 27.32, 28.439999999999998, 29.07, 30.570000000000004]","[2.3034084835335737, 2.1359182792146973, 2.0676044845251607, 2.0792830403101443, 1.9756549585720615]"
