,ValAccDone,eta,lambda,trainAccDone,trainAccuracy,trainLoss,valAccuracy,valLoss
0,34.849999999999994,0.18316459540178942,0.00010545338668760474,"[12.97, 35.23, 37.76, 40.79, 41.0]","[12.97, 35.23, 37.76, 40.79, 41.0]","[2.302632906590985, 1.8751566974681515, 1.8223778921356244, 1.762744572558392, 1.7035100244398147]","[12.67, 33.47, 33.17, 35.43, 34.54]","[2.302601214912948, 1.96900603823588, 2.0011282386488736, 1.9689626994638108, 1.9373822876153755]"
