,ValAccDone,eta,lambda,trainAccDone,trainAccuracy,trainLoss,valAccuracy,valLoss
0,9.84,0.5617598011436443,0.0007437920569276238,"[8.780000000000001, 10.05, 10.05, 10.05, 10.05]","[8.780000000000001, 10.05, 10.05, 10.05, 10.05]","[2.303138759018208, nan, nan, nan, nan]","[8.94, 9.84, 9.84, 9.84, 9.84]","[2.3031371560025122, nan, nan, nan, nan]"
