,ValAccDone,eta,lambda,trainAccDone,trainAccuracy,trainLoss,valAccuracy,valLoss
0,35.97,0.07849374232692166,0.0009545832875958047,"[11.709999999999999, 31.45, 37.330000000000005, 38.48, 38.48, 39.14, 38.440000000000005, 37.72, 38.54, 38.22]","[11.709999999999999, 31.45, 37.330000000000005, 38.48, 38.48, 39.14, 38.440000000000005, 37.72, 38.54, 38.22]","[2.302725563406432, 1.8597062188930136, 1.7670425441186108, 1.749640262212568, 1.7379561275648194, 1.731935426660898, 1.7331984764356638, 1.7449178859237675, 1.7327504422896165, 1.733232537892774]","[12.06, 30.19, 34.86, 34.660000000000004, 34.949999999999996, 35.449999999999996, 35.14, 34.52, 35.370000000000005, 35.36]","[2.30272473093079, 1.8905124458858598, 1.8284591163062662, 1.820015076786596, 1.8114175261740133, 1.8076161310271281, 1.8100500414390273, 1.8200302997147353, 1.806309635894709, 1.8082752852801687]"
