,ValAccDone,eta,lambda,trainAccDone,trainAccuracy,trainLoss,valAccuracy,valLoss
0,30.7,0.19570017275025725,0.0018820212058763225,"[12.370000000000001, 33.87, 30.95, 33.75, 33.64]","[12.370000000000001, 33.87, 30.95, 33.75, 33.64]","[2.303991293382882, 1.9191194881397813, 1.9626997300745843, 1.8974396818101573, 1.9358622251803936]","[11.5, 31.91, 28.599999999999998, 31.630000000000003, 31.5]","[2.303983082260518, 1.9725244697593443, 2.0121405520249613, 1.9443752367683456, 1.9890745246363046]"
