,ValAccDone,eta,lambda,trainAccDone,trainAccuracy,trainLoss,valAccuracy,valLoss
0,31.009999999999998,0.1873347273971618,0.000998733942104733,"[9.42, 33.129999999999995, 34.11, 34.300000000000004, 35.43]","[9.42, 33.129999999999995, 34.11, 34.300000000000004, 35.43]","[2.3036276306421324, 1.930237286647384, 1.8825226740124212, 1.8996479141886815, 1.8549399040835735]","[9.520000000000001, 30.95, 31.730000000000004, 31.77, 32.64]","[2.303646925537333, 1.9966658126082208, 1.9667872028688038, 1.9767795619147945, 1.938936940346841]"
