,ValAccDone,eta,lambda,trainAccDone,trainAccuracy,trainLoss,valAccuracy,valLoss
0,16.54,0.008013752522143204,0.0019393535350033875,"[9.59, 17.76, 16.7, 16.78, 16.88]","[9.59, 17.76, 16.7, 16.78, 16.88]","[2.3041500012071143, 2.2874516634666913, 2.2772159663453966, 2.2691027979552083, 2.2627709509845557]","[10.25, 16.71, 15.989999999999998, 16.21, 16.49]","[2.304153007282236, 2.2885608219904703, 2.2788057638598156, 2.2709931426743823, 2.2648413620503955]"
