,ValAccDone,eta,lambda,trainAccDone,trainAccuracy,trainLoss,valAccuracy,valLoss
0,38.440000000000005,0.061095315993034305,0.0004918498145138284,"[10.68, 36.85, 41.660000000000004, 42.41, 42.91]","[10.68, 36.85, 41.660000000000004, 42.41, 42.91]","[2.3030550910765046, 1.7661983202495386, 1.677309760978598, 1.6454156054973084, 1.6319644534428526]","[10.8, 34.58, 38.06, 38.11, 38.3]","[2.3030616618761175, 1.8201332260877592, 1.7636109023342046, 1.747147772937164, 1.741625150687741]"
