,ValAccDone,eta,lambda,trainAccDone,trainAccuracy,trainLoss,valAccuracy,valLoss
0,9.84,0.39600479459451793,0.0010612307737501922,"[11.05, 10.05, 10.05, 10.05, 10.05]","[11.05, 10.05, 10.05, 10.05, 10.05]","[2.303512065763218, nan, nan, nan, nan]","[10.620000000000001, 9.84, 9.84, 9.84, 9.84]","[2.30353377140528, nan, nan, nan, nan]"
