,ValAccDone,eta,lambda,trainAccDone,trainAccuracy,trainLoss,valAccuracy,valLoss
0,40.25,0.022080456018314612,0.00024614483341724527,"[9.39, 34.33, 39.32, 42.02, 43.309999999999995]","[9.39, 34.33, 39.32, 42.02, 43.309999999999995]","[2.302865481166807, 1.8587499686517202, 1.737327718688077, 1.67762304715925, 1.6407441431865264]","[9.09, 32.66, 37.13, 38.43, 39.44]","[2.302847329211499, 1.8895180574006443, 1.7895367359691183, 1.7486022577809832, 1.7240051814675768]"
