,ValAccDone,eta,lambda,trainAccDone,trainAccuracy,trainLoss,valAccuracy,valLoss
0,38.34,0.08546922586932897,0.0004743440007599681,"[11.57, 38.34, 41.72, 42.95, 42.91]","[11.57, 38.34, 41.72, 42.95, 42.91]","[2.3029200213136347, 1.7318936084249756, 1.649962034642942, 1.6282948910970452, 1.616351142231212]","[11.35, 35.4, 37.37, 37.9, 37.26]","[2.3029320216858573, 1.8103679855621828, 1.760788888060087, 1.7584314426329988, 1.753916824558702]"
