,ValAccDone,eta,lambda,trainAccDone,trainAccuracy,trainLoss,valAccuracy,valLoss
0,24.22,0.24102378900392818,0.0018733450495394938,"[10.979999999999999, 28.449999999999996, 29.04, 31.569999999999997, 28.96]","[10.979999999999999, 28.449999999999996, 29.04, 31.569999999999997, 28.96]","[2.3042027319375245, 2.0793247523273917, 2.086749841636554, 1.9806562359587, 2.020096067550344]","[10.100000000000001, 26.479999999999997, 25.990000000000002, 29.94, 26.91]","[2.304183452144847, 2.1509679474046814, 2.1658855456349846, 2.026284879846584, 2.0619333963647817]"
