,ValAccDone,eta,lambda,trainAccDone,trainAccuracy,trainLoss,valAccuracy,valLoss
0,9.84,0.3346392904153578,0.00027209203216293224,"[8.82, 17.96, 10.05, 10.05, 10.05]","[8.82, 17.96, 10.05, 10.05, 10.05]","[2.303002059167328, 49.401239827812006, nan, nan, nan]","[8.85, 17.59, 9.84, 9.84, 9.84]","[2.30302137077428, 49.042769947117264, nan, nan, nan]"
