,ValAccDone,eta,lambda,trainAccDone,trainAccuracy,trainLoss,valAccuracy,valLoss
0,28.470000000000002,0.24093074229634162,0.00018874978901500016,"[9.15, 31.1, 28.46, 33.67, 34.04]","[9.15, 31.1, 28.46, 33.67, 34.04]","[2.3027522821869706, 2.394556776437755, 2.2717687311471995, 1.9472760109532896, 1.8980101231205302]","[9.0, 28.12, 25.080000000000002, 29.87, 29.73]","[2.302741868723164, 2.5420056027861397, 2.390025318987068, 2.0962968028635482, 2.05416846714297]"
