,ValAccDone,eta,lambda,trainAccDone,trainAccuracy,trainLoss,valAccuracy,valLoss
0,32.93,0.20880865031176815,0.0004869005218559174,"[9.22, 33.81, 32.940000000000005, 36.18, 34.48]","[9.22, 33.81, 32.940000000000005, 36.18, 34.48]","[2.3030734736455236, 1.9094539473350427, 2.0907474815812845, 1.870259064344597, 1.896561277876659]","[9.36, 31.16, 29.7, 33.129999999999995, 30.81]","[2.303045997423225, 2.006264679007283, 2.2233326045160875, 1.9728307570912995, 2.0050279151014663]"
