,ValAccDone,eta,lambda,trainAccDone,trainAccuracy,trainLoss,valAccuracy,valLoss
0,35.82,0.16277538521837723,0.00015903960614208716,"[9.89, 35.79, 37.55, 39.800000000000004, 40.75]","[9.89, 35.79, 37.55, 39.800000000000004, 40.75]","[2.3028058219038434, 1.8492875917990321, 1.833498231687292, 1.7850923248344017, 1.7914110413695858]","[9.11, 32.72, 32.97, 34.72, 34.97]","[2.3027957230016076, 1.9390472884134944, 1.9847891874547288, 1.9666715600112683, 2.015437665684611]"
