,ValAccDone,eta,lambda,trainAccDone,trainAccuracy,trainLoss,valAccuracy,valLoss
0,9.84,0.5550586284659738,0.00040559051228640806,"[11.459999999999999, 10.05, 10.05, 10.05, 10.05]","[11.459999999999999, 10.05, 10.05, 10.05, 10.05]","[2.3029591900425253, nan, nan, nan, nan]","[11.28, 9.84, 9.84, 9.84, 9.84]","[2.3029452915084656, nan, nan, nan, nan]"
