,ValAccDone,eta,lambda,trainAccDone,trainAccuracy,trainLoss,valAccuracy,valLoss
0,9.84,0.5331645634944521,0.0012868114601842177,"[7.739999999999999, 10.05, 10.05, 10.05, 10.05]","[7.739999999999999, 10.05, 10.05, 10.05, 10.05]","[2.30381095383346, nan, nan, nan, nan]","[7.969999999999999, 9.84, 9.84, 9.84, 9.84]","[2.3037984868326213, nan, nan, nan, nan]"
