,ValAccDone,eta,lambda,trainAccDone,trainAccuracy,trainLoss,valAccuracy,valLoss
0,9.84,0.5632736391191535,0.0012720931448069292,"[9.520000000000001, 10.05, 10.05, 10.05, 10.05]","[9.520000000000001, 10.05, 10.05, 10.05, 10.05]","[2.3036947397807133, nan, nan, nan, nan]","[9.32, 9.84, 9.84, 9.84, 9.84]","[2.303665513083752, nan, nan, nan, nan]"
