,ValAccDone,eta,lambda,trainAccDone,trainAccuracy,trainLoss,valAccuracy,valLoss
0,31.28,0.023584984383333625,0.0014186401036267113,"[12.78, 28.53, 31.06, 31.94, 32.32]","[12.78, 28.53, 31.06, 31.94, 32.32]","[2.3037570642354486, 2.0199510841167103, 1.9781924966085933, 1.9622136555566063, 1.9550323354192198]","[12.86, 27.58, 29.48, 30.53, 30.91]","[2.3037599664942716, 2.0356600718366593, 1.9955595292477442, 1.9801292067252507, 1.9731793973708431]"
