,ValAccDone,eta,lambda,trainAccDone,trainAccuracy,trainLoss,valAccuracy,valLoss
0,34.96,0.0713193361738138,0.0010605407096512009,"[10.67, 34.64, 36.49, 37.11, 36.9]","[10.67, 34.64, 36.49, 37.11, 36.9]","[2.3033844950186317, 1.8138163830539478, 1.787776277863604, 1.774057903155236, 1.7717140097487434]","[10.780000000000001, 32.11, 34.07, 34.36, 34.55]","[2.3033829585677954, 1.8582051185992, 1.840891500055169, 1.8324150316778145, 1.8297524250766906]"
