,ValAccDone,eta,lambda,trainAccDone,trainAccuracy,trainLoss,valAccuracy,valLoss
0,32.86,0.18598102742448971,0.0010292283420019557,"[9.69, 32.62, 35.88, 36.620000000000005, 35.29]","[9.69, 32.62, 35.88, 36.620000000000005, 35.29]","[2.3034832814866886, 1.9136075088462645, 1.8577344754377407, 1.848162187125081, 1.882993306322088]","[9.4, 30.79, 32.99, 32.769999999999996, 32.59]","[2.3034957100677054, 1.975288467690463, 1.936186745678395, 1.9352647091815578, 1.9592555685971136]"
