,ValAccDone,eta,lambda,trainAccDone,trainAccuracy,trainLoss,valAccuracy,valLoss
0,28.360000000000003,0.2295107819434934,0.0010035085298400585,"[8.3, 30.04, 32.21, 33.46, 29.48]","[8.3, 30.04, 32.21, 33.46, 29.48]","[2.30345520748496, 2.0050667728132496, 2.069137445314135, 1.949558732251239, 2.018709373440166]","[8.19, 27.889999999999997, 30.14, 30.620000000000005, 27.6]","[2.3034579733660507, 2.0795595667543134, 2.1296150412711583, 2.01433706548518, 2.0852778195996455]"
