,ValAccDone,eta,lambda,trainAccDone,trainAccuracy,trainLoss,valAccuracy,valLoss
0,9.84,0.5029984664291957,7.070731970848164e-05,"[8.559999999999999, 10.05, 10.05, 10.05, 10.05]","[8.559999999999999, 10.05, 10.05, 10.05, 10.05]","[2.3027687920218622, nan, nan, nan, nan]","[8.42, 9.84, 9.84, 9.84, 9.84]","[2.3027361454352415, nan, nan, nan, nan]"
