,ValAccDone,eta,lambda,trainAccDone,trainAccuracy,trainLoss,valAccuracy,valLoss
0,9.84,0.37118647975872204,0.0017055658273733947,"[6.69, 10.05, 10.05, 10.05, 10.05]","[6.69, 10.05, 10.05, 10.05, 10.05]","[2.3042433838932754, nan, nan, nan, nan]","[7.24, 9.84, 9.84, 9.84, 9.84]","[2.304226906729894, nan, nan, nan, nan]"
