,ValAccDone,eta,lambda,trainAccDone,trainAccuracy,trainLoss,valAccuracy,valLoss
0,9.84,0.4144197447790068,0.0013727933908726725,"[9.229999999999999, 10.05, 10.05, 10.05, 10.05]","[9.229999999999999, 10.05, 10.05, 10.05, 10.05]","[2.303932077000089, nan, nan, nan, nan]","[9.68, 9.84, 9.84, 9.84, 9.84]","[2.3039317422277645, nan, nan, nan, nan]"
