,ValAccDone,eta,lambda,trainAccDone,trainAccuracy,trainLoss,valAccuracy,valLoss
0,34.53,0.016110085695672502,0.0006352556115129854,"[8.6, 18.43, 25.590000000000003, 29.62, 32.12, 33.910000000000004, 34.98, 35.23, 35.46, 35.61]","[8.6, 18.43, 25.590000000000003, 29.62, 32.12, 33.910000000000004, 34.98, 35.23, 35.46, 35.61]","[2.302687513376568, 2.227427343366042, 2.0226872122807262, 1.9599674043968573, 1.9136290054330574, 1.8898019137115538, 1.876604209273692, 1.8677646316865022, 1.8623168743911458, 1.858818734240608]","[9.22, 17.68, 24.04, 28.48, 30.89, 32.78, 33.73, 33.989999999999995, 34.21, 34.32]","[2.3026875253890147, 2.2323994341664424, 2.0412498735629576, 1.9808497299097974, 1.9366985044499259, 1.9148793194019043, 1.9029498998858494, 1.8951618419618403, 1.890286982721331, 1.887450625570369]"
