,ValAccDone,eta,lambda,trainAccDone,trainAccuracy,trainLoss,valAccuracy,valLoss
0,20.69,0.29482254652465056,0.0018263503625314402,"[13.79, 25.3, 25.369999999999997, 24.01, 26.19]","[13.79, 25.3, 25.369999999999997, 24.01, 26.19]","[2.303986102027868, 2.7427661478746623, 2.1947063210485096, 2.1713507176423166, 2.0521041156320727]","[13.489999999999998, 23.28, 23.549999999999997, 23.87, 25.06]","[2.3039772079973133, 2.8401402686216977, 2.251435832890587, 2.2007441111449295, 2.084833460165251]"
