,ValAccDone,eta,lambda,trainAccDone,trainAccuracy,trainLoss,valAccuracy,valLoss
0,9.84,0.3205235365289413,0.0010653967212890963,"[9.93, 10.05, 10.05, 10.05, 10.05]","[9.93, 10.05, 10.05, 10.05, 10.05]","[2.303723260791465, nan, nan, nan, nan]","[10.47, 9.84, 9.84, 9.84, 9.84]","[2.303674640457509, nan, nan, nan, nan]"
