,ValAccDone,eta,lambda,trainAccDone,trainAccuracy,trainLoss,valAccuracy,valLoss
0,23.48,0.2716297905865917,0.0011102599680189343,"[9.569999999999999, 23.97, 28.599999999999998, 28.77, 27.339999999999996]","[9.569999999999999, 23.97, 28.599999999999998, 28.77, 27.339999999999996]","[2.3036138854835273, 2.765109234162475, 2.138499174513211, 2.0165338888983326, 2.0570183487113103]","[9.46, 22.31, 26.96, 27.05, 25.75]","[2.3036173718069843, 2.8444657061047, 2.2009062685969476, 2.062102800152834, 2.1081256244678537]"
