,ValAccDone,eta,lambda,trainAccDone,trainAccuracy,trainLoss,valAccuracy,valLoss
0,38.279999999999994,0.020333505088330404,0.0003984099048216058,"[7.960000000000001, 20.87, 29.67, 34.67, 37.65, 38.98, 40.28, 40.82, 41.21, 41.48]","[7.960000000000001, 20.87, 29.67, 34.67, 37.65, 38.98, 40.28, 40.82, 41.21, 41.48]","[2.30265735291633, 2.127264838713584, 1.934317734266233, 1.8334498127335506, 1.7810526140667755, 1.7510392195955125, 1.7316307678041527, 1.719476689896264, 1.71119417564698, 1.7054038233306783]","[8.55, 19.85, 28.21, 33.69, 35.68, 36.7, 37.269999999999996, 37.669999999999995, 38.0, 38.17]","[2.3026568884906027, 2.1396675080044485, 1.9606611461942824, 1.8660387298717735, 1.8227745971770781, 1.8007126053858038, 1.7867673403157103, 1.7778329842628562, 1.7716279617367108, 1.7676936187352261]"
