,ValAccDone,eta,lambda,trainAccDone,trainAccuracy,trainLoss,valAccuracy,valLoss
0,33.71,0.11091126953362274,0.001815177987760346,"[11.379999999999999, 33.58, 35.4, 34.9, 35.53]","[11.379999999999999, 33.58, 35.4, 34.9, 35.53]","[2.3038669223422734, 1.8636932247579232, 1.8374807315969746, 1.8368285726530955, 1.8423419931201823]","[10.72, 31.580000000000002, 33.269999999999996, 32.74, 33.23]","[2.3038520076719333, 1.908291339422817, 1.8849564794521598, 1.885109397908324, 1.8883506486905615]"
