,ValAccDone,eta,lambda,trainAccDone,trainAccuracy,trainLoss,valAccuracy,valLoss
0,9.84,0.43552524001306625,0.0009856237741659528,"[11.67, 10.05, 10.05, 10.05, 10.05]","[11.67, 10.05, 10.05, 10.05, 10.05]","[2.303355570319979, nan, nan, nan, nan]","[11.81, 9.84, 9.84, 9.84, 9.84]","[2.3033798602368134, nan, nan, nan, nan]"
