,ValAccDone,eta,lambda,trainAccDone,trainAccuracy,trainLoss,valAccuracy,valLoss
0,30.159999999999997,0.2166248103408573,0.0008174233980197445,"[7.31, 27.97, 31.66, 33.23, 37.25]","[7.31, 27.97, 31.66, 33.23, 37.25]","[2.3034793531202156, 2.1312277469110077, 2.0414633633771797, 1.9944300312769303, 1.8724228653728632]","[7.1, 26.08, 28.99, 30.65, 33.86]","[2.3034753640615615, 2.216026125334261, 2.129163532211991, 2.06485730528754, 1.9576026015868675]"
