,ValAccDone,eta,lambda,trainAccDone,trainAccuracy,trainLoss,valAccuracy,valLoss
0,9.84,0.44437601263083243,0.0010696440397042096,"[10.66, 10.05, 10.05, 10.05, 10.05]","[10.66, 10.05, 10.05, 10.05, 10.05]","[2.303365148003826, nan, nan, nan, nan]","[10.549999999999999, 9.84, 9.84, 9.84, 9.84]","[2.303412095715793, nan, nan, nan, nan]"
