,ValAccDone,eta,lambda,trainAccDone,trainAccuracy,trainLoss,valAccuracy,valLoss
0,25.009999999999998,0.29619459804107584,0.0012021552451805678,"[10.6, 27.29, 27.42, 26.619999999999997, 22.42]","[10.6, 27.29, 27.42, 26.619999999999997, 22.42]","[2.3035842407892377, 2.556720447589663, 2.1619676280198306, 2.0914907487892185, 2.1079248040014775]","[10.6, 25.66, 25.34, 25.629999999999995, 21.86]","[2.3035794426892675, 2.6449025026984936, 2.2165065145683727, 2.132718894461559, 2.137715017076506]"
