,ValAccDone,eta,lambda,trainAccDone,trainAccuracy,trainLoss,valAccuracy,valLoss
0,9.84,0.40471579243569084,0.0017010318136456964,"[12.049999999999999, 10.05, 10.05, 10.05, 10.05]","[12.049999999999999, 10.05, 10.05, 10.05, 10.05]","[2.3038083804367746, nan, nan, nan, nan]","[11.77, 9.84, 9.84, 9.84, 9.84]","[2.303848245135482, nan, nan, nan, nan]"
