,ValAccDone,eta,lambda,trainAccDone,trainAccuracy,trainLoss,valAccuracy,valLoss
0,36.93,0.14151012090449225,0.0002162488640848221,"[10.93, 36.01, 37.019999999999996, 41.6, 41.93]","[10.93, 36.01, 37.019999999999996, 41.6, 41.93]","[2.3026428572030104, 1.8246025851447507, 1.8367975672603027, 1.6994146800779646, 1.7121403052196607]","[10.489999999999998, 32.7, 32.24, 34.83, 36.57]","[2.302675864997828, 1.9249833123745574, 1.9816432423145667, 1.8998527787573543, 1.919708536563718]"
