,ValAccDone,eta,lambda,trainAccDone,trainAccuracy,trainLoss,valAccuracy,valLoss
0,31.94,0.16368423437002078,0.0012402355598345582,"[12.08, 32.71, 34.760000000000005, 36.21, 34.410000000000004]","[12.08, 32.71, 34.760000000000005, 36.21, 34.410000000000004]","[2.303638205674903, 1.9105111916307322, 1.870360004031591, 1.8491515671650325, 1.8967632810705728]","[11.81, 31.56, 32.21, 33.77, 32.29]","[2.303684284464408, 1.9586810911280916, 1.9404484111807871, 1.9207028096144352, 1.9570675687413093]"
