,ValAccDone,eta,lambda,trainAccDone,trainAccuracy,trainLoss,valAccuracy,valLoss
0,31.94,0.021144450559847504,0.0011501125696867435,"[11.62, 28.46, 31.290000000000003, 32.550000000000004, 32.89]","[11.62, 28.46, 31.290000000000003, 32.550000000000004, 32.89]","[2.303543463404239, 2.013236806159496, 1.9648361007501502, 1.9441526796049355, 1.9353167376843705]","[11.52, 27.189999999999998, 29.84, 31.009999999999998, 31.65]","[2.3035636873320917, 2.030353626019196, 1.983372361786645, 1.9638247007791536, 1.955566192038022]"
