,ValAccDone,eta,lambda,trainAccDone,trainAccuracy,trainLoss,valAccuracy,valLoss
0,23.76,0.2829689890128956,0.0009500165005421843,"[10.73, 24.81, 25.759999999999998, 23.29, 29.409999999999997]","[10.73, 24.81, 25.759999999999998, 23.29, 29.409999999999997]","[2.303232819267319, 3.033030337416565, 2.0954076326753417, 2.2292082859078155, 2.0153077826909986]","[10.979999999999999, 23.799999999999997, 24.3, 21.98, 28.08]","[2.303230067794001, 3.1190135386026108, 2.1390961621553912, 2.2770216407461854, 2.059477827831871]"
