,ValAccDone,eta,lambda,trainAccDone,trainAccuracy,trainLoss,valAccuracy,valLoss
0,31.269999999999996,0.21868747188528534,0.001124150738829477,"[8.200000000000001, 30.91, 32.019999999999996, 34.98, 32.09]","[8.200000000000001, 30.91, 32.019999999999996, 34.98, 32.09]","[2.303717857035966, 2.038925282698435, 1.9787657676833195, 1.9001742187477955, 1.969868993099824]","[8.72, 28.76, 30.29, 32.33, 29.099999999999998]","[2.303699184526083, 2.1249768138109237, 2.061293171558056, 1.9712235095968624, 2.037085179790245]"
