,ValAccDone,eta,lambda,trainAccDone,trainAccuracy,trainLoss,valAccuracy,valLoss
0,28.63,0.006255230095986667,0.0003484630126941482,"[8.08, 16.35, 17.68, 20.78, 23.47, 24.82, 25.869999999999997, 27.200000000000003, 28.78, 29.62]","[8.08, 16.35, 17.68, 20.78, 23.47, 24.82, 25.869999999999997, 27.200000000000003, 28.78, 29.62]","[2.3026424745502903, 2.3016732383210874, 2.2598972017852454, 2.1417677406282474, 2.077719335423939, 2.0439378179080294, 2.02540295686361, 2.0110005506828963, 1.9962642055063784, 1.9813882045736635]","[8.05, 15.68, 16.400000000000002, 19.470000000000002, 22.220000000000002, 23.53, 24.29, 25.53, 26.669999999999998, 27.96]","[2.3026412292489398, 2.3019987851795123, 2.2627235335795026, 2.1516962506785577, 2.092102907837664, 2.060697648397593, 2.0430695842305098, 2.0291478335098883, 2.01488470397821, 2.0004438763171053]"
