,ValAccDone,eta,lambda,trainAccDone,trainAccuracy,trainLoss,valAccuracy,valLoss
0,22.11,0.31409751176971934,0.0011401523193755605,"[11.62, 23.27, 24.099999999999998, 22.720000000000002, 23.04]","[11.62, 23.27, 24.099999999999998, 22.720000000000002, 23.04]","[2.303296710869574, 3.4159121450038388, 2.283177667346413, 2.124258048332411, 2.116795368581766]","[11.020000000000001, 22.41, 23.84, 22.11, 22.59]","[2.303343752762154, 3.448537239490866, 2.3202673568434267, 2.1451092521288455, 2.1404154493725387]"
