,ValAccDone,eta,lambda,trainAccDone,trainAccuracy,trainLoss,valAccuracy,valLoss
0,26.0,0.26110269251223317,0.0015087954699878159,"[10.27, 27.310000000000002, 25.230000000000004, 31.1, 29.84]","[10.27, 27.310000000000002, 25.230000000000004, 31.1, 29.84]","[2.303721798258046, 2.3633050703305094, 2.2523333338013556, 2.0476383753056027, 2.0471560122443684]","[10.51, 25.380000000000003, 23.599999999999998, 28.84, 28.110000000000003]","[2.3037384255920466, 2.407896548918661, 2.2919276633693615, 2.1222988726343734, 2.0881212507478684]"
