,ValAccDone,eta,lambda,trainAccDone,trainAccuracy,trainLoss,valAccuracy,valLoss
0,28.63,0.22228363211511246,0.0009094964227238315,"[10.75, 27.1, 29.26, 31.180000000000003, 31.56]","[10.75, 27.1, 29.26, 31.180000000000003, 31.56]","[2.303284611370213, 2.201942562432357, 2.08312490570106, 2.0135155662585977, 1.965671861614874]","[10.43, 25.41, 27.200000000000003, 28.95, 28.76]","[2.303301736621098, 2.2902196114770392, 2.1412215280744262, 2.09847133458791, 2.0499264006209823]"
