,ValAccDone,eta,lambda,trainAccDone,trainAccuracy,trainLoss,valAccuracy,valLoss
0,42.699999999999996,0.029482589947258546,7.226482769737511e-05,"[6.97, 36.620000000000005, 42.77, 45.78, 47.839999999999996]","[6.97, 36.620000000000005, 42.77, 45.78, 47.839999999999996]","[2.3029801498384375, 1.785792264722267, 1.6345696762093986, 1.545532846626394, 1.4852430951272089]","[6.38, 35.3, 39.36, 41.29, 42.04]","[2.302949387778044, 1.8311528273193436, 1.7237867190792069, 1.6766348126753785, 1.6550933993299586]"
