,ValAccDone,eta,lambda,trainAccDone,trainAccuracy,trainLoss,valAccuracy,valLoss
0,9.87,0.310293688806917,0.0008757589367252393,"[11.44, 18.38, 10.58, 10.6, 10.75]","[11.44, 18.38, 10.58, 10.6, 10.75]","[2.303130124055601, nan, 3.300077384987652, 2.316198344320992, 2.3064953046069765]","[11.17, 17.919999999999998, 10.68, 10.14, 10.7]","[2.303115904976672, nan, 3.3203265542029015, 2.318242273424318, 2.3055216153819544]"
