,ValAccDone,eta,lambda,trainAccDone,trainAccuracy,trainLoss,valAccuracy,valLoss
0,40.400000000000006,0.047427748818296075,0.00018941890378073006,"[10.38, 37.15, 43.39, 46.63, 46.97]","[10.38, 37.15, 43.39, 46.63, 46.97]","[2.302772870015915, 1.7447847296464178, 1.6174902730924183, 1.5403431779342258, 1.508993838049331]","[9.73, 35.3, 39.09, 40.510000000000005, 40.400000000000006]","[2.3027869449291005, 1.803438036820497, 1.7260980226156089, 1.6874520078161594, 1.6825968507898914]"
