,ValAccDone,eta,lambda,trainAccDone,trainAccuracy,trainLoss,valAccuracy,valLoss
0,33.589999999999996,0.026885970818757033,0.001173500981097352,"[9.790000000000001, 31.119999999999997, 33.85, 34.44, 34.61]","[9.790000000000001, 31.119999999999997, 33.85, 34.44, 34.61]","[2.303611400488483, 1.9565650730529782, 1.9075975687667706, 1.8948230321153356, 1.889188856515064]","[10.11, 29.43, 32.6, 33.29, 33.589999999999996]","[2.3035591479171624, 1.9768407331766078, 1.9303729360941229, 1.9187634281465127, 1.9138863259212673]"
