,ValAccDone,eta,lambda,trainAccDone,trainAccuracy,trainLoss,valAccuracy,valLoss
0,38.3,0.05568595899573888,0.0005711882556410322,"[8.27, 36.919999999999995, 41.31, 42.03, 42.22]","[8.27, 36.919999999999995, 41.31, 42.03, 42.22]","[2.3031745830998624, 1.771020221360099, 1.6956890168742944, 1.6723484145432763, 1.6649014964106281]","[7.920000000000001, 34.62, 38.06, 37.96, 38.42]","[2.3031691063363584, 1.8209454043403608, 1.7711460662227934, 1.7592553532316315, 1.7561818734542236]"
