,ValAccDone,eta,lambda,trainAccDone,trainAccuracy,trainLoss,valAccuracy,valLoss
0,9.84,0.5046254082559258,0.0017807594825203618,"[11.59, 10.05, 10.05, 10.05, 10.05]","[11.59, 10.05, 10.05, 10.05, 10.05]","[2.3039677281566044, nan, nan, nan, nan]","[11.16, 9.84, 9.84, 9.84, 9.84]","[2.303997035094001, nan, nan, nan, nan]"
