,ValAccDone,eta,lambda,trainAccDone,trainAccuracy,trainLoss,valAccuracy,valLoss
0,9.84,0.5478992601092988,0.0007752855808245052,"[10.08, 10.05, 10.05, 10.05, 10.05]","[10.08, 10.05, 10.05, 10.05, 10.05]","[2.3032011844359377, nan, nan, nan, nan]","[11.09, 9.84, 9.84, 9.84, 9.84]","[2.3031498782202062, nan, nan, nan, nan]"
