,ValAccDone,eta,lambda,trainAccDone,trainAccuracy,trainLoss,valAccuracy,valLoss
0,31.369999999999997,0.2636749195298206,0.00012173755348359404,"[7.359999999999999, 29.2, 31.990000000000002, 31.680000000000003, 33.910000000000004]","[7.359999999999999, 29.2, 31.990000000000002, 31.680000000000003, 33.910000000000004]","[2.3027433891147817, 2.50854678959921, 2.411240454433294, 1.9955287574594365, 1.948867057167723]","[7.290000000000001, 26.76, 28.87, 28.449999999999996, 29.970000000000002]","[2.302754974044505, 2.642402908319391, 2.55258788337559, 2.1142108047687005, 2.0996238092247284]"
