,ValAccDone,eta,lambda,trainAccDone,trainAccuracy,trainLoss,valAccuracy,valLoss
0,21.66,0.27324171354816024,0.0018575886544206703,"[9.99, 27.060000000000002, 27.810000000000002, 26.950000000000003, 25.94]","[9.99, 27.060000000000002, 27.810000000000002, 26.950000000000003, 25.94]","[2.304106107794724, 2.3046077997315177, 2.138317398378056, 2.136992135245441, 2.0682106733503636]","[10.38, 25.27, 25.869999999999997, 26.31, 25.46]","[2.304082102839926, 2.3551462341322877, 2.188344661889624, 2.1760916904239225, 2.1010686514355243]"
