,ValAccDone,eta,lambda,trainAccDone,trainAccuracy,trainLoss,valAccuracy,valLoss
0,38.51,0.08975248015499633,0.0003525577180015421,"[12.91, 37.059999999999995, 41.86, 43.89, 45.86]","[12.91, 37.059999999999995, 41.86, 43.89, 45.86]","[2.302687990862972, 1.753749792098624, 1.634037107954147, 1.5983327414935367, 1.5601388833047665]","[12.809999999999999, 34.1, 36.66, 37.78, 39.300000000000004]","[2.302698745279866, 1.8388279667213037, 1.763651965565042, 1.7508767094135995, 1.7241980078068129]"
