,ValAccDone,eta,lambda,trainAccDone,trainAccuracy,trainLoss,valAccuracy,valLoss
0,33.78,0.13584210351644452,0.0019021205013544278,"[9.07, 34.33, 33.76, 36.3, 34.870000000000005]","[9.07, 34.33, 33.76, 36.3, 34.870000000000005]","[2.3041641211574193, 1.8658810601435847, 1.869892629048673, 1.8311557310225608, 1.846571444307726]","[9.370000000000001, 32.36, 31.52, 34.150000000000006, 33.18]","[2.3041600985589854, 1.9142976862012362, 1.9160226458503409, 1.8805895048300891, 1.9012097639656402]"
