,ValAccDone,eta,lambda,trainAccDone,trainAccuracy,trainLoss,valAccuracy,valLoss
0,36.71,0.08765787421877941,0.0007483692774652576,"[8.95, 32.37, 38.65, 39.379999999999995, 39.989999999999995, 38.99, 40.87, 40.660000000000004, 40.88, 40.93]","[8.95, 32.37, 38.65, 39.379999999999995, 39.989999999999995, 38.99, 40.87, 40.660000000000004, 40.88, 40.93]","[2.3026991179053526, 1.8441633952408378, 1.7299826759430579, 1.7083174993866106, 1.6980436909701362, 1.7114897248874381, 1.6772808647018482, 1.674067475857743, 1.6751082662120649, 1.6705327481868493]","[8.41, 31.04, 35.66, 35.68, 35.699999999999996, 35.199999999999996, 36.449999999999996, 36.51, 36.61, 36.64]","[2.302698616453009, 1.8831497580324725, 1.808519111542228, 1.7950335934735828, 1.7905185354066597, 1.8072923337436062, 1.7783519049420504, 1.77541699861943, 1.778175650524414, 1.7767258330471867]"
