,ValAccDone,eta,lambda,trainAccDone,trainAccuracy,trainLoss,valAccuracy,valLoss
0,26.55,0.23221311243190887,0.0012324822935210619,"[12.590000000000002, 28.810000000000002, 31.879999999999995, 29.95, 34.2]","[12.590000000000002, 28.810000000000002, 31.879999999999995, 29.95, 34.2]","[2.303361154196942, 2.1472576252300555, 2.022667015068758, 1.9786706781270056, 1.8956757341253272]","[11.37, 26.6, 29.909999999999997, 27.67, 31.979999999999997]","[2.3033802599673243, 2.209133286829191, 2.094201876583634, 2.0547466501492426, 1.9553181846945489]"
