,ValAccDone,eta,lambda,trainAccDone,trainAccuracy,trainLoss,valAccuracy,valLoss
0,19.61,0.3327496246764175,0.001705751171710408,"[8.77, 22.830000000000002, 23.189999999999998, 20.7, 16.830000000000002]","[8.77, 22.830000000000002, 23.189999999999998, 20.7, 16.830000000000002]","[2.304056844207222, 4.561416462643915, 2.237159070355575, 2.144410504474251, 2.199087368917392]","[8.309999999999999, 21.060000000000002, 22.21, 19.97, 17.130000000000003]","[2.30409231141619, 4.63083952440834, 2.27139955533325, 2.163443358262641, 2.1961837753811686]"
