,ValAccDone,eta,lambda,trainAccDone,trainAccuracy,trainLoss,valAccuracy,valLoss
0,28.000000000000004,0.23829048092488458,0.0016409927855523618,"[10.620000000000001, 29.849999999999998, 29.520000000000003, 30.580000000000002, 28.57]","[10.620000000000001, 29.849999999999998, 29.520000000000003, 30.580000000000002, 28.57]","[2.3039970854297, 2.0397352782986387, 2.0355766239205924, 1.982783793630282, 2.058092695363333]","[10.95, 28.499999999999996, 27.889999999999997, 28.01, 26.119999999999997]","[2.303983572118662, 2.0935236584763555, 2.085145410217787, 2.0400434164851298, 2.1076590614256054]"
