,ValAccDone,eta,lambda,trainAccDone,trainAccuracy,trainLoss,valAccuracy,valLoss
0,9.84,0.5665883255671113,0.0013476753280039693,"[9.94, 10.05, 10.05, 10.05, 10.05]","[9.94, 10.05, 10.05, 10.05, 10.05]","[2.3037274829675196, nan, nan, nan, nan]","[9.89, 9.84, 9.84, 9.84, 9.84]","[2.3037383468685517, nan, nan, nan, nan]"
