,ValAccDone,eta,lambda,trainAccDone,trainAccuracy,trainLoss,valAccuracy,valLoss
0,32.65,0.18095272965051215,0.0016037816237241685,"[10.69, 33.629999999999995, 31.19, 34.57, 35.57]","[10.69, 33.629999999999995, 31.19, 34.57, 35.57]","[2.3039824385410896, 1.945560409571852, 1.9541639208139967, 1.9076539742469076, 1.8697999362730742]","[10.47, 30.620000000000005, 29.160000000000004, 31.96, 33.15]","[2.3040045442011063, 2.0045632050378583, 2.01850863620223, 1.9612105078379782, 1.923874768965982]"
