,ValAccDone,eta,lambda,trainAccDone,trainAccuracy,trainLoss,valAccuracy,valLoss
0,31.419999999999998,0.22440943310263342,0.0016627925962839833,"[10.92, 28.549999999999997, 30.31, 30.740000000000002, 30.490000000000002]","[10.92, 28.549999999999997, 30.31, 30.740000000000002, 30.490000000000002]","[2.3040022113897782, 2.139445666504355, 2.0347728143039028, 1.9797600473707393, 1.9756773703481496]","[10.95, 26.57, 28.599999999999998, 28.87, 27.779999999999998]","[2.3040487913962013, 2.1998909942075273, 2.0976411317689574, 2.0373318160941642, 2.0311283517595298]"
