,ValAccDone,eta,lambda,trainAccDone,trainAccuracy,trainLoss,valAccuracy,valLoss
0,33.43,0.08117610461449001,0.0013011775705352722,"[9.520000000000001, 34.23, 37.03, 36.75, 36.120000000000005]","[9.520000000000001, 34.23, 37.03, 36.75, 36.120000000000005]","[2.3039240183906897, 1.8300626837738272, 1.791749135639065, 1.7932157337670434, 1.7918662765266644]","[9.41, 32.690000000000005, 34.510000000000005, 34.14, 33.629999999999995]","[2.3039391936370794, 1.868857987528029, 1.845145267734491, 1.8472384869237368, 1.846393638875422]"
