,ValAccDone,eta,lambda,trainAccDone,trainAccuracy,trainLoss,valAccuracy,valLoss
0,38.16,0.12190340889496426,0.00021997493950343602,"[10.2, 36.46, 40.8, 43.4, 44.09, 44.34, 45.21, 46.82, 46.64, 46.57]","[10.2, 36.46, 40.8, 43.4, 44.09, 44.34, 45.21, 46.82, 46.64, 46.57]","[2.3026226531336773, 1.7729127451421274, 1.6901768286727668, 1.6650619093418997, 1.6238877582004074, 1.6215016124238268, 1.594462861549337, 1.5706565114743842, 1.5594040577618173, 1.5675123425283761]","[10.41, 33.800000000000004, 36.08, 36.97, 37.74, 37.85, 37.72, 38.23, 37.96, 38.26]","[2.3026220641107025, 1.8388049997389901, 1.8185044759757938, 1.8375247957351066, 1.8176497041706627, 1.8443735231479466, 1.838694442769654, 1.840833781824039, 1.8278647389114837, 1.8504364958584643]"
