,ValAccDone,eta,lambda,trainAccDone,trainAccuracy,trainLoss,valAccuracy,valLoss
0,9.84,0.5351032817947895,0.0005636237156654742,"[10.879999999999999, 10.05, 10.05, 10.05, 10.05]","[10.879999999999999, 10.05, 10.05, 10.05, 10.05]","[2.3031340548913484, nan, nan, nan, nan]","[11.98, 9.84, 9.84, 9.84, 9.84]","[2.303091499701476, nan, nan, nan, nan]"
