,ValAccDone,eta,lambda,trainAccDone,trainAccuracy,trainLoss,valAccuracy,valLoss
0,30.930000000000003,0.19578449078871016,0.0006644799460322848,"[11.44, 28.410000000000004, 33.839999999999996, 33.82, 34.849999999999994]","[11.44, 28.410000000000004, 33.839999999999996, 33.82, 34.849999999999994]","[2.303079985200998, 2.2672958927118887, 1.9300727985212403, 1.9069242790413574, 1.9118016792756454]","[10.85, 26.96, 31.55, 31.790000000000003, 30.869999999999997]","[2.3031233970177833, 2.3786543476324735, 2.022008913284996, 1.9917681994102472, 2.020689971339885]"
