,ValAccDone,eta,lambda,trainAccDone,trainAccuracy,trainLoss,valAccuracy,valLoss
0,33.75,0.12807177633710035,0.0013606592389341743,"[10.979999999999999, 36.66, 35.92, 36.91, 36.18]","[10.979999999999999, 36.66, 35.92, 36.91, 36.18]","[2.303490034533127, 1.8016992781237235, 1.8239850822112151, 1.795260567969938, 1.814694948939867]","[11.12, 34.06, 32.79, 34.239999999999995, 33.47]","[2.303484018987746, 1.859806259239335, 1.8808738286369369, 1.860472878057341, 1.878292572024701]"
