,ValAccDone,eta,lambda,trainAccDone,trainAccuracy,trainLoss,valAccuracy,valLoss
0,10.100000000000001,0.3477991789874518,0.0012969681882703964,"[8.75, 16.73, 10.16, 10.32, 10.32]","[8.75, 16.73, 10.16, 10.32, 10.32]","[2.3037654956921783, 34.09302121485857, 2.7017659195714874, 2.303616506293458, 2.303448408121099]","[8.48, 15.68, 9.93, 10.100000000000001, 10.100000000000001]","[2.303783976687165, 34.21640644674375, 2.7068122713447154, 2.30471373563799, 2.3045449305469963]"
