,ValAccDone,eta,lambda,trainAccDone,trainAccuracy,trainLoss,valAccuracy,valLoss
0,9.84,0.43893963985157947,0.0018160200219476065,"[11.540000000000001, 10.05, 10.05, 10.05, 10.05]","[11.540000000000001, 10.05, 10.05, 10.05, 10.05]","[2.304201418810128, nan, nan, nan, nan]","[11.87, 9.84, 9.84, 9.84, 9.84]","[2.3041996400840117, nan, nan, nan, nan]"
