,ValAccDone,eta,lambda,trainAccDone,trainAccuracy,trainLoss,valAccuracy,valLoss
0,25.96,0.26289274626721787,0.0004650213217057162,"[11.200000000000001, 26.179999999999996, 30.55, 31.36, 28.87]","[11.200000000000001, 26.179999999999996, 30.55, 31.36, 28.87]","[2.303036653101476, 2.5079404246777246, 2.052208463254952, 2.0928510300345176, 2.197177706760349]","[10.9, 25.3, 27.98, 27.889999999999997, 26.06]","[2.303033934876733, 2.5762421255768264, 2.140673105160871, 2.2134454927327676, 2.2985326800716677]"
