,ValAccDone,eta,lambda,trainAccDone,trainAccuracy,trainLoss,valAccuracy,valLoss
0,9.84,0.5913385292395762,0.0014251466121781044,"[7.8100000000000005, 10.05, 10.05, 10.05, 10.05]","[7.8100000000000005, 10.05, 10.05, 10.05, 10.05]","[2.3039858553371655, nan, nan, nan, nan]","[8.16, 9.84, 9.84, 9.84, 9.84]","[2.303969411857789, nan, nan, nan, nan]"
