,ValAccDone,eta,lambda,trainAccDone,trainAccuracy,trainLoss,valAccuracy,valLoss
0,35.03,0.12224588807991295,0.0013306460898079486,"[9.55, 36.88, 36.01, 37.88, 37.21]","[9.55, 36.88, 36.01, 37.88, 37.21]","[2.3037700685332805, 1.8070356790409683, 1.8196109373713476, 1.7919582682628885, 1.8027806871550751]","[9.45, 34.449999999999996, 33.44, 34.58, 33.53]","[2.3038045102436335, 1.8582753334018491, 1.874457885578294, 1.8567787957792377, 1.867976873865836]"
