,ValAccDone,eta,lambda,trainAccDone,trainAccuracy,trainLoss,valAccuracy,valLoss
0,28.89,0.25175691145776474,0.0008773317172945411,"[9.610000000000001, 32.2, 30.69, 31.069999999999997, 29.87]","[9.610000000000001, 32.2, 30.69, 31.069999999999997, 29.87]","[2.3033887308223284, 2.0894065352607796, 2.0405047451433416, 1.9702828519440223, 2.002161206308757]","[10.08, 29.39, 28.37, 29.709999999999997, 27.700000000000003]","[2.3033445950622555, 2.179501209231815, 2.1040905054235117, 2.037740641497265, 2.0668565497604736]"
