,ValAccDone,eta,lambda,trainAccDone,trainAccuracy,trainLoss,valAccuracy,valLoss
0,22.689999999999998,0.26272061121024315,0.0013687511409138143,"[8.790000000000001, 27.36, 27.13, 29.880000000000003, 28.24]","[8.790000000000001, 27.36, 27.13, 29.880000000000003, 28.24]","[2.3037811392651646, 2.356828288550913, 2.1755676252985556, 2.0126897324957373, 2.0546283271579338]","[8.85, 25.629999999999995, 25.669999999999998, 28.910000000000004, 26.52]","[2.3037465853091343, 2.447881649971593, 2.229905967540139, 2.0648425551367358, 2.107532332034845]"
