,ValAccDone,eta,lambda,trainAccDone,trainAccuracy,trainLoss,valAccuracy,valLoss
0,42.51,0.03244093510324865,0.00011369581140139733,"[9.879999999999999, 26.479999999999997, 37.059999999999995, 41.63, 44.89, 46.98, 48.79, 49.99, 51.09, 52.290000000000006]","[9.879999999999999, 26.479999999999997, 37.059999999999995, 41.63, 44.89, 46.98, 48.79, 49.99, 51.09, 52.290000000000006]","[2.3026033542114943, 1.98017262935747, 1.757037880722935, 1.6378375133365923, 1.5608231899227623, 1.5046002010454127, 1.4654553093868101, 1.4395392524727744, 1.41264043229023, 1.3860367644513816]","[10.25, 24.959999999999997, 35.31, 38.690000000000005, 40.9, 41.61, 42.08, 42.29, 42.36, 42.44]","[2.302602658055754, 2.0080933783402264, 1.8070990751112552, 1.7311345342344093, 1.6895835462664452, 1.6666107447025458, 1.6535251010852172, 1.6483837579769762, 1.6425245950648566, 1.6346911402847262]"
