,ValAccDone,eta,lambda,trainAccDone,trainAccuracy,trainLoss,valAccuracy,valLoss
0,37.7,0.13452339053611082,0.00013364521364869723,"[8.35, 37.66, 40.86, 41.44, 42.199999999999996]","[8.35, 37.66, 40.86, 41.44, 42.199999999999996]","[2.302860958867828, 1.7882561717246899, 1.6842224677110276, 1.759300769194355, 1.6946123626024903]","[8.110000000000001, 34.46, 35.589999999999996, 34.88, 34.910000000000004]","[2.3028550312511267, 1.8839006766032995, 1.842132062370486, 1.9745365354237883, 1.9333306692119623]"
