,ValAccDone,eta,lambda,trainAccDone,trainAccuracy,trainLoss,valAccuracy,valLoss
0,9.84,0.5380078338852082,0.0014350323549823666,"[13.68, 10.05, 10.05, 10.05, 10.05]","[13.68, 10.05, 10.05, 10.05, 10.05]","[2.303361024789561, nan, nan, nan, nan]","[13.420000000000002, 9.84, 9.84, 9.84, 9.84]","[2.3033826470014733, nan, nan, nan, nan]"
