,ValAccDone,eta,lambda,trainAccDone,trainAccuracy,trainLoss,valAccuracy,valLoss
0,35.33,0.16968471747359676,0.00029606942091865495,"[8.89, 35.449999999999996, 36.19, 39.43, 36.95]","[8.89, 35.449999999999996, 36.19, 39.43, 36.95]","[2.302906452740371, 1.865181663385199, 1.8333870563519958, 1.7932936579374998, 1.7951365926451068]","[8.709999999999999, 32.9, 32.34, 35.589999999999996, 32.269999999999996]","[2.3028836809107407, 1.9411404534976222, 1.961145921859288, 1.9310906246854398, 1.9638678281829027]"
