,ValAccDone,eta,lambda,trainAccDone,trainAccuracy,trainLoss,valAccuracy,valLoss
0,33.4,0.12929367524971278,0.0018523981763886004,"[7.969999999999999, 35.839999999999996, 35.36, 36.47, 36.58]","[7.969999999999999, 35.839999999999996, 35.36, 36.47, 36.58]","[2.304325628022385, 1.831359461788791, 1.8607156718804143, 1.8465471362271013, 1.8304764318667763]","[8.260000000000002, 33.87, 32.59, 33.45, 34.13]","[2.304309005803933, 1.8787881098144785, 1.9057082204423872, 1.9015198115388734, 1.8871287450729342]"
