,ValAccDone,eta,lambda,trainAccDone,trainAccuracy,trainLoss,valAccuracy,valLoss
0,27.73,0.25858041948448884,0.001444537405386489,"[10.7, 26.72, 28.17, 27.939999999999998, 28.24]","[10.7, 26.72, 28.17, 27.939999999999998, 28.24]","[2.303853997120748, 2.4135527315637963, 2.113306077799422, 2.0523680476568873, 2.010128152089173]","[10.63, 24.88, 26.47, 26.47, 26.57]","[2.3038478270196037, 2.4847171438331213, 2.1530807434082315, 2.1077664506173552, 2.053411519030861]"
