,ValAccDone,eta,lambda,trainAccDone,trainAccuracy,trainLoss,valAccuracy,valLoss
0,36.04,0.12943975099516766,0.0008478116725578154,"[12.04, 38.269999999999996, 38.05, 39.290000000000006, 40.04]","[12.04, 38.269999999999996, 38.05, 39.290000000000006, 40.04]","[2.303241554590273, 1.7705989279895387, 1.7635853466906057, 1.7236127662119982, 1.7336430291145333]","[11.12, 35.02, 34.44, 36.27, 36.14]","[2.3032511366323027, 1.844486221181928, 1.8573747256589108, 1.8162559956597193, 1.832163772918197]"
