,ValAccDone,eta,lambda,trainAccDone,trainAccuracy,trainLoss,valAccuracy,valLoss
0,9.84,0.35576273234527217,0.00034801766359353185,"[11.700000000000001, 10.05, 10.05, 10.05, 10.05]","[11.700000000000001, 10.05, 10.05, 10.05, 10.05]","[2.302940035441345, nan, nan, nan, nan]","[11.82, 9.84, 9.84, 9.84, 9.84]","[2.3029014204668967, nan, nan, nan, nan]"
