,ValAccDone,eta,lambda,trainAccDone,trainAccuracy,trainLoss,valAccuracy,valLoss
0,9.84,0.4200377728477595,0.0006798145594870385,"[11.219999999999999, 10.05, 10.05, 10.05, 10.05]","[11.219999999999999, 10.05, 10.05, 10.05, 10.05]","[2.3030885885037287, nan, nan, nan, nan]","[10.83, 9.84, 9.84, 9.84, 9.84]","[2.303114846550676, nan, nan, nan, nan]"
