,ValAccDone,eta,lambda,trainAccDone,trainAccuracy,trainLoss,valAccuracy,valLoss
0,9.84,0.5457091019720298,0.0012628579003645696,"[8.09, 10.05, 10.05, 10.05, 10.05]","[8.09, 10.05, 10.05, 10.05, 10.05]","[2.303889732209345, nan, nan, nan, nan]","[8.200000000000001, 9.84, 9.84, 9.84, 9.84]","[2.3038678974345723, nan, nan, nan, nan]"
