,ValAccDone,eta,lambda,trainAccDone,trainAccuracy,trainLoss,valAccuracy,valLoss
0,9.84,0.36100685728729204,0.0019825588255967504,"[12.540000000000001, 10.05, 10.05, 10.05, 10.05]","[12.540000000000001, 10.05, 10.05, 10.05, 10.05]","[2.304087629873386, nan, nan, nan, nan]","[12.22, 9.84, 9.84, 9.84, 9.84]","[2.304096124800075, nan, nan, nan, nan]"
