,ValAccDone,eta,lambda,trainAccDone,trainAccuracy,trainLoss,valAccuracy,valLoss
0,9.84,0.5586780571435449,0.0013553555629480865,"[11.700000000000001, 10.05, 10.05, 10.05, 10.05]","[11.700000000000001, 10.05, 10.05, 10.05, 10.05]","[2.303575817349269, nan, nan, nan, nan]","[11.49, 9.84, 9.84, 9.84, 9.84]","[2.3036121880156113, nan, nan, nan, nan]"
