,ValAccDone,eta,lambda,trainAccDone,trainAccuracy,trainLoss,valAccuracy,valLoss
0,23.380000000000003,0.2566036958838899,0.0017102335118890733,"[11.379999999999999, 25.85, 26.700000000000003, 28.87, 26.229999999999997]","[11.379999999999999, 25.85, 26.700000000000003, 28.87, 26.229999999999997]","[2.3038557749533695, 2.3539354999346167, 2.2208770867880343, 2.015855661061176, 2.0430899894814716]","[11.08, 24.88, 25.19, 27.3, 24.85]","[2.303889423807513, 2.4161523005093435, 2.2627253007185133, 2.046175551279257, 2.085818982594164]"
