,ValAccDone,eta,lambda,trainAccDone,trainAccuracy,trainLoss,valAccuracy,valLoss
0,22.93,0.2640759496506932,0.0011790960616390707,"[9.36, 26.889999999999997, 28.37, 31.31, 27.54]","[9.36, 26.889999999999997, 28.37, 31.31, 27.54]","[2.3036197267267435, 2.6835742161987657, 2.1432645842549785, 2.016767743673569, 2.030748099606372]","[9.610000000000001, 26.72, 26.69, 29.59, 26.97]","[2.3036010693447975, 2.733374031893093, 2.197512507344483, 2.0688014537966777, 2.058687363172394]"
