,ValAccDone,eta,lambda,trainAccDone,trainAccuracy,trainLoss,valAccuracy,valLoss
0,29.28,0.20403795957490603,0.001989534608871006,"[8.36, 31.740000000000002, 31.71, 31.47, 30.009999999999998]","[8.36, 31.740000000000002, 31.71, 31.47, 30.009999999999998]","[2.3043282774976697, 1.9635138701966428, 1.9769883069460332, 1.9687732184897841, 1.985145163938106]","[8.7, 30.28, 30.18, 29.74, 27.99]","[2.304310724972823, 2.0062475657267758, 2.012689871167525, 1.9985817448816523, 2.03657109874735]"
