,ValAccDone,eta,lambda,trainAccDone,trainAccuracy,trainLoss,valAccuracy,valLoss
0,9.84,0.4517556731070606,0.0017965862150270571,"[8.72, 10.05, 10.05, 10.05, 10.05]","[8.72, 10.05, 10.05, 10.05, 10.05]","[2.304081506332712, nan, nan, nan, nan]","[8.799999999999999, 9.84, 9.84, 9.84, 9.84]","[2.3040736325525955, nan, nan, nan, nan]"
