,ValAccDone,eta,lambda,trainAccDone,trainAccuracy,trainLoss,valAccuracy,valLoss
0,9.84,0.5046847744960199,0.0012158810463364451,"[8.15, 10.05, 10.05, 10.05, 10.05]","[8.15, 10.05, 10.05, 10.05, 10.05]","[2.303757166358911, nan, nan, nan, nan]","[8.51, 9.84, 9.84, 9.84, 9.84]","[2.303747325420027, nan, nan, nan, nan]"
