,ValAccDone,eta,lambda,trainAccDone,trainAccuracy,trainLoss,valAccuracy,valLoss
0,9.84,0.4225657739213767,0.00183070217120389,"[10.780000000000001, 10.05, 10.05, 10.05, 10.05]","[10.780000000000001, 10.05, 10.05, 10.05, 10.05]","[2.304071153308009, nan, nan, nan, nan]","[10.59, 9.84, 9.84, 9.84, 9.84]","[2.3040921312184497, nan, nan, nan, nan]"
