,ValAccDone,eta,lambda,trainAccDone,trainAccuracy,trainLoss,valAccuracy,valLoss
0,23.04,0.30696540178465337,0.0015693921661677993,"[8.28, 19.81, 26.14, 22.39, 21.13]","[8.28, 19.81, 26.14, 22.39, 21.13]","[2.3039572316032846, 4.875130044346679, 2.104176145943713, 2.141824614798309, 2.165888244748942]","[8.309999999999999, 18.45, 24.92, 21.5, 21.87]","[2.3039352215158075, 4.9798637987047805, 2.1364507628593903, 2.159140787031064, 2.1797208367553744]"
