,ValAccDone,eta,lambda,trainAccDone,trainAccuracy,trainLoss,valAccuracy,valLoss
0,32.7,0.2032691167930948,6.412213847466891e-05,"[11.24, 27.560000000000002, 32.53, 36.68, 36.9]","[11.24, 27.560000000000002, 32.53, 36.68, 36.9]","[2.3025974036587686, 2.4807799929786003, 2.0395917518329405, 1.975826146322674, 1.8742662667411012]","[11.15, 26.05, 29.849999999999998, 32.09, 32.440000000000005]","[2.302600672394558, 2.599447946867649, 2.16645768221312, 2.180149841343615, 2.05785038799282]"
