,ValAccDone,eta,lambda,trainAccDone,trainAccuracy,trainLoss,valAccuracy,valLoss
0,37.78,0.05659554253218325,0.0005377433466456303,"[9.56, 36.26, 39.76, 40.32, 41.22]","[9.56, 36.26, 39.76, 40.32, 41.22]","[2.303007656122917, 1.7789698964892522, 1.7011706627541012, 1.6826738998341495, 1.6665889123149793]","[8.68, 33.78, 36.66, 36.89, 37.38]","[2.303028379749229, 1.8305247705151582, 1.7774838755679285, 1.7709353737480529, 1.7601115138935863]"
