,ValAccDone,eta,lambda,trainAccDone,trainAccuracy,trainLoss,valAccuracy,valLoss
0,18.9,0.010609983031097602,0.001940013579449578,"[7.5200000000000005, 19.24, 17.580000000000002, 18.32, 19.31]","[7.5200000000000005, 19.24, 17.580000000000002, 18.32, 19.31]","[2.3044176054519965, 2.2463434613958078, 2.2249020624082037, 2.21490881274181, 2.206370931392619]","[8.110000000000001, 18.240000000000002, 17.03, 17.61, 18.709999999999997]","[2.3044193515266396, 2.2494038864555526, 2.2286475596675146, 2.2188757721314802, 2.2106340380041787]"
