,ValAccDone,eta,lambda,trainAccDone,trainAccuracy,trainLoss,valAccuracy,valLoss
0,30.72,0.05209099209936475,0.0016678503320141083,"[10.66, 33.31, 32.940000000000005, 32.18, 32.08]","[10.66, 33.31, 32.940000000000005, 32.18, 32.08]","[2.304102882610015, 1.884107636800806, 1.8733987679547695, 1.8699234461452914, 1.8690306791746687]","[9.81, 32.4, 31.319999999999997, 31.119999999999997, 30.85]","[2.3041027126905917, 1.9112694583315657, 1.9031883893683144, 1.9001202648648392, 1.9001389925824295]"
