,ValAccDone,eta,lambda,trainAccDone,trainAccuracy,trainLoss,valAccuracy,valLoss
0,9.84,0.4931828713880724,0.001384207034467306,"[12.13, 10.05, 10.05, 10.05, 10.05]","[12.13, 10.05, 10.05, 10.05, 10.05]","[2.303758836817236, nan, nan, nan, nan]","[11.67, 9.84, 9.84, 9.84, 9.84]","[2.3037599079256035, nan, nan, nan, nan]"
