,ValAccDone,eta,lambda,trainAccDone,trainAccuracy,trainLoss,valAccuracy,valLoss
0,31.669999999999998,0.2002525623455923,0.0018813428755372586,"[9.959999999999999, 27.800000000000004, 33.22, 32.68, 32.07]","[9.959999999999999, 27.800000000000004, 33.22, 32.68, 32.07]","[2.304199402287088, 2.0060763839167675, 1.9205459728809853, 1.941066690392794, 1.9339023689247568]","[9.73, 26.38, 31.019999999999996, 30.0, 30.72]","[2.3042132557991617, 2.047632415114864, 1.9783620897313523, 1.9911829501816294, 1.9678347903566433]"
