,ValAccDone,eta,lambda,trainAccDone,trainAccuracy,trainLoss,valAccuracy,valLoss
0,9.84,0.4544420045532286,0.001937457484074761,"[8.73, 10.05, 10.05, 10.05, 10.05]","[8.73, 10.05, 10.05, 10.05, 10.05]","[2.3044161549988904, nan, nan, nan, nan]","[7.870000000000001, 9.84, 9.84, 9.84, 9.84]","[2.3044351702337993, nan, nan, nan, nan]"
