,ValAccDone,eta,lambda,trainAccDone,trainAccuracy,trainLoss,valAccuracy,valLoss
0,9.84,0.4014764736473309,0.0008397867694616348,"[9.950000000000001, 10.05, 10.05, 10.05, 10.05]","[9.950000000000001, 10.05, 10.05, 10.05, 10.05]","[2.3033896967378555, nan, nan, nan, nan]","[10.77, 9.84, 9.84, 9.84, 9.84]","[2.3033927506909992, nan, nan, nan, nan]"
