,ValAccDone,eta,lambda,trainAccDone,trainAccuracy,trainLoss,valAccuracy,valLoss
0,9.84,0.40951167053927384,0.0015610685697527485,"[10.36, 10.05, 10.05, 10.05, 10.05]","[10.36, 10.05, 10.05, 10.05, 10.05]","[2.303925550939662, nan, nan, nan, nan]","[10.190000000000001, 9.84, 9.84, 9.84, 9.84]","[2.3038894170682718, nan, nan, nan, nan]"
