,ValAccDone,eta,lambda,trainAccDone,trainAccuracy,trainLoss,valAccuracy,valLoss
0,27.43,0.2180467009384038,0.001764462377870597,"[9.89, 32.910000000000004, 30.59, 31.72, 31.69]","[9.89, 32.910000000000004, 30.59, 31.72, 31.69]","[2.303893240427365, 1.9565377215962536, 1.9665772808811397, 1.949016493329771, 1.9465083392936486]","[10.38, 31.34, 28.84, 29.09, 30.570000000000004]","[2.3039268069326844, 2.0087949779355956, 1.999024027501092, 2.006079126481438, 1.9870198002806463]"
