,ValAccDone,eta,lambda,trainAccDone,trainAccuracy,trainLoss,valAccuracy,valLoss
0,32.35,0.17247541191702753,0.0015576232797164173,"[11.799999999999999, 31.1, 35.870000000000005, 34.04, 35.03]","[11.799999999999999, 31.1, 35.870000000000005, 34.04, 35.03]","[2.3039361019875697, 1.9271257883128776, 1.8625923286762252, 1.8764060138126277, 1.8575505456133072]","[11.57, 30.070000000000004, 33.42, 31.66, 32.24]","[2.3039438995925012, 1.9734187395453449, 1.9224275270298836, 1.9434072295392646, 1.9236174214026556]"
