,ValAccDone,eta,lambda,trainAccDone,trainAccuracy,trainLoss,valAccuracy,valLoss
0,36.449999999999996,0.12793680397422624,0.001266507151355633,"[10.22, 36.8, 38.59, 37.8, 37.980000000000004]","[10.22, 36.8, 38.59, 37.8, 37.980000000000004]","[2.303879519198001, 1.8086396638465707, 1.7788168391481343, 1.783548967912344, 1.7772147509795255]","[10.100000000000001, 34.36, 35.74, 34.93, 35.08]","[2.3038522812647155, 1.8721297402056698, 1.848441651504172, 1.8498622619187843, 1.8493429587350037]"
