,ValAccDone,eta,lambda,trainAccDone,trainAccuracy,trainLoss,valAccuracy,valLoss
0,33.51,0.22151658511722705,0.0002850307595143348,"[8.61, 26.13, 33.019999999999996, 34.17, 33.61]","[8.61, 26.13, 33.019999999999996, 34.17, 33.61]","[2.3029300741726018, 2.528699193270341, 2.016469029469467, 1.908679227832316, 2.0229124749235146]","[8.49, 23.849999999999998, 29.86, 30.049999999999997, 29.57]","[2.3029488271552156, 2.6626228646301655, 2.131618962285497, 2.0440098250304075, 2.1434648287998903]"
