,ValAccDone,eta,lambda,trainAccDone,trainAccuracy,trainLoss,valAccuracy,valLoss
0,30.990000000000002,0.051712723338078144,0.0016666572430835216,"[10.33, 32.89, 33.019999999999996, 32.68, 32.26]","[10.33, 32.89, 33.019999999999996, 32.68, 32.26]","[2.304173246926721, 1.8926833190386267, 1.873219042493483, 1.8694360542510533, 1.8690864744360933]","[10.31, 31.89, 31.64, 31.69, 31.15]","[2.3041631030914314, 1.9191746217467394, 1.9016650540524436, 1.8988762909553232, 1.8989795558715048]"
