,ValAccDone,eta,lambda,trainAccDone,trainAccuracy,trainLoss,valAccuracy,valLoss
0,9.84,0.529901984322006,0.0019076232331176868,"[7.35, 10.05, 10.05, 10.05, 10.05]","[7.35, 10.05, 10.05, 10.05, 10.05]","[2.3046052608362233, nan, nan, nan, nan]","[7.960000000000001, 9.84, 9.84, 9.84, 9.84]","[2.3045640195105435, nan, nan, nan, nan]"
