,ValAccDone,eta,lambda,trainAccDone,trainAccuracy,trainLoss,valAccuracy,valLoss
0,27.48,0.23894590578507655,0.001310586088577323,"[8.68, 29.81, 29.349999999999998, 29.080000000000002, 30.709999999999997]","[8.68, 29.81, 29.349999999999998, 29.080000000000002, 30.709999999999997]","[2.303824708296809, 2.03436752914828, 2.049452156707742, 2.040501573314638, 1.986944248173063]","[8.309999999999999, 28.18, 27.29, 26.91, 28.860000000000003]","[2.3037938786002803, 2.1005275535213266, 2.1052922617703014, 2.092445877964622, 2.0474757896413727]"
