,ValAccDone,eta,lambda,trainAccDone,trainAccuracy,trainLoss,valAccuracy,valLoss
0,35.53,0.1761566390365264,0.00018434975961338548,"[9.13, 33.800000000000004, 36.42, 40.0, 40.739999999999995]","[9.13, 33.800000000000004, 36.42, 40.0, 40.739999999999995]","[2.3028962850968133, 1.9066300141371184, 1.960725899152779, 1.7546661012116835, 1.7829673759972509]","[9.28, 31.28, 32.76, 34.599999999999994, 35.160000000000004]","[2.3028765507275297, 2.004176275284919, 2.095419931906405, 1.9371930235514734, 1.970118500013225]"
