,ValAccDone,eta,lambda,trainAccDone,trainAccuracy,trainLoss,valAccuracy,valLoss
0,34.71,0.14652224391091884,0.0008581544169646842,"[8.3, 34.23, 36.32, 39.36, 39.42, 39.15, 39.629999999999995, 38.31, 42.01, 39.54]","[8.3, 34.23, 36.32, 39.36, 39.42, 39.15, 39.629999999999995, 38.31, 42.01, 39.54]","[2.302718650946775, 1.8441337100851416, 1.8145337629527383, 1.7439100525732947, 1.748103764865606, 1.7466462005739964, 1.7625370974045707, 1.7632873236031819, 1.7032405330843814, 1.7620531408484963]","[8.66, 31.55, 33.62, 35.99, 35.25, 35.43, 35.52, 34.67, 37.82, 35.55]","[2.302717903590109, 1.9027835710830987, 1.8907171338725055, 1.8364124865444302, 1.846540345406744, 1.8354567359333285, 1.8525862988721031, 1.8605311520341228, 1.7935063620714504, 1.853664526444443]"
