,ValAccDone,eta,lambda,trainAccDone,trainAccuracy,trainLoss,valAccuracy,valLoss
0,34.47,0.16201188168156902,0.0010111074626410058,"[7.670000000000001, 34.44, 34.37, 37.44, 36.15]","[7.670000000000001, 34.44, 34.37, 37.44, 36.15]","[2.303667114274523, 1.8769612980172397, 1.8674019419050245, 1.8002867112570733, 1.8520098846081334]","[7.630000000000001, 32.269999999999996, 31.979999999999997, 33.64, 32.48]","[2.303718730729782, 1.9417041246534217, 1.9431303516996326, 1.8843870219433871, 1.9393592242336242]"
