,ValAccDone,eta,lambda,trainAccDone,trainAccuracy,trainLoss,valAccuracy,valLoss
0,36.809999999999995,0.0900543378782565,0.0005298719209324939,"[11.18, 37.57, 40.5, 41.85, 41.699999999999996]","[11.18, 37.57, 40.5, 41.85, 41.699999999999996]","[2.302887134206056, 1.7551077713780985, 1.6830914726130608, 1.653529925460066, 1.6481798893523105]","[12.0, 34.96, 36.22, 37.39, 36.66]","[2.3028638288393917, 1.8281095573971542, 1.7895768502711304, 1.765039106945311, 1.773360632674578]"
