,ValAccDone,eta,lambda,trainAccDone,trainAccuracy,trainLoss,valAccuracy,valLoss
0,9.84,0.540178311939148,0.0017821096439766394,"[10.280000000000001, 10.05, 10.05, 10.05, 10.05]","[10.280000000000001, 10.05, 10.05, 10.05, 10.05]","[2.304156441803245, nan, nan, nan, nan]","[9.82, 9.84, 9.84, 9.84, 9.84]","[2.304171687131019, nan, nan, nan, nan]"
