,ValAccDone,eta,lambda,trainAccDone,trainAccuracy,trainLoss,valAccuracy,valLoss
0,38.080000000000005,0.09804658574504266,0.00036754715194975776,"[11.14, 34.69, 41.88, 42.89, 44.5, 44.56, 44.690000000000005, 44.46, 45.93, 44.92]","[11.14, 34.69, 41.88, 42.89, 44.5, 44.56, 44.690000000000005, 44.46, 45.93, 44.92]","[2.3026352396339096, 1.8121885613509403, 1.6626160007120308, 1.6392958400908781, 1.5920778143127265, 1.5793965845740519, 1.575793771923491, 1.59292820443063, 1.5514869679485939, 1.5631601677688773]","[11.14, 32.59, 37.86, 37.91, 37.830000000000005, 37.69, 38.33, 37.43, 38.29, 37.86]","[2.302635000806641, 1.8637065755263875, 1.7737380908277502, 1.7768173691025742, 1.7522300584496624, 1.7491950309445627, 1.7540190377139253, 1.7752044414589847, 1.7410218242593092, 1.7519477319709893]"
