,ValAccDone,eta,lambda,trainAccDone,trainAccuracy,trainLoss,valAccuracy,valLoss
0,33.68,0.19160772982742316,0.00017887371556657067,"[9.520000000000001, 33.93, 37.25, 37.88, 38.65]","[9.520000000000001, 33.93, 37.25, 37.88, 38.65]","[2.3027477468406428, 1.9203465517757403, 1.8517712056007796, 1.805341793942784, 1.822110564152478]","[10.51, 31.65, 33.44, 33.11, 33.410000000000004]","[2.302759682324919, 2.0173156723189156, 2.00442682741456, 1.9756105534190709, 2.024125076477632]"
