,ValAccDone,eta,lambda,trainAccDone,trainAccuracy,trainLoss,valAccuracy,valLoss
0,9.84,0.5793543490137583,0.0008716482433505851,"[11.690000000000001, 10.05, 10.05, 10.05, 10.05]","[11.690000000000001, 10.05, 10.05, 10.05, 10.05]","[2.303223851701633, nan, nan, nan, nan]","[11.39, 9.84, 9.84, 9.84, 9.84]","[2.303231783608044, nan, nan, nan, nan]"
