,ValAccDone,eta,lambda,trainAccDone,trainAccuracy,trainLoss,valAccuracy,valLoss
0,28.51,0.0240688714213816,0.0018448356457064783,"[8.709999999999999, 26.25, 28.59, 29.299999999999997, 29.68]","[8.709999999999999, 26.25, 28.59, 29.299999999999997, 29.68]","[2.3042828271703195, 2.062747228579119, 2.0369922690187545, 2.0199073527943474, 2.0100142265148526]","[8.68, 24.79, 27.200000000000003, 27.88, 28.22]","[2.3042896781449596, 2.07633582204862, 2.051164652433363, 2.034340666810138, 2.024654565764102]"
