,ValAccDone,eta,lambda,trainAccDone,trainAccuracy,trainLoss,valAccuracy,valLoss
0,9.84,0.43586145542442223,0.001977647689575648,"[12.3, 10.05, 10.05, 10.05, 10.05]","[12.3, 10.05, 10.05, 10.05, 10.05]","[2.303953375900507, nan, nan, nan, nan]","[11.93, 9.84, 9.84, 9.84, 9.84]","[2.303971230508747, nan, nan, nan, nan]"
