,ValAccDone,eta,lambda,trainAccDone,trainAccuracy,trainLoss,valAccuracy,valLoss
0,38.49,0.06639061653285856,3.1059001284106514e-08,"[10.36, 24.490000000000002, 36.47, 38.62, 37.97, 39.54, 39.54, 40.25, 43.72, 44.75]","[10.36, 24.490000000000002, 36.47, 38.62, 37.97, 39.54, 39.54, 40.25, 43.72, 44.75]","[inf, 2.246288400449166, 1.7670475833501382, 1.6982968576959196, 1.7191101048651605, 1.6712344745797159, 1.6752225483159757, 1.666945518734028, 1.5673562503549627, 1.548479110139542]","[10.23, 23.95, 34.38, 36.36, 35.510000000000005, 36.77, 36.74, 36.75, 38.83, 38.81]","[inf, 2.27655061076461, 1.8322148162544092, 1.7834765791860592, 1.8180983866353793, 1.792980947656033, 1.8129594596996923, 1.8314223479787262, 1.7668376007669009, 1.7752097197785977]"
