,ValAccDone,eta,lambda,trainAccDone,trainAccuracy,trainLoss,valAccuracy,valLoss
0,39.83,0.035494550334873885,2.117951645594427e-08,"[9.180000000000001, 26.889999999999997, 34.56, 38.940000000000005, 41.67, 42.67, 44.93, 46.800000000000004, 47.48, 47.82]","[9.180000000000001, 26.889999999999997, 34.56, 38.940000000000005, 41.67, 42.67, 44.93, 46.800000000000004, 47.48, 47.82]","[127.86606445250321, 2.0652848594605593, 1.7986136099534242, 1.68937207308186, 1.6250605534361855, 1.5839624354645543, 1.5267820539397965, 1.4822036084038517, 1.4727325495595462, 1.443316328391446]","[9.34, 26.779999999999998, 32.61, 36.199999999999996, 37.95, 38.66, 39.53, 40.29, 40.45, 40.54]","[127.4722675680573, 2.0996538749016453, 1.8713094268039963, 1.7753043469750878, 1.736145891378587, 1.7184607915766588, 1.6988923549941883, 1.681823754641264, 1.6984755108107772, 1.7021112151400004]"
