,ValAccDone,eta,lambda,trainAccDone,trainAccuracy,trainLoss,valAccuracy,valLoss
0,38.16,0.04358429611048813,6.168391896678454e-08,"[11.3, 25.22, 34.25, 39.7, 40.78, 43.97, 44.68, 46.35, 45.15, 43.95]","[11.3, 25.22, 34.25, 39.7, 40.78, 43.97, 44.68, 46.35, 45.15, 43.95]","[65.85517173942428, 2.2817262371235905, 1.8200688839661106, 1.6757161636352997, 1.6278851587275291, 1.56013395973974, 1.527073995593834, 1.496338342830046, 1.5055548298728791, 1.5410209730218458]","[11.200000000000001, 24.92, 32.42, 36.720000000000006, 37.96, 39.37, 39.89, 40.79, 39.43, 38.21]","[65.02141758574523, 2.313737732428943, 1.890596676187193, 1.7724493409974256, 1.7520627107989457, 1.7091767224273193, 1.7014753210309008, 1.6943101318630638, 1.7221208570884714, 1.7732178782107397]"
