,ValAccDone,eta,lambda,trainAccDone,trainAccuracy,trainLoss,valAccuracy,valLoss
0,36.28,0.032008253683290744,8.199053752825002e-08,"[10.48, 25.669999999999998, 31.430000000000003, 29.49, 37.830000000000005, 42.059999999999995, 44.13, 44.940000000000005, 43.05, 43.86]","[10.48, 25.669999999999998, 31.430000000000003, 29.49, 37.830000000000005, 42.059999999999995, 44.13, 44.940000000000005, 43.05, 43.86]","[158.03829517698293, 2.2620773021561744, 1.949531274043296, 2.075259708356177, 1.7290491029885102, 1.6082941292469455, 1.556094790119013, 1.5338395946200833, 1.6099667304683267, 1.575922704759595]","[10.100000000000001, 25.09, 30.44, 28.59, 35.510000000000005, 37.99, 39.07, 38.769999999999996, 37.47, 37.580000000000005]","[158.13415253413845, 2.287816576409069, 1.9879778260914183, 2.128477370651103, 1.829163987958931, 1.7460068089746517, 1.7199015645152835, 1.7274633483252169, 1.8130659492069585, 1.8119103045804792]"
