,ValAccDone,eta,lambda,trainAccDone,trainAccuracy,trainLoss,valAccuracy,valLoss
0,31.990000000000002,0.057199153616809835,6.957004515232974e-08,"[9.74, 25.259999999999998, 32.76, 35.78, 37.55, 37.41, 37.769999999999996, 37.34, 37.230000000000004, 33.33]","[9.74, 25.259999999999998, 32.76, 35.78, 37.55, 37.41, 37.769999999999996, 37.34, 37.230000000000004, 33.33]","[123.79429895319053, 2.412057170881313, 1.8460015508391492, 1.7461945495012445, 1.7089336450851929, 1.731123879895681, 1.7192353687717945, 1.7897397947675517, 1.8268117534047643, 2.0925004750472143]","[10.0, 24.55, 31.94, 34.57, 34.870000000000005, 34.42, 34.870000000000005, 33.96, 33.29, 30.19]","[122.93990797228474, 2.4341639512074313, 1.9019065270304918, 1.8280118470159956, 1.8058129312630744, 1.8446161222455675, 1.8656478063763609, 1.9660665997569549, 2.0273333229778205, 2.312948875374863]"
