,ValAccDone,eta,lambda,trainAccDone,trainAccuracy,trainLoss,valAccuracy,valLoss
0,37.019999999999996,0.03186472038266521,9.703535249039531e-08,"[9.370000000000001, 26.46, 34.910000000000004, 36.71, 39.54, 38.45, 37.91, 42.5, 42.86, 43.62]","[9.370000000000001, 26.46, 34.910000000000004, 36.71, 39.54, 38.45, 37.91, 42.5, 42.86, 43.62]","[93.45338345025557, 2.0573576340821482, 1.8158163727318344, 1.7495889703389325, 1.6721965545727062, 1.7217482941477658, 1.7479226066682514, 1.5961404201844156, 1.5976791748234276, 1.5819711975495185]","[9.610000000000001, 24.87, 33.239999999999995, 35.25, 36.559999999999995, 35.17, 35.089999999999996, 37.84, 37.76, 37.519999999999996]","[92.5399240019291, 2.085319852562107, 1.873393128877582, 1.8200341793652774, 1.7729634330234985, 1.8344164752434697, 1.8786143871814727, 1.7725591540464258, 1.7999998107060908, 1.8154749031731987]"
