,ValAccDone,eta,lambda,trainAccDone,trainAccuracy,trainLoss,valAccuracy,valLoss
0,33.800000000000004,0.00500725796753709,2.512076796270487e-08,"[10.07, 25.44, 35.14, 35.19, 33.26, 37.35, 40.07, 39.7, 42.730000000000004, 41.99]","[10.07, 25.44, 35.14, 35.19, 33.26, 37.35, 40.07, 39.7, 42.730000000000004, 41.99]","[190.809353082642, 1.993717124225397, 1.8270893398320933, 1.8061251394641495, 1.8447229250479906, 1.737420957496733, 1.6466365000223995, 1.7012440131156341, 1.5943112141472844, 1.6115238543037527]","[10.299999999999999, 24.84, 34.03, 33.040000000000006, 30.59, 32.7, 34.239999999999995, 33.910000000000004, 35.620000000000005, 34.489999999999995]","[187.1930976278698, 2.0175712352059465, 1.868952438926253, 1.8632592722209707, 1.9354948720229834, 1.8711324704882628, 1.8251089012466926, 1.9178562856742312, 1.8396348472483397, 1.8873633523959772]"
