,ValAccDone,eta,lambda,trainAccDone,trainAccuracy,trainLoss,valAccuracy,valLoss
0,34.660000000000004,0.005388198225513646,2.3880142341840913e-08,"[13.950000000000001, 26.44, 35.839999999999996, 38.46, 40.760000000000005, 41.29, 42.480000000000004, 42.1, 40.93, 40.6]","[13.950000000000001, 26.44, 35.839999999999996, 38.46, 40.760000000000005, 41.29, 42.480000000000004, 42.1, 40.93, 40.6]","[inf, 2.013799032452638, 1.8462668270002378, 1.746152894840988, 1.6931518986303398, 1.6570987789173657, 1.6334112565041936, 1.6588245384619424, 1.6626693366903211, 1.6576936517122258]","[13.29, 25.75, 33.79, 36.27, 37.4, 36.86, 37.66, 36.46, 35.9, 34.839999999999996]","[inf, 2.03222971293214, 1.885226979562497, 1.8096747317659059, 1.7853282652685039, 1.7797387875487032, 1.7761421683178054, 1.8138015205837148, 1.8337526302755733, 1.8662550950101193]"
