,ValAccDone,eta,lambda,trainAccDone,trainAccuracy,trainLoss,valAccuracy,valLoss
0,37.82,0.02043768298824356,1.789737778398831e-08,"[10.13, 28.38, 36.199999999999996, 36.32, 41.120000000000005, 43.96, 37.46, 36.05, 40.2, 44.28]","[10.13, 28.38, 36.199999999999996, 36.32, 41.120000000000005, 43.96, 37.46, 36.05, 40.2, 44.28]","[146.48934221639854, 1.9696925711673192, 1.7762237587599463, 1.7708497047482525, 1.642800560942052, 1.569021486233858, 1.7959213142622303, 1.8735213273568483, 1.6828447662430503, 1.5786994780115942]","[9.56, 27.48, 33.75, 34.18, 37.99, 39.37, 33.629999999999995, 32.68, 35.99, 37.53]","[146.40644550625586, 1.996634901991207, 1.829767888683283, 1.8415558568428738, 1.7419745832279847, 1.7040710115102722, 1.9355313837294248, 2.0526147121950227, 1.9002318959019693, 1.833727004268873]"
