,ValAccDone,eta,lambda,trainAccDone,trainAccuracy,trainLoss,valAccuracy,valLoss
0,34.07,0.03582705593771741,5.126658013326417e-08,"[12.520000000000001, 24.79, 33.650000000000006, 36.51, 38.82, 42.32, 41.6, 41.55, 43.64, 41.92]","[12.520000000000001, 24.79, 33.650000000000006, 36.51, 38.82, 42.32, 41.6, 41.55, 43.64, 41.92]","[70.53140803744756, 2.2078022658324024, 1.8456011669190118, 1.7499659470228088, 1.6996091563780387, 1.6173371107384225, 1.6200478340716165, 1.6199266631566027, 1.5626880230843843, 1.6235728287970554]","[11.5, 25.36, 32.75, 34.69, 36.14, 38.23, 37.76, 37.14, 38.26, 36.85]","[71.87541831492248, 2.2292873924893213, 1.8918450180913566, 1.8221848709683433, 1.7936718176247013, 1.7387793795339848, 1.756986902126279, 1.7809366094438648, 1.7599325138250288, 1.8336014843841992]"
