,ValAccDone,eta,lambda,trainAccDone,trainAccuracy,trainLoss,valAccuracy,valLoss
0,35.88,0.00915489949091566,3.090002672325207e-08,"[9.049999999999999, 25.729999999999997, 36.03, 39.77, 39.660000000000004, 43.37, 38.82, 41.38, 42.86, 44.17]","[9.049999999999999, 25.729999999999997, 36.03, 39.77, 39.660000000000004, 43.37, 38.82, 41.38, 42.86, 44.17]","[103.25611773738271, 1.9719070365851343, 1.8049511730708796, 1.6968521159587742, 1.674708934456081, 1.596368358050516, 1.72772017213652, 1.6577105969011459, 1.5807292974665539, 1.5476229119860456]","[9.629999999999999, 25.28, 34.71, 36.86, 36.65, 38.89, 34.339999999999996, 35.97, 36.370000000000005, 36.67]","[102.17940274721869, 2.002068370581784, 1.8439045551511335, 1.768793349999486, 1.7768059923982478, 1.730171260281889, 1.8879530695671327, 1.8504518971061463, 1.8197157448964996, 1.815234278932462]"
