,ValAccDone,eta,lambda,trainAccDone,trainAccuracy,trainLoss,valAccuracy,valLoss
0,39.64,0.04091998460802577,6.184004272993527e-08,"[10.299999999999999, 27.92, 34.94, 37.01, 39.629999999999995, 42.79, 43.89, 44.7, 45.06, 46.160000000000004]","[10.299999999999999, 27.92, 34.94, 37.01, 39.629999999999995, 42.79, 43.89, 44.7, 45.06, 46.160000000000004]","[inf, 2.0494252906754773, 1.772352154274816, 1.7180169474908042, 1.663497470964341, 1.5771710897662177, 1.5542553992597803, 1.5287938810091597, 1.5157695208394446, 1.4813674464437783]","[10.07, 27.58, 34.02, 34.93, 36.74, 38.47, 39.11, 39.42, 39.589999999999996, 39.660000000000004]","[inf, 2.072185424098478, 1.8273377875223522, 1.7923512672123991, 1.7634853306621254, 1.708595993620588, 1.7084182135955213, 1.7112338984496511, 1.7281170607653338, 1.730239852639214]"
