,ValAccDone,eta,lambda,trainAccDone,trainAccuracy,trainLoss,valAccuracy,valLoss
0,27.02,0.01295057963401574,4.294322059993184e-08,"[13.25, 26.009999999999998, 31.95, 37.940000000000005, 39.18, 33.040000000000006, 34.82, 32.93, 31.069999999999997, 30.85]","[13.25, 26.009999999999998, 31.95, 37.940000000000005, 39.18, 33.040000000000006, 34.82, 32.93, 31.069999999999997, 30.85]","[127.64004669533975, 2.0571690982817517, 1.834630296035397, 1.7271930768544024, 1.7022340011461277, 1.9102312445053633, 1.8690270728047778, 1.9971338712383941, 2.1465147179808612, 2.25907586862036]","[12.509999999999998, 25.34, 30.78, 35.68, 36.25, 31.290000000000003, 32.800000000000004, 30.36, 28.34, 27.85]","[126.697894934194, 2.083489994130797, 1.8808971505789858, 1.7999517769482483, 1.7918559732736876, 2.002338983006093, 1.987894026063319, 2.1336045881922723, 2.301640117794152, 2.4324482603827775]"
