,ValAccDone,eta,lambda,trainAccDone,trainAccuracy,trainLoss,valAccuracy,valLoss
0,32.9,0.007714484444921307,8.778086689151261e-08,"[9.55, 25.130000000000003, 36.0, 37.230000000000004, 39.45, 41.04, 40.839999999999996, 38.019999999999996, 38.279999999999994, 38.09]","[9.55, 25.130000000000003, 36.0, 37.230000000000004, 39.45, 41.04, 40.839999999999996, 38.019999999999996, 38.279999999999994, 38.09]","[151.0944491496398, 2.02890391590658, 1.7806097779163939, 1.7545819921712906, 1.7155351843965954, 1.66601739565557, 1.7051349907171653, 1.7854150469723646, 1.7380732745307697, 1.7983887459866212]","[9.700000000000001, 23.95, 34.11, 34.9, 35.42, 35.57, 35.08, 32.74, 33.42, 32.59]","[150.66255029104627, 2.0596485415201147, 1.8324978867984698, 1.82597048376931, 1.8198751022452622, 1.816778067303523, 1.8953433246239335, 2.0081928590154923, 1.9790730883188414, 2.074907365632507]"
