,ValAccDone,eta,lambda,trainAccDone,trainAccuracy,trainLoss,valAccuracy,valLoss
0,39.51,0.05635201889204318,8.994586291400324e-08,"[8.7, 23.94, 34.11, 39.129999999999995, 41.349999999999994, 42.059999999999995, 42.8, 43.09, 43.45, 45.7]","[8.7, 23.94, 34.11, 39.129999999999995, 41.349999999999994, 42.059999999999995, 42.8, 43.09, 43.45, 45.7]","[inf, 2.4237181971922395, 1.784975961152661, 1.667832415907107, 1.6311661126470691, 1.6061645724644737, 1.5845006569939046, 1.5661516228327135, 1.5526719886961968, 1.504114802180871]","[8.53, 23.52, 32.85, 35.99, 37.13, 37.64, 37.79, 37.72, 37.69, 38.67]","[inf, 2.455863540595069, 1.8481255145713316, 1.7594033452956175, 1.7454909890737402, 1.741940847261917, 1.74368476178991, 1.7423066837211134, 1.7520434652507753, 1.737115658552208]"
