,ValAccDone,eta,lambda,trainAccDone,trainAccuracy,trainLoss,valAccuracy,valLoss
0,34.57,0.03498223357597536,5.906270262113431e-08,"[9.520000000000001, 26.900000000000002, 34.98, 34.78, 39.14, 40.52, 41.92, 39.519999999999996, 38.96, 39.08]","[9.520000000000001, 26.900000000000002, 34.98, 34.78, 39.14, 40.52, 41.92, 39.519999999999996, 38.96, 39.08]","[inf, 2.138355766430474, 1.831386357498176, 1.8105585142756644, 1.6997038876096273, 1.656998823140345, 1.6121296693989586, 1.7048243143871715, 1.732878066337524, 1.7940531813245677]","[9.06, 26.44, 32.99, 33.269999999999996, 35.260000000000005, 36.44, 37.72, 35.49, 34.97, 34.089999999999996]","[inf, 2.174040304105162, 1.8862933965496582, 1.8837303077032734, 1.8072723789852574, 1.7839904060917158, 1.7641520214905912, 1.8779276343224103, 1.9264017337805521, 2.015572286747247]"
