,ValAccDone,eta,lambda,trainAccDone,trainAccuracy,trainLoss,valAccuracy,valLoss
0,38.36,0.06122083207991917,2.548140288583045e-09,"[9.68, 24.6, 32.53, 37.45, 37.940000000000005, 39.519999999999996, 40.21, 40.69, 42.95, 43.87]","[9.68, 24.6, 32.53, 37.45, 37.940000000000005, 39.519999999999996, 40.21, 40.69, 42.95, 43.87]","[160.03173312858013, 2.2918333872484427, 1.8605395138694074, 1.7300894967292728, 1.6989577095410033, 1.668833269180046, 1.644663424594959, 1.63111377051432, 1.5716847140051058, 1.5516224874586004]","[9.99, 23.830000000000002, 31.509999999999998, 35.089999999999996, 35.52, 36.449999999999996, 36.14, 36.35, 37.82, 38.4]","[159.4742660515513, 2.3275382138071032, 1.9069052469124075, 1.797566799431491, 1.7831989332417095, 1.7650564354370035, 1.7597329134694797, 1.7616008844150832, 1.7291675201514647, 1.7290895460793951]"
