,ValAccDone,eta,lambda,trainAccDone,trainAccuracy,trainLoss,valAccuracy,valLoss
0,37.04,0.03069418210103862,1.5398097710795888e-08,"[9.65, 25.91, 32.06, 35.07, 38.23, 41.620000000000005, 41.72, 42.19, 44.14, 37.16]","[9.65, 25.91, 32.06, 35.07, 38.23, 41.620000000000005, 41.72, 42.19, 44.14, 37.16]","[inf, 2.179600351720352, 1.8403470263522441, 1.7602565557237144, 1.6985097145283294, 1.6096186480887689, 1.6097309053174853, 1.6263242264063478, 1.5667645375873176, 1.9035374435735526]","[9.16, 25.569999999999997, 31.319999999999997, 33.5, 36.02, 37.519999999999996, 37.45, 37.05, 38.75, 33.07]","[117.42733370310395, 2.2166572521422885, 1.897978362991404, 1.8392674849979114, 1.7960653138027223, 1.7409883185158754, 1.7592382204663235, 1.807438028355254, 1.7821046699685297, 2.1146843121061694]"
