,ValAccDone,eta,lambda,trainAccDone,trainAccuracy,trainLoss,valAccuracy,valLoss
0,33.69,0.006194047123099113,6.649668904315664e-09,"[10.15, 23.47, 34.19, 38.800000000000004, 39.879999999999995, 41.370000000000005, 41.17, 37.08, 38.14, 42.15]","[10.15, 23.47, 34.19, 38.800000000000004, 39.879999999999995, 41.370000000000005, 41.17, 37.08, 38.14, 42.15]","[76.87490767029114, 2.050102522971742, 1.8437108519011693, 1.7454909756236443, 1.734756724745926, 1.6597860058037912, 1.6616312890199125, 1.7797421422079536, 1.7882334294546678, 1.6610888126262469]","[10.54, 22.64, 32.75, 35.9, 36.83, 37.8, 37.04, 33.33, 33.6, 35.76]","[77.0356569597015, 2.0656690548375978, 1.87611152176635, 1.8050771782685389, 1.814997718453204, 1.7726142463009862, 1.8043505413311718, 1.953539121396009, 1.9970601479081316, 1.9146134152851835]"
