,ValAccDone,eta,lambda,trainAccDone,trainAccuracy,trainLoss,valAccuracy,valLoss
0,36.1,0.036246130536561665,5.302962664609309e-08,"[10.17, 27.58, 37.019999999999996, 38.2, 36.0, 36.83, 38.81, 39.739999999999995, 38.690000000000005, 39.15]","[10.17, 27.58, 37.019999999999996, 38.2, 36.0, 36.83, 38.81, 39.739999999999995, 38.690000000000005, 39.15]","[128.06825268434528, 2.083591125956779, 1.744370045169937, 1.7044318419534474, 1.7759993431066634, 1.7484835703306134, 1.7140795176382486, 1.6873774703505064, 1.7546943884724977, 1.731837414110779]","[9.73, 26.31, 34.9, 35.79, 33.36, 34.050000000000004, 35.13, 35.54, 34.489999999999995, 34.89]","[127.78181270065282, 2.131687793634275, 1.8098446780958604, 1.783330743888555, 1.8737331426757635, 1.8743962813330153, 1.8756105373484482, 1.8836679177118223, 1.9831019190407857, 1.9802201136314823]"
