,ValAccDone,eta,lambda,trainAccDone,trainAccuracy,trainLoss,valAccuracy,valLoss
0,35.88,0.06730792709950419,7.12973009666866e-08,"[9.81, 27.439999999999998, 36.82, 38.190000000000005, 38.66, 42.970000000000006, 43.91, 46.650000000000006, 47.07, 43.120000000000005]","[9.81, 27.439999999999998, 36.82, 38.190000000000005, 38.66, 42.970000000000006, 43.91, 46.650000000000006, 47.07, 43.120000000000005]","[211.30391491692316, 2.101036363767688, 1.7356594690316205, 1.7067730479016021, 1.6834790620749307, 1.5885756966991542, 1.547412765819239, 1.4887603332224226, 1.4672037742995176, 1.577596884679855]","[10.23, 26.91, 34.489999999999995, 35.23, 35.82, 38.41, 38.64, 39.71, 39.589999999999996, 36.9]","[212.6524408178411, 2.140722846562986, 1.8214474489455041, 1.8142216555548172, 1.8100061506815968, 1.746135973142002, 1.73713811096913, 1.7030003720075333, 1.709432987335266, 1.829079757450011]"
