,ValAccDone,eta,lambda,trainAccDone,trainAccuracy,trainLoss,valAccuracy,valLoss
0,39.61,0.05555110413386525,1.6910003064075516e-08,"[9.879999999999999, 28.050000000000004, 30.209999999999997, 36.71, 41.27, 35.35, 32.190000000000005, 39.4, 44.29, 45.92]","[9.879999999999999, 28.050000000000004, 30.209999999999997, 36.71, 41.27, 35.35, 32.190000000000005, 39.4, 44.29, 45.92]","[136.19466417708676, 2.1076354610117827, 2.0472795705476825, 1.7891181049441127, 1.6133994719024922, 1.8488752969455788, 2.0193285977061324, 1.7350813001701757, 1.5508824192180697, 1.4872909566514352]","[9.5, 27.73, 29.53, 34.21, 37.85, 33.269999999999996, 30.259999999999998, 35.94, 38.91, 39.54]","[135.20499468502172, 2.144144704935814, 2.1093051230560347, 1.8859757439596228, 1.7467940226967678, 1.981402538561721, 2.1641949900754813, 1.9181849657999652, 1.783345309865556, 1.7503017295553895]"
