,ValAccDone,eta,lambda,trainAccDone,trainAccuracy,trainLoss,valAccuracy,valLoss
0,39.79,0.05526510222157585,8.007900280660877e-08,"[10.440000000000001, 22.919999999999998, 31.31, 35.260000000000005, 36.36, 36.870000000000005, 40.089999999999996, 41.46, 42.480000000000004, 42.38]","[10.440000000000001, 22.919999999999998, 31.31, 35.260000000000005, 36.36, 36.870000000000005, 40.089999999999996, 41.46, 42.480000000000004, 42.38]","[201.19440098088086, 2.172531285797315, 1.88449722836149, 1.7720912386454002, 1.7306249997398515, 1.7049802409499148, 1.6319490389996778, 1.600144213274581, 1.571050106467831, 1.5592994571338359]","[10.15, 23.150000000000002, 30.659999999999997, 33.589999999999996, 34.68, 35.31, 37.3, 37.51, 38.24, 38.42]","[200.61230254461452, 2.1906826894974887, 1.9261871821060945, 1.8302788395317062, 1.802397915266343, 1.7902118444602055, 1.7435210821544627, 1.7284529724075341, 1.7158972287843974, 1.7219593641847961]"
