,ValAccDone,eta,lambda,trainAccDone,trainAccuracy,trainLoss,valAccuracy,valLoss
0,38.46,0.0585665422033348,0.0,"[11.59, 25.31, 34.25, 36.26, 35.66, 35.370000000000005, 36.42, 38.84, 40.87, 43.669999999999995]","[11.59, 25.31, 34.25, 36.26, 35.66, 35.370000000000005, 36.42, 38.84, 40.87, 43.669999999999995]","[inf, 2.2935922092178727, 1.8137176528509278, 1.7514926818448673, 1.7761850699374517, 1.820236129817129, 1.7772388512466926, 1.7254407858280632, 1.6531223533470871, 1.5634152492694384]","[10.979999999999999, 24.03, 32.42, 34.2, 34.04, 33.07, 33.78, 34.89, 35.74, 37.59]","[inf, 2.345590436270704, 1.8792245813307764, 1.831079715834257, 1.872460623939168, 1.9380059883526748, 1.916804129207824, 1.8983069249278248, 1.8518618873115535, 1.7924125247466032]"
