,ValAccDone,eta,lambda,trainAccDone,trainAccuracy,trainLoss,valAccuracy,valLoss
0,31.0,0.014559136766403372,7.6097871709843e-08,"[10.37, 28.29, 25.82, 29.439999999999998, 33.64, 35.91, 36.67, 39.48, 39.78, 35.57]","[10.37, 28.29, 25.82, 29.439999999999998, 33.64, 35.91, 36.67, 39.48, 39.78, 35.57]","[165.48297632133352, 1.9729113590875091, 2.249329195867551, 2.073374221500851, 1.9380048961820002, 1.8813381537769365, 1.8244560203636722, 1.7684179446600994, 1.7244721612673153, 1.912036761030616]","[10.15, 27.35, 24.959999999999997, 28.32, 31.740000000000002, 32.800000000000004, 33.7, 35.04, 35.160000000000004, 31.490000000000002]","[166.0656576719362, 1.9954399103871037, 2.2731783220099246, 2.127681323937351, 2.029651002963828, 2.004247667119952, 1.9731294101471752, 1.952322127797546, 1.9415151109893922, 2.1361130343193553]"
