,ValAccDone,eta,lambda,trainAccDone,trainAccuracy,trainLoss,valAccuracy,valLoss
0,34.86,0.0397409403964177,2.923883815511351e-08,"[10.37, 26.39, 33.92, 38.519999999999996, 38.41, 40.86, 41.49, 39.79, 36.46, 36.5]","[10.37, 26.39, 33.92, 38.519999999999996, 38.41, 40.86, 41.49, 39.79, 36.46, 36.5]","[59.11719422780737, 2.193615164083469, 1.8361359575897893, 1.6928218169529023, 1.680053669408645, 1.623592743969343, 1.6136109060903825, 1.6914505511927924, 1.8315704335296747, 1.8413899040829877]","[10.41, 25.05, 32.01, 35.870000000000005, 36.18, 36.97, 37.91, 36.01, 32.940000000000005, 33.18]","[58.35355702768742, 2.246936606618562, 1.8944868495392257, 1.7854016410908675, 1.78610888174764, 1.7561378516212012, 1.7606760738440461, 1.8529152025002626, 2.0044075532924497, 2.042447851180736]"
