,ValAccDone,eta,lambda,trainAccDone,trainAccuracy,trainLoss,valAccuracy,valLoss
0,37.15,0.04586452281347983,8.476188634260808e-08,"[10.780000000000001, 28.67, 35.57, 37.04, 39.5, 38.91, 41.93, 43.59, 44.68, 43.830000000000005]","[10.780000000000001, 28.67, 35.57, 37.04, 39.5, 38.91, 41.93, 43.59, 44.68, 43.830000000000005]","[175.91731760886256, 2.0571563038894145, 1.788252203645778, 1.7340286806070673, 1.6630349647230114, 1.6684049179309157, 1.5876361532809293, 1.55562086047815, 1.5215868710858063, 1.5681101755614375]","[10.72, 28.050000000000004, 34.23, 35.14, 36.559999999999995, 36.89, 38.71, 39.160000000000004, 38.690000000000005, 37.419999999999995]","[175.34634923128544, 2.0856317278901204, 1.8352220815657287, 1.802799019448968, 1.7569907954747241, 1.7835849810268642, 1.7394602081856139, 1.7317578835015637, 1.7318091891190834, 1.8034429842590842]"
