,ValAccDone,eta,lambda,trainAccDone,trainAccuracy,trainLoss,valAccuracy,valLoss
0,26.82,0.018758304410410057,1.1170454731969648e-09,"[11.700000000000001, 26.369999999999997, 33.269999999999996, 31.119999999999997, 35.19, 37.64, 38.43, 36.67, 32.54, 30.680000000000003]","[11.700000000000001, 26.369999999999997, 33.269999999999996, 31.119999999999997, 35.19, 37.64, 38.43, 36.67, 32.54, 30.680000000000003]","[95.88822111204213, 2.033258813032023, 1.8500027931835312, 1.9131773171629738, 1.8058949432427371, 1.735670833416874, 1.7426441605377985, 1.8515730223678806, 2.1756501681065776, 2.480945449777859]","[11.59, 26.029999999999998, 31.540000000000003, 29.330000000000002, 32.68, 33.86, 34.19, 33.03, 29.459999999999997, 27.250000000000004]","[94.1855705842657, 2.067474829270682, 1.895910528000419, 1.974160872653596, 1.9032898320454361, 1.8697316973464548, 1.9135612153126744, 2.0284682403292162, 2.3404042654761934, 2.6757442833303515]"
