,ValAccDone,eta,lambda,trainAccDone,trainAccuracy,trainLoss,valAccuracy,valLoss
0,39.15,0.053811954328063905,9.263613075501202e-08,"[10.14, 24.41, 32.9, 35.54, 38.06, 37.82, 41.29, 42.03, 42.620000000000005, 46.58]","[10.14, 24.41, 32.9, 35.54, 38.06, 37.82, 41.29, 42.03, 42.620000000000005, 46.58]","[149.01259169500773, 2.1991056558603033, 1.8567597287977016, 1.7735062029080353, 1.7078392829758628, 1.7235177700593933, 1.626954440306623, 1.6120252273888918, 1.5822574157201716, 1.4894680588780473]","[9.91, 24.62, 31.919999999999998, 34.18, 35.78, 35.85, 37.92, 38.56, 38.64, 40.050000000000004]","[150.40422243295095, 2.2210833634789084, 1.9075488430704999, 1.8479501173993342, 1.8009210764272692, 1.8276517554327212, 1.7628759836147858, 1.7694691722227738, 1.7661690846476725, 1.7082355653112387]"
