,ValAccDone,eta,lambda,trainAccDone,trainAccuracy,trainLoss,valAccuracy,valLoss
0,36.24,0.046054581316009105,8.53774973934006e-08,"[8.110000000000001, 24.44, 33.83, 37.43, 39.550000000000004, 41.85, 42.65, 42.0, 43.62, 44.13]","[8.110000000000001, 24.44, 33.83, 37.43, 39.550000000000004, 41.85, 42.65, 42.0, 43.62, 44.13]","[135.2197198049305, 2.392642697351888, 1.8416242578775992, 1.742934719417634, 1.6820966752879323, 1.6243430186693764, 1.606675482217907, 1.6033755876065285, 1.5769365701281677, 1.5769584726745727]","[7.7, 24.240000000000002, 32.23, 34.18, 36.26, 37.76, 37.89, 37.4, 38.1, 38.019999999999996]","[133.6098571131706, 2.416695147648422, 1.8948716186043357, 1.8160089982413237, 1.7772657150825404, 1.7392405787400549, 1.7418529611516118, 1.7609892245464485, 1.7543462354916246, 1.7759786908572412]"
