,ValAccDone,eta,lambda,trainAccDone,trainAccuracy,trainLoss,valAccuracy,valLoss
0,39.44,0.051234252696098596,7.005802672956758e-08,"[10.42, 24.81, 32.690000000000005, 36.059999999999995, 37.45, 38.48, 39.5, 40.699999999999996, 42.16, 43.16]","[10.42, 24.81, 32.690000000000005, 36.059999999999995, 37.45, 38.48, 39.5, 40.699999999999996, 42.16, 43.16]","[170.15556881270692, 2.1446944971392634, 1.8412075338507958, 1.747595719212922, 1.7211962090823218, 1.6939577570396194, 1.6664352549913144, 1.634184914177103, 1.5983018658260957, 1.565498947672172]","[10.33, 24.47, 31.680000000000003, 34.28, 34.75, 35.39, 35.56, 37.44, 38.56, 38.79]","[170.70652433223336, 2.1655094731554834, 1.8817122944368028, 1.811539365360048, 1.7999254739195145, 1.7875737685960669, 1.781306548693902, 1.7600664683491452, 1.7435570143392356, 1.72945046066562]"
