,ValAccDone,eta,lambda,trainAccDone,trainAccuracy,trainLoss,valAccuracy,valLoss
0,41.120000000000005,0.035084277925012605,5.0549480544827314e-08,"[10.33, 25.77, 34.660000000000004, 38.85, 40.79, 42.480000000000004, 44.690000000000005, 45.629999999999995, 46.9, 47.44]","[10.33, 25.77, 34.660000000000004, 38.85, 40.79, 42.480000000000004, 44.690000000000005, 45.629999999999995, 46.9, 47.44]","[87.44519801749959, 2.1473803620696548, 1.7890569667074678, 1.68620106244099, 1.641555453299494, 1.5990688741253982, 1.5512616522428835, 1.5236220304437322, 1.4840704067424857, 1.4722965440615452]","[10.299999999999999, 24.87, 33.15, 36.4, 36.97, 38.06, 39.44, 39.92, 40.589999999999996, 41.04]","[87.2336567182259, 2.1921952596515717, 1.8569731219060914, 1.7687226345435716, 1.7445970218636735, 1.7281647264226991, 1.70369868967239, 1.7007611809744756, 1.6886616456231323, 1.704302600065893]"
