,ValAccDone,eta,lambda,trainAccDone,trainAccuracy,trainLoss,valAccuracy,valLoss
0,36.32,0.04394493831513705,0.0,"[10.16, 25.180000000000003, 36.09, 37.730000000000004, 40.23, 41.29, 39.97, 41.64, 40.949999999999996, 39.04]","[10.16, 25.180000000000003, 36.09, 37.730000000000004, 40.23, 41.29, 39.97, 41.64, 40.949999999999996, 39.04]","[143.73502342175394, 2.2289395704042567, 1.7729385774014608, 1.7172996713548434, 1.6553971340795146, 1.6335616802779631, 1.67604391321607, 1.649958051060027, 1.6750706373785982, 1.7514411607041187]","[9.68, 25.39, 33.629999999999995, 35.04, 37.09, 37.68, 36.47, 36.49, 35.58, 33.47]","[144.0587401176008, 2.2470374848519357, 1.8321932126197467, 1.7949884915659096, 1.7524224533389192, 1.7532334255882154, 1.8171637243787635, 1.8172323682687315, 1.8656361340966852, 1.959375343725264]"
