,ValAccDone,eta,lambda,trainAccDone,trainAccuracy,trainLoss,valAccuracy,valLoss
0,36.41,0.03370014531956828,8.173623126776048e-08,"[12.049999999999999, 25.759999999999998, 34.81, 38.71, 40.96, 41.660000000000004, 42.96, 44.79, 45.72, 44.82]","[12.049999999999999, 25.759999999999998, 34.81, 38.71, 40.96, 41.660000000000004, 42.96, 44.79, 45.72, 44.82]","[114.54863974731258, 2.0982225873447664, 1.8084163331259313, 1.68601925015004, 1.6361768321166557, 1.6179559666695356, 1.5640232246978711, 1.5212568360266352, 1.5030863378342396, 1.5195582321271295]","[11.52, 26.290000000000003, 32.81, 35.870000000000005, 36.95, 37.230000000000004, 38.07, 38.22, 38.2, 37.21]","[116.31927085460917, 2.12065079649122, 1.8632972361533275, 1.774532522849264, 1.7414545839232665, 1.7443706653155522, 1.7317414794702506, 1.720306130379059, 1.737755029003981, 1.7714431558531094]"
