,ValAccDone,eta,lambda,trainAccDone,trainAccuracy,trainLoss,valAccuracy,valLoss
0,38.41,0.04697734742021113,9.718140118227718e-08,"[11.790000000000001, 25.8, 34.89, 37.78, 40.33, 42.18, 44.190000000000005, 45.21, 46.69, 45.800000000000004]","[11.790000000000001, 25.8, 34.89, 37.78, 40.33, 42.18, 44.190000000000005, 45.21, 46.69, 45.800000000000004]","[98.45891075435544, 2.1069880127898597, 1.8067056594352573, 1.7257718222044862, 1.6410440898351275, 1.578550268389482, 1.5403728078874328, 1.5123193188714223, 1.4828146717370336, 1.4993375192705436]","[11.81, 26.3, 33.550000000000004, 36.01, 37.7, 38.7, 39.58, 40.18, 40.21, 39.31]","[98.52639018242043, 2.1231676803105204, 1.8527735729351953, 1.7925261652594873, 1.734621647697817, 1.6971928839082155, 1.690141227651479, 1.6884572187443185, 1.6906977403854022, 1.7225916081235475]"
