,ValAccDone,eta,lambda,trainAccDone,trainAccuracy,trainLoss,valAccuracy,valLoss
0,37.05,0.024365145007957258,2.2615653911844167e-08,"[8.92, 24.57, 32.06, 33.989999999999995, 38.91, 42.24, 43.68, 44.15, 42.86, 38.2]","[8.92, 24.57, 32.06, 33.989999999999995, 38.91, 42.24, 43.68, 44.15, 42.86, 38.2]","[142.35538973268146, 2.1049823656489446, 1.9445766951652403, 1.7905547803871409, 1.7140639222897696, 1.6177228527852872, 1.5868295338243603, 1.5752362999448979, 1.6220213548439624, 1.8598333985073918]","[9.4, 23.9, 30.330000000000002, 31.89, 35.18, 37.940000000000005, 37.82, 38.31, 36.97, 32.31]","[143.31843698492813, 2.13611145546605, 2.000033803830611, 1.8821526863445188, 1.8234663507287843, 1.7528440461423842, 1.7607397879192443, 1.7828909269825037, 1.862778931779, 2.1207307836824287]"
