,ValAccDone,eta,lambda,trainAccDone,trainAccuracy,trainLoss,valAccuracy,valLoss
0,37.55,0.046180999566445426,6.50619902284936e-08,"[10.54, 25.619999999999997, 32.910000000000004, 35.64, 38.0, 38.81, 40.339999999999996, 41.63, 42.870000000000005, 43.07]","[10.54, 25.619999999999997, 32.910000000000004, 35.64, 38.0, 38.81, 40.339999999999996, 41.63, 42.870000000000005, 43.07]","[inf, 2.208041132417884, 1.8345940198172774, 1.7605793883015406, 1.6919055542630452, 1.6738311841552447, 1.6336320076235622, 1.6033374218864596, 1.5738546791061945, 1.564750794214888]","[10.290000000000001, 24.83, 31.89, 33.45, 35.47, 35.65, 36.38, 36.83, 37.39, 37.32]","[inf, 2.232338754096342, 1.8951676474964119, 1.843343404149584, 1.7957507898648397, 1.803608401077645, 1.7920267258077847, 1.7834325529698982, 1.7789829183471664, 1.7917740430258684]"
