,ValAccDone,eta,lambda,trainAccDone,trainAccuracy,trainLoss,valAccuracy,valLoss
0,38.0,0.04686257328151034,1.1723253249915466e-08,"[10.95, 25.180000000000003, 35.13, 38.019999999999996, 40.29, 42.33, 44.16, 44.519999999999996, 41.85, 42.25]","[10.95, 25.180000000000003, 35.13, 38.019999999999996, 40.29, 42.33, 44.16, 44.519999999999996, 41.85, 42.25]","[inf, 2.1495650956636188, 1.7894990657634025, 1.702215319514643, 1.646441375129435, 1.5971618307591662, 1.5550997595191292, 1.5514885544832693, 1.6346617208950087, 1.6376305767158894]","[10.91, 25.14, 34.5, 35.38, 36.94, 37.65, 38.9, 39.31, 36.79, 37.01]","[202.3540935558802, 2.171321207756858, 1.8379594070196252, 1.776636501988258, 1.7443792234513504, 1.723127943162542, 1.7093865024811363, 1.7189155294898266, 1.812159552002672, 1.8351025136693087]"
