,ValAccDone,eta,lambda,trainAccDone,trainAccuracy,trainLoss,valAccuracy,valLoss
0,34.410000000000004,0.017001114723438192,3.559590863057646e-08,"[8.3, 26.19, 32.84, 36.09, 39.489999999999995, 40.19, 37.09, 38.3, 40.52, 41.870000000000005]","[8.3, 26.19, 32.84, 36.09, 39.489999999999995, 40.19, 37.09, 38.3, 40.52, 41.870000000000005]","[151.89699403959105, 2.0960010329555674, 1.8427637889281092, 1.7582231970773277, 1.6854863324041436, 1.6669439057748656, 1.7952317723456508, 1.7876501997298035, 1.689734470955532, 1.6703123133372848]","[8.36, 25.75, 31.790000000000003, 34.33, 35.79, 36.34, 33.52, 33.73, 35.370000000000005, 35.93]","[151.539667784186, 2.1195279565314986, 1.8927114372691578, 1.8377119899727623, 1.8041058149275468, 1.80916995906429, 1.9504289276296054, 1.9682946001012496, 1.9098737063302436, 1.9158746294378977]"
