,ValAccDone,eta,lambda,trainAccDone,trainAccuracy,trainLoss,valAccuracy,valLoss
0,37.09,0.054674786200490884,7.506067260256979e-08,"[10.37, 27.93, 35.42, 37.15, 38.91, 38.629999999999995, 39.35, 40.54, 42.3, 43.21]","[10.37, 27.93, 35.42, 37.15, 38.91, 38.629999999999995, 39.35, 40.54, 42.3, 43.21]","[203.65891870736417, 2.0860128997696163, 1.781669353925125, 1.7223816339924105, 1.6884587431408842, 1.694739262419794, 1.6686160011564852, 1.6357295565098806, 1.5876421343733567, 1.568819481684064]","[10.100000000000001, 27.339999999999996, 33.85, 35.449999999999996, 36.32, 35.72, 35.85, 36.35, 37.55, 37.99]","[205.174003648091, 2.1277899672023186, 1.8407152768264923, 1.799548777350478, 1.782457417851427, 1.8018038882473637, 1.7917425004919516, 1.7862541811931179, 1.7691532408506148, 1.7776623364562867]"
