,ValAccDone,eta,lambda,trainAccDone,trainAccuracy,trainLoss,valAccuracy,valLoss
0,35.14,0.03420182934462848,3.023203425742064e-08,"[9.54, 26.55, 35.39, 40.01, 39.34, 37.74, 39.7, 40.2, 41.58, 39.25]","[9.54, 26.55, 35.39, 40.01, 39.34, 37.74, 39.7, 40.2, 41.58, 39.25]","[113.47399136878538, 2.169369136196245, 1.7950195266249376, 1.675631296358275, 1.7072609496683218, 1.7957895209355963, 1.7060440592858201, 1.724072615223195, 1.665131803356021, 1.8043785920252233]","[9.6, 26.290000000000003, 33.39, 36.79, 36.19, 34.97, 36.4, 36.68, 36.96, 34.72]","[114.07281108180209, 2.210871146850734, 1.8723012359225886, 1.7713174729386059, 1.8154425999733645, 1.9189866671800704, 1.86847359276885, 1.907591208183429, 1.876807608870276, 2.0421133020564284]"
