,ValAccDone,eta,lambda,trainAccDone,trainAccuracy,trainLoss,valAccuracy,valLoss
0,39.81,0.049400439169142815,5.7295475695288e-08,"[9.51, 24.39, 31.53, 34.160000000000004, 38.21, 40.04, 41.27, 42.5, 44.76, 45.76]","[9.51, 24.39, 31.53, 34.160000000000004, 38.21, 40.04, 41.27, 42.5, 44.76, 45.76]","[89.90869628406628, 2.1384384278027055, 1.8477882691550664, 1.785366666166148, 1.685061407697689, 1.6401878895720996, 1.6063088162109955, 1.5826609761030321, 1.5155614639519333, 1.4880906051579283]","[9.16, 24.19, 30.669999999999998, 32.0, 35.29, 36.28, 37.01, 37.89, 39.050000000000004, 39.800000000000004]","[90.00320711751776, 2.159224049091979, 1.903302686252642, 1.8587763691413268, 1.778225612588955, 1.7560106707840126, 1.7405531964217658, 1.73947489751336, 1.7022934007464916, 1.702160678803411]"
