,ValAccDone,eta,lambda,trainAccDone,trainAccuracy,trainLoss,valAccuracy,valLoss
0,36.309999999999995,0.06802888414684503,0.0,"[9.049999999999999, 25.040000000000003, 34.699999999999996, 39.32, 40.75, 41.93, 43.44, 45.58, 44.5, 41.9]","[9.049999999999999, 25.040000000000003, 34.699999999999996, 39.32, 40.75, 41.93, 43.44, 45.58, 44.5, 41.9]","[90.76061558752617, 2.241580142897232, 1.800069876489264, 1.6801141747388388, 1.635770309385013, 1.6076820681755728, 1.5683836613130895, 1.5229005354836822, 1.541439859428671, 1.6328141080741478]","[8.95, 24.57, 33.47, 36.25, 37.21, 37.8, 38.59, 39.46, 38.550000000000004, 36.83]","[90.75190000046858, 2.2895973540766446, 1.8673752537871253, 1.776781456357302, 1.7527099377798754, 1.7420666421088284, 1.7349239693854885, 1.7145020224639465, 1.7546705590496865, 1.85349609555442]"
