,ValAccDone,eta,lambda,trainAccDone,trainAccuracy,trainLoss,valAccuracy,valLoss
0,39.78,0.0402988725206473,5.450913000287902e-08,"[10.22, 26.27, 33.62, 36.65, 39.37, 41.42, 42.19, 43.63, 44.43, 44.690000000000005]","[10.22, 26.27, 33.62, 36.65, 39.37, 41.42, 42.19, 43.63, 44.43, 44.690000000000005]","[inf, 2.1353592138143376, 1.8255712763828988, 1.7443959681469126, 1.6796768217574172, 1.6090030165760572, 1.6022214338557086, 1.543759922614043, 1.548304580768229, 1.549761571522738]","[9.629999999999999, 25.85, 31.380000000000003, 33.96, 36.28, 37.74, 37.63, 38.940000000000005, 38.75, 38.31]","[inf, 2.1737282840944188, 1.895473831544411, 1.8252386586615417, 1.7791063093300312, 1.739433855043886, 1.7541887128603215, 1.7273449131180878, 1.7570740235991296, 1.7757071740240653]"
