,ValAccDone,eta,lambda,trainAccDone,trainAccuracy,trainLoss,valAccuracy,valLoss
0,38.96,0.049342017739257234,8.49073844118539e-08,"[8.44, 24.0, 32.83, 35.91, 36.19, 38.16, 40.86, 42.71, 44.379999999999995, 45.61]","[8.44, 24.0, 32.83, 35.91, 36.19, 38.16, 40.86, 42.71, 44.379999999999995, 45.61]","[127.93447736197673, 2.434486532934377, 1.8497057644062824, 1.7607400378164002, 1.75464355106128, 1.7009158578503563, 1.6416588487791424, 1.6067501591232125, 1.5647566277547786, 1.5300466986084784]","[8.76, 23.549999999999997, 31.269999999999996, 33.92, 33.85, 35.36, 36.89, 37.39, 38.37, 39.48]","[128.7066484596803, 2.4475267973121935, 1.8987403417683024, 1.8272850393777673, 1.831269680284339, 1.7936631904834865, 1.7558554932458998, 1.7431046140588962, 1.7241922769232496, 1.7102286808130522]"
