,ValAccDone,eta,lambda,trainAccDone,trainAccuracy,trainLoss,valAccuracy,valLoss
0,37.45,0.0657808142637678,9.462857133220107e-08,"[10.059999999999999, 23.07, 35.480000000000004, 38.6, 39.56, 39.23, 40.68, 40.42, 40.01, 43.36]","[10.059999999999999, 23.07, 35.480000000000004, 38.6, 39.56, 39.23, 40.68, 40.42, 40.01, 43.36]","[128.08334625417143, 2.293806667018852, 1.7782359741210572, 1.6908360839828305, 1.6668830004502186, 1.654752840326465, 1.6203824022063806, 1.623364436922348, 1.6307829108317573, 1.549987456260181]","[9.879999999999999, 22.470000000000002, 32.73, 34.77, 36.0, 35.64, 36.5, 35.92, 35.699999999999996, 37.72]","[127.96278132538384, 2.3273414168368682, 1.850030476146218, 1.789792161848736, 1.7836368788234978, 1.7779886025989478, 1.7595985216410637, 1.779541895312324, 1.7941128975562757, 1.749331525673387]"
