,ValAccDone,eta,lambda,trainAccDone,trainAccuracy,trainLoss,valAccuracy,valLoss
0,32.86,0.02597141249848602,0.0,"[10.17, 23.880000000000003, 35.28, 34.410000000000004, 36.05, 37.66, 42.08, 42.96, 40.53, 41.89]","[10.17, 23.880000000000003, 35.28, 34.410000000000004, 36.05, 37.66, 42.08, 42.96, 40.53, 41.89]","[173.7291368941941, 2.198812291691386, 1.7860928621585768, 1.80113828844023, 1.7447340042323227, 1.7088380995727872, 1.602139661729236, 1.5743434652510253, 1.641068316931442, 1.6206603699084121]","[10.39, 23.7, 33.77, 32.11, 33.160000000000004, 34.01, 36.18, 36.559999999999995, 34.83, 35.39]","[173.09833694627955, 2.2289382016609913, 1.8434129123986673, 1.8758818768560424, 1.8513215951217714, 1.8434313633492234, 1.7772444512797985, 1.7874917564050772, 1.8726309633922382, 1.8864694898058882]"
