,ValAccDone,eta,lambda,trainAccDone,trainAccuracy,trainLoss,valAccuracy,valLoss
0,27.589999999999996,0.013567691039865895,9.314435882605658e-08,"[9.76, 23.7, 35.43, 36.78, 31.840000000000003, 31.44, 31.569999999999997, 33.410000000000004, 32.67, 33.239999999999995]","[9.76, 23.7, 35.43, 36.78, 31.840000000000003, 31.44, 31.569999999999997, 33.410000000000004, 32.67, 33.239999999999995]","[79.05997172934015, 2.0683623644270144, 1.800418702377277, 1.7547907218346488, 1.8594438114686258, 1.8708934090402334, 1.914824728415296, 1.8700945588399291, 1.887347148605162, 1.9160152850300023]","[9.99, 22.75, 33.910000000000004, 34.27, 29.53, 29.25, 28.82, 30.509999999999998, 29.330000000000002, 29.17]","[79.10163797609567, 2.099914793817903, 1.848299015329552, 1.8284462309117775, 1.9485513359012918, 1.9755517157990765, 2.03370894253106, 2.018229795745597, 2.0664269552743124, 2.1318984885663594]"
