,ValAccDone,eta,lambda,trainAccDone,trainAccuracy,trainLoss,valAccuracy,valLoss
0,34.75,0.066492002690636,9.370100348050874e-08,"[9.969999999999999, 25.130000000000003, 34.339999999999996, 36.69, 38.68, 40.42, 40.47, 40.57, 39.81, 42.22]","[9.969999999999999, 25.130000000000003, 34.339999999999996, 36.69, 38.68, 40.42, 40.47, 40.57, 39.81, 42.22]","[179.54553600712018, 2.2705731674411487, 1.830857110563646, 1.7394981776802068, 1.673245423779707, 1.6256686024644544, 1.6283408750201398, 1.63223542419331, 1.6653002188985493, 1.582920282257899]","[10.059999999999999, 25.14, 33.17, 34.75, 35.79, 37.04, 36.05, 35.93, 35.38, 36.480000000000004]","[178.73706090094706, 2.2996315766326725, 1.8813569651389912, 1.8112464369611043, 1.772171606215335, 1.7481317441060804, 1.7759823546979272, 1.7939132673920386, 1.838222392619575, 1.7841908329661242]"
