,ValAccDone,eta,lambda,trainAccDone,trainAccuracy,trainLoss,valAccuracy,valLoss
0,37.25,0.060608470929028,2.5423756812541552e-08,"[9.370000000000001, 23.98, 34.0, 34.48, 34.97, 38.98, 41.980000000000004, 43.33, 43.919999999999995, 42.05]","[9.370000000000001, 23.98, 34.0, 34.48, 34.97, 38.98, 41.980000000000004, 43.33, 43.919999999999995, 42.05]","[216.1682025099221, 2.152750467554443, 1.8164399289581572, 1.798719583256483, 1.772535505059021, 1.6737363600852486, 1.6075982398199806, 1.5787581285125514, 1.548498951450877, 1.5906671859614891]","[9.9, 24.33, 32.2, 32.25, 33.07, 35.99, 37.56, 38.23, 38.83, 36.99]","[214.4564768838819, 2.1778687744282714, 1.8736166806491612, 1.8707404465378579, 1.8607196027308486, 1.7824981747365227, 1.7357457412231168, 1.7255280459749878, 1.7156522776170553, 1.7711865144224308]"
