,ValAccDone,eta,lambda,trainAccDone,trainAccuracy,trainLoss,valAccuracy,valLoss
0,32.54,0.014466018214786078,7.833342169590657e-08,"[8.62, 25.03, 32.43, 36.1, 36.230000000000004, 37.25, 37.830000000000005, 37.97, 37.480000000000004, 38.519999999999996]","[8.62, 25.03, 32.43, 36.1, 36.230000000000004, 37.25, 37.830000000000005, 37.97, 37.480000000000004, 38.519999999999996]","[143.44240122311086, 2.0641794832861673, 1.8803901982541644, 1.779875387493418, 1.8165304498279475, 1.7185589381401933, 1.718129629618957, 1.7546925743113564, 1.7613601650807293, 1.737171656605936]","[9.36, 23.94, 31.669999999999998, 34.53, 33.72, 34.25, 34.38, 33.53, 33.07, 32.84]","[141.60765014447358, 2.090015328751071, 1.9199141065032261, 1.8426792764847373, 1.8959743148173394, 1.8356753033261188, 1.8636332727878988, 1.925391451559779, 1.9651327980095243, 1.967274072084934]"
