,ValAccDone,eta,lambda,trainAccDone,trainAccuracy,trainLoss,valAccuracy,valLoss
0,25.4,0.017747920963292578,6.755655437591779e-08,"[10.6, 27.339999999999996, 34.89, 33.85, 34.94, 27.29, 28.67, 27.229999999999997, 27.21, 21.69]","[10.6, 27.339999999999996, 34.89, 33.85, 34.94, 27.29, 28.67, 27.229999999999997, 27.21, 21.69]","[156.9255716088194, 2.005117999688703, 1.7935370478710402, 1.7944143835693218, 1.7787632662270993, 2.0545381717321036, 2.1646633566114635, 2.3897155256919964, 2.4953016368853618, 3.413342886638369]","[10.52, 27.21, 33.269999999999996, 31.840000000000003, 32.45, 25.740000000000002, 26.21, 24.709999999999997, 24.67, 19.24]","[154.8230983565162, 2.0355162375291522, 1.8540495322310178, 1.862471695051136, 1.8660552706415634, 2.1498435336547335, 2.2912406553536444, 2.533936425632221, 2.669763147389396, 3.590472468339073]"
