,ValAccDone,eta,lambda,trainAccDone,trainAccuracy,trainLoss,valAccuracy,valLoss
0,33.52,0.03359394062408902,4.649765975901839e-08,"[7.2700000000000005, 23.01, 33.739999999999995, 35.29, 38.129999999999995, 41.19, 38.18, 42.42, 38.46, 38.25]","[7.2700000000000005, 23.01, 33.739999999999995, 35.29, 38.129999999999995, 41.19, 38.18, 42.42, 38.46, 38.25]","[63.45304252397811, 2.4757615430449365, 1.8266787608929986, 1.7618896282403325, 1.6985097304191024, 1.6277917058625793, 1.7032762857758166, 1.6118584157360965, 1.7081714905163345, 1.7330993247173958]","[7.61, 22.830000000000002, 31.53, 33.589999999999996, 35.42, 37.21, 35.06, 37.61, 34.089999999999996, 33.46]","[63.241463734137696, 2.5074701660242256, 1.8871331048365039, 1.839358644146077, 1.7999104420999958, 1.7540059542217474, 1.8359854494644827, 1.7748632419220514, 1.8886133030585242, 1.934829795572228]"
