,ValAccDone,eta,lambda,trainAccDone,trainAccuracy,trainLoss,valAccuracy,valLoss
0,34.43,0.007025306189451649,6.815238716455252e-08,"[7.59, 27.12, 33.22, 36.09, 37.41, 35.510000000000005, 33.239999999999995, 31.240000000000002, 36.34, 38.59]","[7.59, 27.12, 33.22, 36.09, 37.41, 35.510000000000005, 33.239999999999995, 31.240000000000002, 36.34, 38.59]","[102.70613315397624, 1.9732841721275864, 1.8582133299212704, 1.7612604153333682, 1.745454737455756, 1.8190352226589854, 1.8908265904705424, 1.9878570252939278, 1.824969311482815, 1.7276528592086466]","[7.6499999999999995, 26.5, 32.029999999999994, 34.589999999999996, 34.52, 32.11, 29.880000000000003, 27.839999999999996, 31.2, 32.99]","[102.99725510890491, 1.9898876167447255, 1.8910693041775763, 1.830497788713729, 1.8526401603158202, 1.9495240783187457, 2.05223550376321, 2.1589584885319857, 2.0493935556734404, 1.9666553972307623]"
