,ValAccDone,eta,lambda,trainAccDone,trainAccuracy,trainLoss,valAccuracy,valLoss
0,35.089999999999996,0.014884744526418473,3.258694537864778e-08,"[11.07, 24.66, 34.61, 34.62, 33.98, 37.18, 37.96, 38.51, 43.1, 44.15]","[11.07, 24.66, 34.61, 34.62, 33.98, 37.18, 37.96, 38.51, 43.1, 44.15]","[141.417097845188, 2.0995282851489905, 1.7991195261354584, 1.8027395454361486, 1.8504156275496828, 1.7479690740226062, 1.7323515333578323, 1.7114084706610069, 1.588764930754795, 1.5649922685323892]","[10.73, 24.48, 33.19, 32.75, 31.14, 33.52, 34.52, 34.300000000000004, 36.49, 36.74]","[142.16177508022, 2.1168841732367016, 1.8543544694713514, 1.8836063515499182, 1.9499795799751913, 1.8764867952256787, 1.8789374905471283, 1.884683975379344, 1.8042579888696073, 1.8105526231570905]"
