,ValAccDone,eta,lambda,trainAccDone,trainAccuracy,trainLoss,valAccuracy,valLoss
0,37.78,0.05771056190087781,8.068665778256941e-08,"[10.09, 20.89, 32.5, 35.68, 37.96, 39.050000000000004, 39.03, 37.980000000000004, 41.94, 41.48]","[10.09, 20.89, 32.5, 35.68, 37.96, 39.050000000000004, 39.03, 37.980000000000004, 41.94, 41.48]","[inf, 2.443736810301728, 1.8842026452878184, 1.7621935722706894, 1.7026113641674778, 1.6726548770810836, 1.6714649467597615, 1.6986313779860411, 1.591967363833479, 1.6034010652778041]","[9.84, 20.560000000000002, 31.240000000000002, 34.160000000000004, 35.339999999999996, 36.4, 36.13, 35.05, 37.53, 37.4]","[inf, 2.476134952344858, 1.9293372149931793, 1.8200187987645762, 1.7836078463876897, 1.7645792550593842, 1.7751330012905362, 1.8175350633191485, 1.7463685375531839, 1.7710548741246392]"
