,ValAccDone,eta,lambda,trainAccDone,trainAccuracy,trainLoss,valAccuracy,valLoss
0,37.07,0.0448555670207959,7.233296623310781e-08,"[10.61, 27.76, 34.62, 36.29, 37.86, 41.07, 42.82, 42.78, 44.379999999999995, 44.01]","[10.61, 27.76, 34.62, 36.29, 37.86, 41.07, 42.82, 42.78, 44.379999999999995, 44.01]","[inf, 2.139901394569563, 1.817847964296336, 1.75699226289471, 1.7107474912917597, 1.6396594940270182, 1.5748297748259585, 1.5749183319921394, 1.5368046188658095, 1.560563527050021]","[10.34, 26.63, 32.72, 34.32, 35.120000000000005, 37.13, 38.25, 37.87, 37.64, 37.46]","[inf, 2.186067327798085, 1.8748884072131533, 1.8321716118534133, 1.808906939220037, 1.7624701085624574, 1.7320058095362194, 1.7569514809010884, 1.7512185222414562, 1.797096680895136]"
