,ValAccDone,eta,lambda,trainAccDone,trainAccuracy,trainLoss,valAccuracy,valLoss
0,39.67,0.014907167496071214,7.530804193293514e-08,"[10.69, 28.1, 36.57, 37.39, 39.07, 40.75, 43.72, 42.5, 45.08, 48.36]","[10.69, 28.1, 36.57, 37.39, 39.07, 40.75, 43.72, 42.5, 45.08, 48.36]","[97.24786285760179, 1.954092678404089, 1.7527822477962631, 1.6905824557256997, 1.657198785291051, 1.624100614955985, 1.5633792360176635, 1.6032680548330167, 1.5068754275380731, 1.445556993233417]","[10.5, 27.08, 34.43, 35.63, 36.22, 36.83, 38.85, 37.61, 38.76, 40.31]","[96.13655371332115, 1.9840592396760353, 1.8156810965773225, 1.7772795104571766, 1.7632666648715867, 1.7615135788619716, 1.7280137002239546, 1.7921005803284369, 1.7240596284225136, 1.7033053419863462]"
