,ValAccDone,eta,lambda,trainAccDone,trainAccuracy,trainLoss,valAccuracy,valLoss
0,38.080000000000005,0.027119556023579783,1.3588454985997755e-08,"[10.07, 25.369999999999997, 34.42, 38.5, 40.17, 40.47, 43.64, 45.75, 46.98, 47.14]","[10.07, 25.369999999999997, 34.42, 38.5, 40.17, 40.47, 43.64, 45.75, 46.98, 47.14]","[124.22304126590464, 2.1031201790646743, 1.8344920140279124, 1.7067141470144949, 1.6579440517092288, 1.6414050931742248, 1.563587491651737, 1.5068061263365393, 1.4752921561521868, 1.4745769308332497]","[10.07, 24.6, 32.910000000000004, 36.26, 37.230000000000004, 37.15, 38.18, 39.28, 39.37, 39.31]","[123.89201681830507, 2.1468230353126256, 1.8933865053815044, 1.7878542840092366, 1.7535275535209327, 1.7612767173911357, 1.7238736905803702, 1.7007643622236734, 1.7178037635605148, 1.7419914632764248]"
