,ValAccDone,eta,lambda,trainAccDone,trainAccuracy,trainLoss,valAccuracy,valLoss
0,34.339999999999996,0.013733411629024042,2.377278897598992e-08,"[9.27, 28.360000000000003, 33.45, 36.5, 38.78, 41.52, 41.04, 39.45, 37.47, 36.7]","[9.27, 28.360000000000003, 33.45, 36.5, 38.78, 41.52, 41.04, 39.45, 37.47, 36.7]","[154.16293956319464, 1.976604732564103, 1.847895043435568, 1.772013024681017, 1.6878794029638744, 1.626766773584191, 1.6239591484467066, 1.6823013220130472, 1.7410496353754972, 1.781051795875998]","[8.73, 28.03, 32.33, 34.53, 35.57, 37.05, 36.309999999999995, 34.43, 33.36, 31.77]","[154.51505759952238, 2.0025188749107627, 1.8900779016775553, 1.8423406461826584, 1.785816357239821, 1.7514749109642955, 1.7806077099411621, 1.8495980812276842, 1.9202296168616722, 2.0059851488869347]"
