,ValAccDone,eta,lambda,trainAccDone,trainAccuracy,trainLoss,valAccuracy,valLoss
0,38.09,0.06303893530093854,4.4848740773346716e-08,"[11.28, 24.55, 34.71, 36.559999999999995, 38.18, 39.7, 42.370000000000005, 44.36, 45.43, 44.67]","[11.28, 24.55, 34.71, 36.559999999999995, 38.18, 39.7, 42.370000000000005, 44.36, 45.43, 44.67]","[101.83161503858555, 2.2703512826306986, 1.8108482364335212, 1.7501113973765459, 1.6984202479812744, 1.6566641178286585, 1.5969415401297817, 1.5511153756520955, 1.5301508923588703, 1.5484321138331836]","[11.360000000000001, 24.740000000000002, 33.06, 34.239999999999995, 35.099999999999994, 36.309999999999995, 37.86, 38.47, 38.629999999999995, 38.25]","[101.1623820080706, 2.2857995798453046, 1.8630402349507573, 1.8170420702797687, 1.783311608904029, 1.7658245122543395, 1.7337302932447394, 1.7205402821144538, 1.7275695035421554, 1.750628498205838]"
