,ValAccDone,eta,lambda,trainAccDone,trainAccuracy,trainLoss,valAccuracy,valLoss
0,38.23,0.018401322811599136,0.0,"[9.81, 27.779999999999998, 36.7, 39.39, 41.08, 39.87, 39.879999999999995, 39.51, 43.94, 45.739999999999995]","[9.81, 27.779999999999998, 36.7, 39.39, 41.08, 39.87, 39.879999999999995, 39.51, 43.94, 45.739999999999995]","[125.33007535370909, 1.9998873005761726, 1.7528759801893703, 1.6730581736103898, 1.6450978704019061, 1.6790894262644462, 1.7071688606103752, 1.7304039320393232, 1.569125530543439, 1.5289774289592897]","[9.93, 26.640000000000004, 34.48, 36.84, 37.25, 35.89, 34.82, 34.21, 36.85, 37.3]","[124.7647312369315, 2.038076824864844, 1.8173119993532203, 1.7634593439196662, 1.7640853073841982, 1.8261340851798038, 1.8941111738543273, 1.9510708211984777, 1.8340765640422145, 1.8205554722169615]"
