,ValAccDone,eta,lambda,trainAccDone,trainAccuracy,trainLoss,valAccuracy,valLoss
0,38.05,0.05047832930045743,9.774505920402143e-08,"[9.34, 26.1, 32.47, 37.0, 38.87, 39.77, 40.0, 40.31, 41.06, 43.669999999999995]","[9.34, 26.1, 32.47, 37.0, 38.87, 39.77, 40.0, 40.31, 41.06, 43.669999999999995]","[86.85997213919282, 2.1658266439692366, 1.8765679734841192, 1.750697452919316, 1.688997795602664, 1.6602278311057939, 1.6538098321891317, 1.6478966159098725, 1.6419721975900836, 1.5707318126408683]","[9.68, 25.419999999999998, 31.509999999999998, 34.77, 36.29, 36.97, 36.980000000000004, 36.69, 37.29, 38.31]","[87.90662486949506, 2.189537903411472, 1.9205544491357676, 1.8170018338597982, 1.7770957361491118, 1.7683051296817631, 1.7764491875959632, 1.7914053523340383, 1.8054284317184248, 1.7663351324618257]"
