,ValAccDone,eta,lambda,trainAccDone,trainAccuracy,trainLoss,valAccuracy,valLoss
0,32.41,0.007395319598278105,5.6509989436134566e-08,"[9.74, 24.51, 32.95, 35.08, 38.74, 41.75, 46.300000000000004, 46.550000000000004, 43.34, 35.4]","[9.74, 24.51, 32.95, 35.08, 38.74, 41.75, 46.300000000000004, 46.550000000000004, 43.34, 35.4]","[nan, 2.025977999159885, 1.8634733510427581, 1.8135866115184194, 1.7163392297249482, 1.6440505901464042, 1.5405579841219137, 1.5084649243555017, 1.5816106732929387, 1.885160602343109]","[10.07, 23.919999999999998, 31.919999999999998, 33.79, 35.949999999999996, 37.830000000000005, 39.68, 38.87, 36.79, 31.419999999999998]","[nan, 2.061011328754281, 1.8985768013141202, 1.8665839454950959, 1.8079441961430167, 1.7647198807228843, 1.705175202301661, 1.7162275453747768, 1.8150621219743626, 2.144229589501636]"
