,ValAccDone,eta,lambda,trainAccDone,trainAccuracy,trainLoss,valAccuracy,valLoss
0,28.970000000000002,0.05611042168831667,7.457081584616343e-08,"[9.26, 25.09, 33.4, 33.900000000000006, 33.379999999999995, 34.849999999999994, 34.74, 31.740000000000002, 34.760000000000005, 35.69]","[9.26, 25.09, 33.4, 33.900000000000006, 33.379999999999995, 34.849999999999994, 34.74, 31.740000000000002, 34.760000000000005, 35.69]","[118.3811805034909, 2.2233504068718033, 1.8787599738735765, 1.8537010891995722, 1.8839832291776475, 1.8426189509997217, 1.8701401640056363, 2.0759299348759774, 1.947318904855384, 1.9320893371304377]","[9.31, 24.85, 32.25, 32.61, 31.55, 32.029999999999994, 31.47, 28.99, 30.72, 30.98]","[118.42625671305917, 2.2652221317431867, 1.9341480592448053, 1.920127915038651, 1.980114986542629, 1.9734252204217004, 2.0207974070219468, 2.237634602787694, 2.1385339735231934, 2.146570406417473]"
