,ValAccDone,eta,lambda,trainAccDone,trainAccuracy,trainLoss,valAccuracy,valLoss
0,33.910000000000004,0.032545419437022084,4.263136587666616e-09,"[9.86, 25.569999999999997, 36.51, 38.67, 39.660000000000004, 39.56, 38.17, 39.07, 38.1, 40.47]","[9.86, 25.569999999999997, 36.51, 38.67, 39.660000000000004, 39.56, 38.17, 39.07, 38.1, 40.47]","[119.62601085799432, 2.113301220700562, 1.7535851887937994, 1.698837733821493, 1.6843813673942278, 1.6837797489108062, 1.7706338833395572, 1.7717955819099946, 1.8444469136548185, 1.7350135315791289]","[9.84, 24.98, 34.11, 35.44, 36.1, 35.78, 34.260000000000005, 34.150000000000006, 32.7, 34.48]","[120.54943487827893, 2.146022415899119, 1.8157070599628444, 1.7927688624946723, 1.800315319195717, 1.8196718205825333, 1.91648588308481, 1.9443304287951804, 2.040407159328575, 1.9659224387142862]"
