,ValAccDone,eta,lambda,trainAccDone,trainAccuracy,trainLoss,valAccuracy,valLoss
0,34.27,0.03514834525164649,3.982109439188693e-08,"[9.78, 25.66, 27.55, 31.85, 36.809999999999995, 37.66, 39.35, 37.96, 36.09, 38.879999999999995]","[9.78, 25.66, 27.55, 31.85, 36.809999999999995, 37.66, 39.35, 37.96, 36.09, 38.879999999999995]","[166.11438925273606, 2.051817596197739, 2.0235476598810123, 1.8618054488039282, 1.7018775200749872, 1.7025045806958876, 1.6560975604731036, 1.7290096622880855, 1.8272643426586952, 1.7198667880941056]","[10.05, 25.259999999999998, 26.91, 31.35, 35.589999999999996, 35.11, 35.99, 33.98, 31.97, 33.64]","[inf, 2.0785294606912093, 2.058055163327441, 1.923060191356431, 1.7950417560707448, 1.8203725860243967, 1.7963700058303211, 1.8832896719542669, 1.9985749749579016, 1.9286873938569944]"
