,ValAccDone,eta,lambda,trainAccDone,trainAccuracy,trainLoss,valAccuracy,valLoss
0,39.48,0.06673836252489104,8.393275467031516e-08,"[10.5, 27.08, 33.97, 37.26, 39.01, 42.28, 42.44, 43.61, 44.529999999999994, 45.300000000000004]","[10.5, 27.08, 33.97, 37.26, 39.01, 42.28, 42.44, 43.61, 44.529999999999994, 45.300000000000004]","[138.0644596973202, 2.1576380010994387, 1.8327396643386165, 1.7420909326451948, 1.68221382065089, 1.6136516091501372, 1.5984546557043424, 1.5712994159005613, 1.5535541989692019, 1.5197202567037975]","[10.51, 26.779999999999998, 32.92, 35.17, 36.51, 38.17, 38.36, 38.92, 39.2, 39.24]","[139.50901385402847, 2.202629282566109, 1.8897943106321802, 1.8172919448424243, 1.7770754824728232, 1.7377313823334994, 1.7434992859410017, 1.7389961445215139, 1.7424213603838854, 1.7289445777083692]"
