,ValAccDone,eta,lambda,trainAccDone,trainAccuracy,trainLoss,valAccuracy,valLoss
0,37.07,0.0594994861456189,1.8820468677212287e-08,"[9.94, 27.48, 33.01, 33.6, 37.1, 37.63, 36.88, 38.7, 38.72, 41.67]","[9.94, 27.48, 33.01, 33.6, 37.1, 37.63, 36.88, 38.7, 38.72, 41.67]","[inf, 2.071063294454324, 1.8513309341684587, 1.7991698933749725, 1.7257504016583598, 1.7171499602197324, 1.7488843907795233, 1.6966820152589241, 1.711666360342434, 1.6346086912900724]","[9.17, 27.229999999999997, 31.919999999999998, 32.78, 34.69, 35.14, 34.510000000000005, 35.5, 35.08, 36.4]","[inf, 2.111319512465233, 1.907925122288005, 1.8650998837100123, 1.8085748343219183, 1.8155428970012304, 1.8558649319194815, 1.8318728199072138, 1.871504737268175, 1.8225090680842482]"
