,ValAccDone,eta,lambda,trainAccDone,trainAccuracy,trainLoss,valAccuracy,valLoss
0,36.41,0.05030855114323988,3.024776950373974e-08,"[12.4, 26.08, 35.010000000000005, 38.12, 37.24, 37.56, 37.230000000000004, 37.99, 39.54, 39.96]","[12.4, 26.08, 35.010000000000005, 38.12, 37.24, 37.56, 37.230000000000004, 37.99, 39.54, 39.96]","[126.26304619880236, 2.1257401756583176, 1.8036774762572887, 1.6999542447589866, 1.7153904971092164, 1.7112905573515715, 1.7279694358695612, 1.7024913470751388, 1.6917768995596851, 1.7426232255974015]","[12.280000000000001, 25.900000000000002, 33.97, 36.370000000000005, 35.620000000000005, 35.14, 34.660000000000004, 35.620000000000005, 36.18, 35.730000000000004]","[126.1284435117326, 2.1485260660245302, 1.8536904830825418, 1.7750440613965617, 1.802005154853441, 1.8258367307194558, 1.8638707459892843, 1.8600781075069897, 1.8820206549931808, 1.9497615403840138]"
