,ValAccDone,eta,lambda,trainAccDone,trainAccuracy,trainLoss,valAccuracy,valLoss
0,29.42,0.005248066779166965,9.92414424395817e-08,"[10.32, 24.09, 33.35, 33.07, 34.02, 33.92, 33.32, 34.949999999999996, 34.22, 35.65]","[10.32, 24.09, 33.35, 33.07, 34.02, 33.92, 33.32, 34.949999999999996, 34.22, 35.65]","[124.00746973515255, 1.994057535729686, 1.84551072729889, 1.8228110371613893, 1.8082354089969195, 1.8217831089523442, 1.87293799602913, 1.8343677492260324, 1.9292079072021797, 1.8620877198403176]","[10.41, 23.22, 32.269999999999996, 31.630000000000003, 31.790000000000003, 30.3, 29.49, 30.55, 29.020000000000003, 29.799999999999997]","[122.07515923078314, 2.0253746869400167, 1.8847929923389144, 1.88145421901192, 1.8926033542730383, 1.9233355082761994, 2.006103168972559, 2.0002746073453475, 2.121876466030909, 2.0828958570573737]"
