,ValAccDone,eta,lambda,trainAccDone,trainAccuracy,trainLoss,valAccuracy,valLoss
0,38.080000000000005,0.027553714069387978,6.804667066449427e-08,"[9.36, 27.32, 36.53, 38.080000000000005, 38.17, 38.95, 36.26, 38.07, 41.72, 43.309999999999995]","[9.36, 27.32, 36.53, 38.080000000000005, 38.17, 38.95, 36.26, 38.07, 41.72, 43.309999999999995]","[99.05309212848604, 2.0688750970415315, 1.7557548679036863, 1.7162914342534394, 1.6925084726072668, 1.6908842449359673, 1.803986216905943, 1.7604989794052228, 1.6286460643191774, 1.5795621388131573]","[9.06, 26.450000000000003, 34.43, 35.839999999999996, 35.57, 35.66, 32.86, 33.86, 35.94, 36.93]","[101.05626249724828, 2.110275780611759, 1.8122023550677835, 1.7980118802407081, 1.8080813242119769, 1.836051959441388, 1.9680380303928853, 1.9503321933454842, 1.8465228665939177, 1.8183633849535845]"
