,ValAccDone,eta,lambda,trainAccDone,trainAccuracy,trainLoss,valAccuracy,valLoss
0,35.3,0.047428001079536375,5.351457350094989e-08,"[8.74, 27.12, 33.73, 35.96, 38.29, 39.2, 41.89, 40.01, 40.8, 38.42]","[8.74, 27.12, 33.73, 35.96, 38.29, 39.2, 41.89, 40.01, 40.8, 38.42]","[120.75913688740404, 2.0465825497543935, 1.8629939608113362, 1.7636752877368365, 1.699660572908959, 1.6781400519106342, 1.6113311154125707, 1.663395583001013, 1.647408379459021, 1.7410746919907545]","[9.13, 26.790000000000003, 32.01, 33.6, 35.709999999999994, 36.27, 38.21, 36.46, 36.620000000000005, 34.47]","[119.70011162466476, 2.0833817032002844, 1.916670974238138, 1.8359354990502283, 1.7950506619048483, 1.7946607608835845, 1.7516076284177402, 1.817057155369136, 1.824212364371412, 1.9344295834929455]"
