,ValAccDone,eta,lambda,trainAccDone,trainAccuracy,trainLoss,valAccuracy,valLoss
0,35.339999999999996,0.06715062140359611,3.653983831928934e-08,"[10.780000000000001, 20.849999999999998, 31.130000000000003, 33.410000000000004, 38.17, 39.62, 41.28, 42.22, 38.279999999999994, 35.18]","[10.780000000000001, 20.849999999999998, 31.130000000000003, 33.410000000000004, 38.17, 39.62, 41.28, 42.22, 38.279999999999994, 35.18]","[109.26425654232722, 2.4400901686172722, 1.8850753480874054, 1.837910510015042, 1.7094396535561769, 1.6613362597318178, 1.633278667829744, 1.6108198526572892, 1.774665214337296, 1.9802493824945893]","[11.04, 20.79, 30.11, 31.96, 34.9, 36.69, 36.9, 37.49, 34.52, 31.85]","[108.38786945271355, 2.4719589823014902, 1.92799976350579, 1.8978393877687525, 1.797858852681753, 1.7779995360082426, 1.775972314279959, 1.781412716265844, 1.964715681519311, 2.1889534709942526]"
