,ValAccDone,eta,lambda,trainAccDone,trainAccuracy,trainLoss,valAccuracy,valLoss
0,37.95,0.06548076307206603,2.8758089830165544e-08,"[9.39, 25.490000000000002, 35.44, 37.71, 37.09, 39.47, 39.989999999999995, 42.730000000000004, 44.4, 44.800000000000004]","[9.39, 25.490000000000002, 35.44, 37.71, 37.09, 39.47, 39.989999999999995, 42.730000000000004, 44.4, 44.800000000000004]","[117.2271254684354, 2.4058885079833785, 1.8102381667749503, 1.7000206052071942, 1.707889874846991, 1.6539580957334685, 1.6547311688784114, 1.588469648164886, 1.5449513346572061, 1.5263739532523595]","[9.15, 24.88, 34.21, 35.82, 34.53, 36.309999999999995, 36.03, 37.940000000000005, 38.690000000000005, 38.75]","[118.31718711724224, 2.447890248154986, 1.8809397939766175, 1.7829965104822971, 1.8052354274153881, 1.7689973411460496, 1.7839837776211753, 1.7441014781967363, 1.728569123439987, 1.7354852691251303]"
