,ValAccDone,eta,lambda,trainAccDone,trainAccuracy,trainLoss,valAccuracy,valLoss
0,34.849999999999994,0.00913751970452241,8.369325362502094e-08,"[10.34, 27.04, 31.119999999999997, 33.52, 32.93, 36.03, 41.370000000000005, 41.97, 44.72, 43.980000000000004]","[10.34, 27.04, 31.119999999999997, 33.52, 32.93, 36.03, 41.370000000000005, 41.97, 44.72, 43.980000000000004]","[92.35252290215568, 1.9619337166167905, 1.8612085350639545, 1.8320205152657356, 1.8565363796454448, 1.7605452369595678, 1.6353216909594728, 1.6446999918949563, 1.5471837601967127, 1.6039356616672615]","[10.33, 26.02, 30.159999999999997, 32.08, 30.570000000000004, 32.7, 36.620000000000005, 36.42, 38.05, 36.76]","[92.68395625692395, 1.9889452878828564, 1.9063576573073349, 1.8999778843793307, 1.949537165502758, 1.8962910335108238, 1.8127248225442012, 1.8577934599699613, 1.8012949069415045, 1.8814492620447825]"
