,ValAccDone,eta,lambda,trainAccDone,trainAccuracy,trainLoss,valAccuracy,valLoss
0,35.55,0.03949929167964055,1.4961590371419064e-08,"[8.59, 27.35, 33.6, 34.04, 35.33, 38.940000000000005, 38.45, 39.45, 41.75, 42.77]","[8.59, 27.35, 33.6, 34.04, 35.33, 38.940000000000005, 38.45, 39.45, 41.75, 42.77]","[105.59265235193402, 2.0676787255094626, 1.8422578497401445, 1.8113931333942315, 1.7635876166796243, 1.6517082149286153, 1.677995494838255, 1.6457981220546263, 1.583705220555818, 1.5660030273071364]","[8.780000000000001, 26.700000000000003, 32.769999999999996, 32.48, 33.129999999999995, 35.99, 34.910000000000004, 35.46, 36.620000000000005, 36.97]","[103.61341705497357, 2.1181878706529167, 1.9112944496389863, 1.8893007511443543, 1.8624803790794442, 1.7804887709891741, 1.8195322662717612, 1.8065568664645366, 1.765746989947912, 1.777285662913561]"
