,ValAccDone,eta,lambda,trainAccDone,trainAccuracy,trainLoss,valAccuracy,valLoss
0,36.93,0.05478504031108383,0.0,"[8.27, 24.349999999999998, 35.35, 37.92, 41.410000000000004, 43.919999999999995, 46.0, 46.9, 44.76, 44.5]","[8.27, 24.349999999999998, 35.35, 37.92, 41.410000000000004, 43.919999999999995, 46.0, 46.9, 44.76, 44.5]","[160.01176101022892, 2.2259827047771066, 1.7889675355974342, 1.7227422235340006, 1.6211224421445576, 1.554760150387639, 1.4941132369927492, 1.4861657953662923, 1.5972524981708442, 1.5838374087612073]","[8.780000000000001, 24.22, 34.489999999999995, 36.059999999999995, 38.41, 39.85, 41.03, 40.86, 38.31, 38.04]","[158.7885318505117, 2.256694205901221, 1.8390064215827118, 1.794670292527579, 1.7352215922115215, 1.6995825805812066, 1.6808571715508465, 1.7030904745857367, 1.829504941825358, 1.8437010751543657]"
