,ValAccDone,eta,lambda,trainAccDone,trainAccuracy,trainLoss,valAccuracy,valLoss
0,34.89,0.04989520679804242,6.342734634288127e-08,"[8.459999999999999, 25.840000000000003, 35.4, 36.19, 34.62, 36.54, 41.03, 42.0, 39.36, 38.18]","[8.459999999999999, 25.840000000000003, 35.4, 36.19, 34.62, 36.54, 41.03, 42.0, 39.36, 38.18]","[71.92784919848602, 2.1350540821866426, 1.7906327413405903, 1.735771869157716, 1.7689313689908124, 1.7143467998370703, 1.6129367840279207, 1.596176061618372, 1.6725729465322963, 1.7137011848522268]","[8.77, 25.650000000000002, 33.85, 34.75, 32.9, 34.25, 36.64, 37.059999999999995, 34.77, 33.800000000000004]","[71.60790118355519, 2.1691652778762074, 1.8424661874973383, 1.8080590341586793, 1.8524657301554228, 1.8199471752750567, 1.7516269954205514, 1.7539212228958254, 1.8303061119341923, 1.8814246786729876]"
