,ValAccDone,eta,lambda,trainAccDone,trainAccuracy,trainLoss,valAccuracy,valLoss
0,37.44,0.05648778086528003,4.4170775138089376e-08,"[10.0, 25.61, 35.35, 38.18, 38.79, 40.99, 41.410000000000004, 43.36, 42.69, 44.3]","[10.0, 25.61, 35.35, 38.18, 38.79, 40.99, 41.410000000000004, 43.36, 42.69, 44.3]","[inf, 2.1394662216722606, 1.8007811653909878, 1.724244227398463, 1.7360898131797804, 1.6471973542489846, 1.6528404624433846, 1.5868543908901234, 1.611571200547357, 1.5801049065230415]","[10.11, 24.55, 33.0, 35.67, 35.42, 36.82, 37.11, 37.57, 36.980000000000004, 37.81]","[inf, 2.1686953320917746, 1.8643879763024753, 1.8067636914340333, 1.829068091148057, 1.7728803582900592, 1.8017261476382491, 1.762557559275959, 1.8098440736619394, 1.8113141562330934]"
