,ValAccDone,eta,lambda,trainAccDone,trainAccuracy,trainLoss,valAccuracy,valLoss
0,35.38,0.03358383407545749,4.660691909681893e-08,"[10.42, 25.669999999999998, 35.55, 38.07, 39.910000000000004, 38.769999999999996, 39.35, 40.949999999999996, 39.04, 42.730000000000004]","[10.42, 25.669999999999998, 35.55, 38.07, 39.910000000000004, 38.769999999999996, 39.35, 40.949999999999996, 39.04, 42.730000000000004]","[108.36752544834573, 2.199273780661513, 1.771157951076474, 1.698180451727721, 1.6443875274931417, 1.6547990841279334, 1.6473079786312514, 1.6233586610949817, 1.6780486647496908, 1.5815610213025622]","[10.35, 24.45, 33.71, 35.160000000000004, 36.25, 34.89, 34.97, 35.74, 33.5, 35.77]","[106.75591322939897, 2.248554047378902, 1.8410947129784103, 1.7925708173974044, 1.7646191314788584, 1.7900935872509787, 1.8089897483500197, 1.809755471482693, 1.8772255369905309, 1.8292745743074832]"
