,ValAccDone,eta,lambda,trainAccDone,trainAccuracy,trainLoss,valAccuracy,valLoss
0,40.93,0.03471675705632863,1.5842357253247418e-08,"[13.26, 24.12, 31.2, 32.89, 35.75, 32.269999999999996, 39.24, 44.12, 46.78, 47.96]","[13.26, 24.12, 31.2, 32.89, 35.75, 32.269999999999996, 39.24, 44.12, 46.78, 47.96]","[133.41514928026072, 2.419736037365132, 1.9200920450180143, 1.910472568404569, 1.815058348535579, 1.9732345292712872, 1.705784928086142, 1.543069771074665, 1.485575368426874, 1.4431941969489925]","[12.7, 24.349999999999998, 31.180000000000003, 31.2, 33.87, 30.869999999999997, 35.88, 38.940000000000005, 40.38, 40.660000000000004]","[134.87221965550873, 2.4221077117735055, 1.9475158787041715, 1.9670664730622758, 1.8981336234688764, 2.065176767971993, 1.843270969281928, 1.72377474581682, 1.7028406613429512, 1.6976829428339089]"
