,ValAccDone,eta,lambda,trainAccDone,trainAccuracy,trainLoss,valAccuracy,valLoss
0,38.25,0.06742659885663227,2.805167158454763e-08,"[10.2, 23.7, 30.959999999999997, 35.61, 38.35, 39.97, 41.21, 41.760000000000005, 43.230000000000004, 44.48]","[10.2, 23.7, 30.959999999999997, 35.61, 38.35, 39.97, 41.21, 41.760000000000005, 43.230000000000004, 44.48]","[inf, 2.545039570589455, 1.898033788652954, 1.7555305632373899, 1.6886647295070714, 1.6366335986046852, 1.6068197191938025, 1.5935445244981827, 1.5593477247956726, 1.5124875353880305]","[9.84, 23.51, 30.54, 33.86, 35.36, 36.75, 37.79, 37.8, 38.76, 39.57]","[inf, 2.554249882847054, 1.9515293180270183, 1.8345783773114146, 1.783974633438257, 1.7482836275767506, 1.7382120836829358, 1.7439731899161555, 1.7371582079274128, 1.720720837028006]"
