,ValAccDone,eta,lambda,trainAccDone,trainAccuracy,trainLoss,valAccuracy,valLoss
0,27.3,0.010243110223961634,2.659941763824747e-09,"[9.86, 23.65, 35.699999999999996, 34.37, 34.31, 34.55, 32.06, 33.6, 32.84, 29.049999999999997]","[9.86, 23.65, 35.699999999999996, 34.37, 34.31, 34.55, 32.06, 33.6, 32.84, 29.049999999999997]","[99.07377113652126, 2.073541305836859, 1.785613702613961, 1.8274746768884946, 1.8472978957145691, 1.8283086742677466, 1.9263889656867579, 1.8847495044664042, 1.9342253767467592, 2.3254773689729205]","[9.81, 23.849999999999998, 34.04, 32.82, 32.35, 32.550000000000004, 29.95, 30.620000000000005, 29.87, 25.85]","[99.3784580768649, 2.101252259415582, 1.839471498144036, 1.8909053507236537, 1.9249910972436568, 1.927183730601757, 2.042044541925403, 2.0427820003683563, 2.12829790365613, 2.5396456394800455]"
