,ValAccDone,eta,lambda,trainAccDone,trainAccuracy,trainLoss,valAccuracy,valLoss
0,36.86,0.06739157421800787,2.7196132422722284e-08,"[9.969999999999999, 22.96, 30.5, 35.5, 34.599999999999994, 35.63, 33.19, 33.25, 37.169999999999995, 40.160000000000004]","[9.969999999999999, 22.96, 30.5, 35.5, 34.599999999999994, 35.63, 33.19, 33.25, 37.169999999999995, 40.160000000000004]","[154.25472335802556, 2.499559293102927, 1.933232869075375, 1.748149851777896, 1.8121208976351426, 1.7887972352087131, 1.9074675341008427, 1.9290537192944621, 1.818809580545097, 1.7037844885119529]","[10.03, 23.77, 30.14, 33.61, 32.59, 33.650000000000006, 31.759999999999998, 31.580000000000002, 33.879999999999995, 35.54]","[inf, 2.5210805769628832, 1.9774996426287492, 1.822166293873165, 1.8943566872703566, 1.8970900010469949, 2.0281094917785047, 2.0666668762886604, 1.9830128344815374, 1.8954315016292616]"
