,ValAccDone,eta,lambda,trainAccDone,trainAccuracy,trainLoss,valAccuracy,valLoss
0,36.79,0.06535730364185335,0.0,"[9.75, 22.21, 31.819999999999997, 35.06, 38.769999999999996, 40.97, 41.13, 43.61, 43.1, 41.22]","[9.75, 22.21, 31.819999999999997, 35.06, 38.769999999999996, 40.97, 41.13, 43.61, 43.1, 41.22]","[nan, 2.3365784343736524, 1.8762261112179786, 1.7685639584880908, 1.676428946669544, 1.6070868433336987, 1.6053627790309426, 1.5462164562675402, 1.5547422539487985, 1.6413011367630959]","[10.07, 22.33, 30.869999999999997, 33.800000000000004, 36.559999999999995, 37.65, 37.36, 39.019999999999996, 38.64, 36.71]","[nan, 2.35920084828658, 1.9252412433590431, 1.832660329659951, 1.7680211478717378, 1.7283921581464194, 1.7427157779119213, 1.7161164261938469, 1.7459305616592773, 1.8416458266342368]"
