,ValAccDone,eta,lambda,trainAccDone,trainAccuracy,trainLoss,valAccuracy,valLoss
0,25.96,0.030959014514121252,8.839466637065787e-08,"[8.86, 26.58, 32.08, 35.730000000000004, 38.56, 39.550000000000004, 39.050000000000004, 36.3, 38.47, 36.26]","[8.86, 26.58, 32.08, 35.730000000000004, 38.56, 39.550000000000004, 39.050000000000004, 36.3, 38.47, 36.26]","[140.21476952009084, 2.0625856821387973, 1.8871903272740809, 1.7836195251660816, 1.6943472719246873, 1.6791609602980468, 1.6979664828671805, 1.8227664729758843, 1.7820420017118572, 1.8633608731825597]","[8.49, 26.66, 30.919999999999998, 34.06, 35.72, 36.18, 35.58, 33.25, 34.08, 32.53]","[141.82792401203213, 2.08712144629362, 1.9412071909925228, 1.86286001160449, 1.8012579776794342, 1.8103666490208774, 1.8470544793718273, 1.9918735971294206, 1.9830640188214486, 2.0759113000768883]"
