,ValAccDone,eta,lambda,trainAccDone,trainAccuracy,trainLoss,valAccuracy,valLoss
0,34.31,0.031519173003626666,5.8079743497811363e-08,"[8.870000000000001, 24.98, 34.33, 34.28, 34.839999999999996, 37.31, 35.53, 35.9, 37.93, 36.64]","[8.870000000000001, 24.98, 34.33, 34.28, 34.839999999999996, 37.31, 35.53, 35.9, 37.93, 36.64]","[111.07544251264406, 2.08461030191376, 1.8063899078746628, 1.808187459849971, 1.8191126941497908, 1.7598122048105216, 1.8323278679660857, 1.802417974859798, 1.761084307318558, 1.7965827489892694]","[9.24, 23.7, 32.73, 32.04, 32.93, 34.8, 32.82, 33.43, 34.160000000000004, 32.879999999999995]","[110.12286309495651, 2.117936521846035, 1.8659131142868157, 1.8805341214123183, 1.9019956156220186, 1.8705267597708641, 1.9542769988712994, 1.9455756754048592, 1.9361087663656098, 1.9939589895596401]"
