,ValAccDone,eta,lambda,trainAccDone,trainAccuracy,trainLoss,valAccuracy,valLoss
0,30.919999999999998,0.005397151741210019,2.9333994472813518e-08,"[10.16, 23.74, 35.870000000000005, 33.57, 29.24, 34.839999999999996, 39.62, 40.5, 37.89, 38.2]","[10.16, 23.74, 35.870000000000005, 33.57, 29.24, 34.839999999999996, 39.62, 40.5, 37.89, 38.2]","[inf, 2.034346119155857, 1.8314193999184347, 1.8338581135445033, 2.0810499783103547, 1.8324323795245538, 1.6898791405862104, 1.678375816916422, 1.785981233859592, 1.8343257047502424]","[9.959999999999999, 22.71, 33.839999999999996, 31.619999999999997, 27.71, 31.45, 34.86, 34.9, 31.990000000000002, 32.18]","[inf, 2.0630949650835744, 1.87195155794352, 1.8965579001405728, 2.158220061797628, 1.9437473042883187, 1.8400732859561781, 1.8596215497862185, 1.9810077822311292, 2.0580796571830624]"
