,ValAccDone,eta,lambda,trainAccDone,trainAccuracy,trainLoss,valAccuracy,valLoss
0,37.87,0.02981191047223364,1.6745183013928587e-08,"[10.16, 26.889999999999997, 36.91, 38.16, 40.69, 41.82, 41.949999999999996, 42.94, 44.07, 44.55]","[10.16, 26.889999999999997, 36.91, 38.16, 40.69, 41.82, 41.949999999999996, 42.94, 44.07, 44.55]","[166.23438068120774, 2.0874166919797092, 1.739607731186216, 1.695568297577301, 1.6606613867779159, 1.6310109952819205, 1.633624661433516, 1.6227667848947067, 1.5628049864498696, 1.5706165613084377]","[10.299999999999999, 26.590000000000003, 34.71, 35.58, 37.55, 37.64, 37.6, 37.730000000000004, 38.01, 38.16]","[165.6984584023775, 2.132062248268928, 1.8048095099884693, 1.7812720521392553, 1.769921350713813, 1.7738604537401979, 1.8077257632901822, 1.8226708196243686, 1.799962846368725, 1.8319090772594655]"
