,ValAccDone,eta,lambda,trainAccDone,trainAccuracy,trainLoss,valAccuracy,valLoss
0,33.71,0.030774811828389433,2.0469968877914002e-08,"[10.17, 26.369999999999997, 30.12, 36.09, 35.4, 36.97, 38.64, 32.940000000000005, 41.05, 41.04]","[10.17, 26.369999999999997, 30.12, 36.09, 35.4, 36.97, 38.64, 32.940000000000005, 41.05, 41.04]","[211.62156317926676, 2.1092071150601734, 2.002931776770389, 1.7807960695219636, 1.7880191590063392, 1.7352342369782416, 1.6810848806468857, 1.8603124916785272, 1.6718815825961983, 1.6715900593077109]","[9.99, 25.779999999999998, 29.13, 33.629999999999995, 32.910000000000004, 33.910000000000004, 35.089999999999996, 30.34, 35.64, 35.43]","[211.0335536896714, 2.123283569140866, 2.0442837724645866, 1.8515989993447541, 1.8756794486606319, 1.8497993320497164, 1.8279378776859432, 2.011360447088342, 1.8715826582517905, 1.895555763772342]"
