,ValAccDone,eta,lambda,trainAccDone,trainAccuracy,trainLoss,valAccuracy,valLoss
0,36.89,0.038866273185119475,2.5887596110431974e-08,"[10.09, 25.41, 35.5, 39.4, 42.65, 43.38, 43.96, 45.35, 42.58, 42.730000000000004]","[10.09, 25.41, 35.5, 39.4, 42.65, 43.38, 43.96, 45.35, 42.58, 42.730000000000004]","[237.83152476297332, 2.1119002007807026, 1.774125120943903, 1.6709911345855337, 1.5959297376615362, 1.5816571445103589, 1.5864670928487399, 1.5240329611882977, 1.652141213853179, 1.6497483185830082]","[9.9, 24.63, 33.45, 36.76, 38.58, 39.17, 39.050000000000004, 39.629999999999995, 37.76, 37.43]","[237.22556435020059, 2.1587312285183935, 1.8420418202071516, 1.764610992499255, 1.7164521389776166, 1.7289820516483028, 1.7630928888676995, 1.7377605714100506, 1.8757841229825805, 1.9034197563338007]"
