,ValAccDone,eta,lambda,trainAccDone,trainAccuracy,trainLoss,valAccuracy,valLoss
0,35.809999999999995,0.03389625452642322,5.440316399902303e-08,"[11.58, 25.629999999999995, 34.510000000000005, 36.02, 39.68, 40.03, 42.34, 42.91, 41.449999999999996, 40.87]","[11.58, 25.629999999999995, 34.510000000000005, 36.02, 39.68, 40.03, 42.34, 42.91, 41.449999999999996, 40.87]","[134.25851990287885, 2.145148954231775, 1.8200753451051437, 1.771373919366903, 1.6522739996602573, 1.6550212750827584, 1.613620265444048, 1.5922478941480613, 1.624255000680963, 1.658312619541414]","[11.62, 24.8, 32.04, 33.96, 36.919999999999995, 36.120000000000005, 37.059999999999995, 37.019999999999996, 36.07, 35.39]","[134.68850786932884, 2.18900976308629, 1.8745674966518093, 1.8487570141037195, 1.7592485354771403, 1.783715213127016, 1.7682998288714669, 1.7780616403202048, 1.8223858361358645, 1.881011305488082]"
