,ValAccDone,eta,lambda,trainAccDone,trainAccuracy,trainLoss,valAccuracy,valLoss
0,29.26,0.0066712083197487245,5.248351716927646e-08,"[8.92, 24.5, 37.480000000000004, 39.39, 34.089999999999996, 34.79, 32.9, 30.43, 32.99, 35.3]","[8.92, 24.5, 37.480000000000004, 39.39, 34.089999999999996, 34.79, 32.9, 30.43, 32.99, 35.3]","[141.1646512916822, 2.00972952510543, 1.8210688875396999, 1.7501322161643287, 1.8248013286031266, 1.8382270812381207, 1.9256189832038852, 2.0709375940128116, 1.9520839439760298, 1.8659843724563787]","[9.370000000000001, 23.69, 34.78, 37.22, 32.04, 32.09, 30.080000000000002, 27.57, 29.099999999999998, 30.65]","[140.44760915724615, 2.0294652848509216, 1.8590320316918134, 1.8067493306989022, 1.9048129704944123, 1.9518207277593398, 2.0633550890088213, 2.2350481237160755, 2.162897457364907, 2.1181773721721977]"
