,ValAccDone,eta,lambda,trainAccDone,trainAccuracy,trainLoss,valAccuracy,valLoss
0,39.01,0.05747946946105811,0.0,"[9.83, 24.95, 34.21, 39.08, 41.38, 42.5, 43.78, 45.93, 46.68, 46.43]","[9.83, 24.95, 34.21, 39.08, 41.38, 42.5, 43.78, 45.93, 46.68, 46.43]","[134.6489927481896, 2.1355144524666865, 1.7876559301778052, 1.6823887490150766, 1.6175746877922546, 1.577815517478742, 1.5466795062180614, 1.495832175681586, 1.4708367569205256, 1.4754055595955275]","[9.68, 24.86, 33.300000000000004, 36.480000000000004, 37.97, 37.730000000000004, 38.279999999999994, 39.33, 38.800000000000004, 38.73]","[inf, 2.1708587232827607, 1.8545936230289934, 1.7766236564265874, 1.7316722543567673, 1.7190841489877824, 1.7125840885721129, 1.697258912356248, 1.7011251586836482, 1.7198960096612184]"
