,ValAccDone,eta,lambda,trainAccDone,trainAccuracy,trainLoss,valAccuracy,valLoss
0,34.93,0.06405330895425934,3.360408577655999e-08,"[9.15, 22.650000000000002, 33.129999999999995, 35.47, 39.23, 40.6, 41.64, 42.25, 39.67, 34.92]","[9.15, 22.650000000000002, 33.129999999999995, 35.47, 39.23, 40.6, 41.64, 42.25, 39.67, 34.92]","[158.74718174175896, 2.6360136230280293, 1.846496169869658, 1.7761117339032308, 1.6908549879911074, 1.6612175382972758, 1.6158958029015766, 1.5970985535154159, 1.6598829729056808, 1.8277147247825667]","[9.25, 22.59, 31.8, 33.300000000000004, 36.7, 37.330000000000005, 38.11, 38.5, 36.8, 33.129999999999995]","[156.2614893113339, 2.659870150345435, 1.9020854323465426, 1.848770303553672, 1.7777457363787184, 1.7657222168168647, 1.740915996333728, 1.7409560093366696, 1.8070134762984655, 1.9755057622294818]"
