,ValAccDone,eta,lambda,trainAccDone,trainAccuracy,trainLoss,valAccuracy,valLoss
0,39.660000000000004,0.030460536399739356,5.692844907881806e-08,"[9.92, 25.900000000000002, 34.39, 37.39, 39.050000000000004, 40.48, 43.46, 46.14, 45.4, 46.06]","[9.92, 25.900000000000002, 34.39, 37.39, 39.050000000000004, 40.48, 43.46, 46.14, 45.4, 46.06]","[216.5552944814278, 2.1011890894466525, 1.774528103667028, 1.6988642031323156, 1.650928925941177, 1.611649443622789, 1.5528021928179536, 1.4973296542560808, 1.5085832232935947, 1.4901075818238279]","[9.78, 26.41, 32.67, 34.79, 35.76, 36.449999999999996, 37.79, 39.07, 38.22, 38.81]","[inf, 2.1299548155308266, 1.8318315393384637, 1.7727986188525835, 1.7493329493181338, 1.7387667207800304, 1.7162093621013508, 1.7023412939501417, 1.7329975597183591, 1.7501071204182017]"
