,ValAccDone,eta,lambda,trainAccDone,trainAccuracy,trainLoss,valAccuracy,valLoss
0,36.24,0.0183396756644665,0.0,"[8.85, 23.95, 35.54, 37.49, 33.35, 38.84, 38.74, 41.23, 44.11, 40.11]","[8.85, 23.95, 35.54, 37.49, 33.35, 38.84, 38.74, 41.23, 44.11, 40.11]","[inf, 2.075724137827584, 1.7707282062277223, 1.7173519376388617, 1.8415955764559082, 1.671780263003421, 1.6971224922791557, 1.6314495933055755, 1.5481657919889, 1.6771457102323213]","[9.24, 23.41, 33.629999999999995, 35.510000000000005, 32.06, 35.42, 35.24, 36.69, 38.769999999999996, 35.23]","[inf, 2.105983374824797, 1.8304299339418164, 1.7852008473949172, 1.913638055812203, 1.7896710944640855, 1.8379942497006927, 1.8021938634351928, 1.7400765023927587, 1.864075880643611]"
