,ValAccDone,eta,lambda,trainAccDone,trainAccuracy,trainLoss,valAccuracy,valLoss
0,35.39,0.053737802141158725,4.3830885924587115e-08,"[10.63, 24.6, 34.52, 36.05, 37.980000000000004, 40.38, 41.79, 42.27, 39.489999999999995, 39.67]","[10.63, 24.6, 34.52, 36.05, 37.980000000000004, 40.38, 41.79, 42.27, 39.489999999999995, 39.67]","[98.78718702202937, 2.0846431821828304, 1.7947813039218414, 1.7370461647120459, 1.7036775523843843, 1.6390814004309153, 1.6041406203591868, 1.5942619302032455, 1.7035593787428582, 1.6964619484772372]","[10.27, 24.46, 32.64, 34.849999999999994, 35.67, 37.12, 37.65, 37.85, 35.709999999999994, 35.82]","[98.06966954268545, 2.1293714947191362, 1.862197222168139, 1.8216152172492956, 1.8149252012827544, 1.7713300977714561, 1.7552223934625042, 1.7654701017651464, 1.8803127914843605, 1.8860838462259293]"
