,ValAccDone,eta,lambda,trainAccDone,trainAccuracy,trainLoss,valAccuracy,valLoss
0,38.16,0.057107274655548955,5.929052189864694e-08,"[9.520000000000001, 24.18, 31.979999999999997, 37.8, 40.160000000000004, 40.35, 41.92, 43.01, 43.57, 42.15]","[9.520000000000001, 24.18, 31.979999999999997, 37.8, 40.160000000000004, 40.35, 41.92, 43.01, 43.57, 42.15]","[142.29977610431712, 2.455621999031389, 1.9146820774582054, 1.7291629563019417, 1.6702657930479137, 1.642257219842185, 1.5959142122206533, 1.5697417099196058, 1.5457542561215702, 1.5957972274781684]","[10.27, 24.46, 31.45, 35.160000000000004, 36.8, 37.1, 38.6, 38.87, 39.44, 37.830000000000005]","[139.5422203207868, 2.463402838575174, 1.9561128413551436, 1.795519303416152, 1.756146750836297, 1.7468505209783503, 1.7201373839785568, 1.7099568345412262, 1.7078991269481016, 1.7675979998110223]"
