,ValAccDone,eta,lambda,trainAccDone,trainAccuracy,trainLoss,valAccuracy,valLoss
0,39.47,0.06671232060161154,0.0,"[9.33, 23.13, 33.839999999999996, 37.69, 34.53, 39.489999999999995, 41.43, 41.44, 44.91, 44.2]","[9.33, 23.13, 33.839999999999996, 37.69, 34.53, 39.489999999999995, 41.43, 41.44, 44.91, 44.2]","[141.20567942919809, 2.1892256201393407, 1.8214221919009237, 1.7314521181029816, 1.765066877879863, 1.6684441770919107, 1.633593585979704, 1.6155903978976076, 1.5422760089126364, 1.5422975464290334]","[9.700000000000001, 22.99, 31.41, 34.4, 32.51, 36.3, 37.45, 36.8, 39.160000000000004, 38.73]","[139.4692897888109, 2.2138846759022486, 1.8769861889913892, 1.8040972697239832, 1.8399817104228926, 1.7668157715321162, 1.755283219911007, 1.7545966992789352, 1.7027180280425205, 1.7185912913725736]"
