,ValAccDone,eta,lambda,trainAccDone,trainAccuracy,trainLoss,valAccuracy,valLoss
0,27.500000000000004,0.02188347852997726,2.0734521285669448e-08,"[9.950000000000001, 25.97, 34.13, 31.31, 29.459999999999997, 31.15, 28.689999999999998, 28.810000000000002, 29.37, 27.639999999999997]","[9.950000000000001, 25.97, 34.13, 31.31, 29.459999999999997, 31.15, 28.689999999999998, 28.810000000000002, 29.37, 27.639999999999997]","[110.90249981579424, 2.073692237000519, 1.8672148362136611, 2.0116853142612574, 2.0590883155323576, 1.974926837186591, 2.1679439692425704, 2.258586448084838, 2.3411281375260145, 2.587772370432348]","[10.040000000000001, 25.86, 32.87, 29.9, 27.47, 29.110000000000003, 26.790000000000003, 26.71, 26.450000000000003, 25.169999999999998]","[112.64729100694666, 2.0918756036808324, 1.9153088927359634, 2.0739709354605753, 2.1391307739506864, 2.071544971665212, 2.2849885035609585, 2.40428017880613, 2.5140973464615963, 2.7666576072403695]"
