,ValAccDone,eta,lambda,trainAccDone,trainAccuracy,trainLoss,valAccuracy,valLoss
0,38.91,0.04964788224297694,0.0,"[9.65, 25.240000000000002, 34.99, 37.41, 39.46, 41.0, 42.15, 43.3, 45.36, 45.98]","[9.65, 25.240000000000002, 34.99, 37.41, 39.46, 41.0, 42.15, 43.3, 45.36, 45.98]","[56.03173934929635, 2.172171406634749, 1.8049563149886494, 1.7283642810879232, 1.6717952633697601, 1.6257437688733847, 1.6019439211935775, 1.5688975173906838, 1.5156234428306394, 1.496643000962632]","[9.76, 24.84, 33.86, 35.24, 36.4, 37.059999999999995, 37.36, 37.830000000000005, 38.86, 39.0]","[55.643382162874445, 2.192618214761753, 1.8501658851919038, 1.7977721457006108, 1.7655587038917386, 1.744702216516063, 1.741715094681854, 1.730848453523906, 1.7066377188094815, 1.7144566155765548]"
