,ValAccDone,eta,lambda,trainAccDone,trainAccuracy,trainLoss,valAccuracy,valLoss
0,41.02,0.03487550148615612,7.849489036063292e-08,"[9.700000000000001, 26.83, 37.269999999999996, 37.45, 38.76, 42.5, 45.18, 45.57, 47.29, 47.760000000000005]","[9.700000000000001, 26.83, 37.269999999999996, 37.45, 38.76, 42.5, 45.18, 45.57, 47.29, 47.760000000000005]","[211.63259442821737, 2.0588112883438496, 1.74594885222388, 1.7160098784214028, 1.672265842323044, 1.5823773813168924, 1.5205609115283294, 1.5115167912597647, 1.461175395461683, 1.457436339150858]","[9.959999999999999, 25.66, 34.44, 35.17, 36.26, 38.74, 39.96, 39.43, 40.67, 40.839999999999996]","[212.1526603102692, 2.1005645502135164, 1.811881099555335, 1.799457801261126, 1.7809994088162655, 1.7222980588431065, 1.691458018200103, 1.71060552094175, 1.691499694342855, 1.7258831356109556]"
