,ValAccDone,eta,lambda,trainAccDone,trainAccuracy,trainLoss,valAccuracy,valLoss
0,38.97,0.01940216890736736,0.0,"[10.07, 26.69, 33.86, 38.42, 38.5, 40.79, 42.96, 44.06, 44.2, 43.39]","[10.07, 26.69, 33.86, 38.42, 38.5, 40.79, 42.96, 44.06, 44.2, 43.39]","[135.84360439558486, 2.000640865184509, 1.8450467913259352, 1.718373330756133, 1.6930727336574527, 1.6346992494122639, 1.5786514636590911, 1.5438703569874501, 1.5549865321336838, 1.5395816613298754]","[9.91, 26.43, 32.79, 35.620000000000005, 35.96, 37.37, 38.21, 38.99, 37.92, 37.54]","[136.81707842827828, 2.016740079152539, 1.8754264489730463, 1.7801432638120587, 1.791670271514716, 1.7592726560936376, 1.7359210825124283, 1.7167129898596265, 1.7440260299039527, 1.7640909416301547]"
