,ValAccDone,eta,lambda,trainAccDone,trainAccuracy,trainLoss,valAccuracy,valLoss
0,38.629999999999995,0.04108739950088914,7.16444390387214e-08,"[10.33, 23.150000000000002, 32.910000000000004, 36.980000000000004, 39.34, 42.0, 42.91, 43.47, 42.71, 42.11]","[10.33, 23.150000000000002, 32.910000000000004, 36.980000000000004, 39.34, 42.0, 42.91, 43.47, 42.71, 42.11]","[81.41242617720592, 2.2760668243575575, 1.8485193004894902, 1.7322220927366967, 1.6673546323076698, 1.6137567518244993, 1.5930411817541796, 1.5687620036956942, 1.599596395457789, 1.6237685084258717]","[10.290000000000001, 23.35, 31.509999999999998, 34.93, 37.03, 38.74, 38.98, 39.51, 38.48, 37.5]","[79.98670118076926, 2.3102028400835417, 1.8999469397710438, 1.8055980556461788, 1.7590477358223595, 1.721288573114008, 1.715580588994142, 1.7102136466038247, 1.7541646714745163, 1.7977029212408693]"
