,ValAccDone,eta,lambda,trainAccDone,trainAccuracy,trainLoss,valAccuracy,valLoss
0,37.26,0.013844387038116662,4.1983507273661945e-08,"[8.76, 26.900000000000002, 33.14, 36.08, 34.22, 35.46, 33.62, 36.03, 36.230000000000004, 40.08]","[8.76, 26.900000000000002, 33.14, 36.08, 34.22, 35.46, 33.62, 36.03, 36.230000000000004, 40.08]","[inf, 2.0138266232837907, 1.8543185069650103, 1.7913439029788727, 1.8511319815832887, 1.8349595547177364, 1.958159336713019, 1.8102926775843278, 1.8472775843957498, 1.7074442285516511]","[8.97, 26.21, 31.990000000000002, 34.03, 32.42, 32.39, 30.34, 32.28, 31.89, 34.53]","[inf, 2.034147357053519, 1.8930848423291462, 1.8525796355303563, 1.927942016004578, 1.9394861955381864, 2.0794504055105274, 1.9726854135943024, 2.0489383415509637, 1.9544035200485241]"
