,ValAccDone,eta,lambda,trainAccDone,trainAccuracy,trainLoss,valAccuracy,valLoss
0,39.47,0.06051202682229314,8.434373211004529e-08,"[10.69, 26.16, 32.41, 36.21, 39.050000000000004, 40.46, 42.15, 43.5, 44.14, 45.57]","[10.69, 26.16, 32.41, 36.21, 39.050000000000004, 40.46, 42.15, 43.5, 44.14, 45.57]","[inf, 2.17528093882297, 1.866941295176412, 1.7528103894187974, 1.6820694134163197, 1.6344118700734438, 1.602508928224528, 1.5697300458276302, 1.5555130792972929, 1.506847772413155]","[10.7, 25.380000000000003, 31.730000000000004, 34.21, 36.39, 37.51, 38.3, 38.82, 38.46, 39.519999999999996]","[189.1998177496685, 2.204538709925055, 1.9214167418535337, 1.8288297685067842, 1.7753363623838816, 1.7465945668289828, 1.7346236377589859, 1.7189055620794669, 1.7214921194180566, 1.7000642358052829]"
