,ValAccDone,eta,lambda,trainAccDone,trainAccuracy,trainLoss,valAccuracy,valLoss
0,37.16,0.020313653495103494,2.9629430364007335e-08,"[10.93, 27.61, 36.730000000000004, 39.82, 42.89, 43.11, 38.550000000000004, 38.91, 39.019999999999996, 41.19]","[10.93, 27.61, 36.730000000000004, 39.82, 42.89, 43.11, 38.550000000000004, 38.91, 39.019999999999996, 41.19]","[126.36978346451207, 2.010487531519649, 1.7634171920388082, 1.6792494767744974, 1.5989008705533239, 1.5760510936130714, 1.6743817820444542, 1.6907694418970076, 1.6771006003309625, 1.619944229913436]","[10.86, 27.27, 34.21, 36.42, 38.59, 38.25, 34.510000000000005, 34.14, 34.4, 35.43]","[125.63767939455914, 2.0379080692897467, 1.8321593025747667, 1.7718107739961935, 1.7257379661856784, 1.7292376089897155, 1.836499042769887, 1.8829330218764664, 1.8950974772987152, 1.8804462733828218]"
