,ValAccDone,eta,lambda,trainAccDone,trainAccuracy,trainLoss,valAccuracy,valLoss
0,34.17,0.011475703501137514,9.695414644627651e-08,"[10.34, 28.24, 32.5, 31.759999999999998, 35.099999999999994, 36.95, 36.47, 36.3, 38.279999999999994, 40.12]","[10.34, 28.24, 32.5, 31.759999999999998, 35.099999999999994, 36.95, 36.47, 36.3, 38.279999999999994, 40.12]","[153.8091689028602, 1.9625612729658746, 1.8513232732748757, 1.8801819251635075, 1.831150838773752, 1.789544512879094, 1.8724718350817313, 1.905374562365781, 1.8412051570116716, 1.7383225546299288]","[10.16, 27.47, 31.96, 30.29, 32.4, 33.160000000000004, 32.09, 32.269999999999996, 33.040000000000006, 33.629999999999995]","[inf, 1.983630984035509, 1.8872725960029701, 1.937500920085027, 1.9396573335051557, 1.9339967497740993, 2.044820671037887, 2.1074757569346483, 2.070905850824942, 2.01718891095773]"
