,ValAccDone,eta,lambda,trainAccDone,trainAccuracy,trainLoss,valAccuracy,valLoss
0,27.11,0.011688036805038476,3.4496445854872144e-08,"[10.08, 26.650000000000002, 28.299999999999997, 32.92, 35.099999999999994, 38.49, 39.800000000000004, 37.54, 35.57, 32.940000000000005]","[10.08, 26.650000000000002, 28.299999999999997, 32.92, 35.099999999999994, 38.49, 39.800000000000004, 37.54, 35.57, 32.940000000000005]","[129.21577250310804, 2.017947441094792, 1.9523208080031769, 1.8554836348653179, 1.8080112732948264, 1.7311434747095662, 1.7099414437719083, 1.7947630534636245, 1.8606972299452114, 2.1789842582136916]","[10.48, 25.430000000000003, 28.83, 32.019999999999996, 32.29, 34.599999999999994, 34.46, 33.75, 31.919999999999998, 29.020000000000003]","[128.26593530242718, 2.0468949454516117, 1.9986038020283, 1.9223227620470755, 1.8985362779666277, 1.8520263721073398, 1.8686305544294348, 1.9688854213285742, 2.0591238914169816, 2.3886646238086815]"
