,ValAccDone,eta,lambda,trainAccDone,trainAccuracy,trainLoss,valAccuracy,valLoss
0,36.67,0.0699262588950797,3.538204241493699e-08,"[11.020000000000001, 21.85, 30.740000000000002, 36.04, 37.13, 37.5, 37.65, 36.95, 36.6, 37.69]","[11.020000000000001, 21.85, 30.740000000000002, 36.04, 37.13, 37.5, 37.65, 36.95, 36.6, 37.69]","[inf, 2.514366485470419, 1.9317704476979474, 1.777134971624073, 1.7602555303781013, 1.739337396373867, 1.7530029980776942, 1.7984515031425068, 1.8262415180483875, 1.8040542567951359]","[10.36, 22.040000000000003, 29.609999999999996, 34.12, 34.55, 34.81, 34.43, 33.6, 33.339999999999996, 34.21]","[179.0361988412275, 2.5323645812832236, 1.9842906125409263, 1.8440410335740918, 1.8410533241350215, 1.8317099915143775, 1.8580536748318854, 1.9121910010648093, 1.9517165655225999, 1.9454026644312812]"
