,ValAccDone,eta,lambda,trainAccDone,trainAccuracy,trainLoss,valAccuracy,valLoss
0,33.72,0.06927744860517229,9.293526574391439e-08,"[9.01, 23.080000000000002, 32.5, 33.89, 37.29, 39.589999999999996, 39.31, 39.68, 39.54, 38.2]","[9.01, 23.080000000000002, 32.5, 33.89, 37.29, 39.589999999999996, 39.31, 39.68, 39.54, 38.2]","[116.24212234046003, 2.379624338228844, 1.8401966628512316, 1.804856478493759, 1.7203378843358428, 1.6547269916723355, 1.6557563206422798, 1.6530014854675796, 1.6708871545768262, 1.7187249074513828]","[8.88, 23.44, 30.56, 31.580000000000002, 34.65, 36.33, 36.13, 36.38, 35.89, 34.19]","[115.9568724313201, 2.4282737131949266, 1.906230727716647, 1.8828304938441704, 1.810446153944033, 1.7642087038464, 1.779935490093051, 1.7908887215545737, 1.8213065529804386, 1.8818403522854872]"
