,ValAccDone,eta,lambda,trainAccDone,trainAccuracy,trainLoss,valAccuracy,valLoss
0,32.95,0.051914007511705475,2.665634967909851e-08,"[10.100000000000001, 26.650000000000002, 35.15, 37.65, 38.35, 40.400000000000006, 40.760000000000005, 40.35, 40.54, 37.59]","[10.100000000000001, 26.650000000000002, 35.15, 37.65, 38.35, 40.400000000000006, 40.760000000000005, 40.35, 40.54, 37.59]","[inf, 2.176786157759272, 1.8129058920851515, 1.7403611728963806, 1.7042805026842653, 1.6392642108193138, 1.6311138792039306, 1.6643968430192868, 1.658374868993484, 1.814534834190287]","[9.94, 26.21, 32.769999999999996, 35.160000000000004, 36.17, 37.519999999999996, 36.96, 36.809999999999995, 36.59, 34.089999999999996]","[inf, 2.2008467067516673, 1.8730373223054302, 1.8257335661204281, 1.8110244965097353, 1.770150370724252, 1.7825791988237796, 1.8407857488580461, 1.8511130533202995, 2.018433170548274]"
