,ValAccDone,eta,lambda,trainAccDone,trainAccuracy,trainLoss,valAccuracy,valLoss
0,37.56,0.04302868584895433,7.417152108539548e-09,"[9.6, 28.09, 37.85, 38.690000000000005, 39.300000000000004, 40.160000000000004, 42.03, 41.13, 42.559999999999995, 45.21]","[9.6, 28.09, 37.85, 38.690000000000005, 39.300000000000004, 40.160000000000004, 42.03, 41.13, 42.559999999999995, 45.21]","[130.37746257709142, 2.1130622045940757, 1.7457297495891135, 1.694171583681565, 1.6638300919278233, 1.637084616143122, 1.6024915158540185, 1.619558071449836, 1.5908772675719023, 1.5330124150298465]","[9.56, 27.650000000000002, 35.14, 35.68, 36.14, 35.96, 37.0, 35.8, 36.47, 37.75]","[130.99089309828403, 2.144377657183902, 1.8187960237398204, 1.788988765401939, 1.773947065175907, 1.7653543092342032, 1.7578470873438468, 1.799057910528157, 1.7957168252919355, 1.7700970594544843]"
