,ValAccDone,eta,lambda,trainAccDone,trainAccuracy,trainLoss,valAccuracy,valLoss
0,38.53,0.05216908090913836,6.382835543191819e-08,"[10.08, 23.72, 35.85, 37.47, 39.78, 41.79, 44.91, 45.1, 45.660000000000004, 44.59]","[10.08, 23.72, 35.85, 37.47, 39.78, 41.79, 44.91, 45.1, 45.660000000000004, 44.59]","[110.05447909221475, 2.2851223448828066, 1.7750272771647768, 1.698564466821361, 1.6619015447083338, 1.6113913895075835, 1.5419258349072238, 1.521225214106651, 1.4862255599557326, 1.5221500489546296]","[10.209999999999999, 23.419999999999998, 33.339999999999996, 35.22, 36.870000000000005, 37.88, 39.64, 39.35, 39.48, 38.17]","[110.36036696394616, 2.3139905185094944, 1.8402015772501783, 1.7859157861691544, 1.770494219557352, 1.7470762591628093, 1.7129929311281107, 1.7188394560444136, 1.7128794417991993, 1.755759649129507]"
