,ValAccDone,eta,lambda,trainAccDone,trainAccuracy,trainLoss,valAccuracy,valLoss
0,29.29,0.009823685224112842,6.50130708936226e-08,"[10.03, 27.27, 35.36, 35.61, 36.449999999999996, 36.25, 34.98, 30.919999999999998, 34.39, 36.01]","[10.03, 27.27, 35.36, 35.61, 36.449999999999996, 36.25, 34.98, 30.919999999999998, 34.39, 36.01]","[202.96082107954945, 1.976965322995677, 1.8015796190410494, 1.766416969087242, 1.7906858434757376, 1.8227455075359853, 1.8890781776943322, 2.199339442430529, 2.01546539173815, 1.90144591716544]","[10.26, 26.44, 33.989999999999995, 33.629999999999995, 33.32, 33.5, 31.929999999999996, 27.950000000000003, 30.09, 31.269999999999996]","[202.94600395127156, 1.9959268471267442, 1.846881903741062, 1.843777707192133, 1.9067001175207867, 1.9648247029160095, 2.06775989787708, 2.398247745251885, 2.251515860689034, 2.166045634992695]"
