,ValAccDone,eta,lambda,trainAccDone,trainAccuracy,trainLoss,valAccuracy,valLoss
0,37.64,0.016657193145395394,5.4986402463571017e-08,"[9.77, 26.169999999999998, 32.910000000000004, 37.87, 39.44, 40.17, 40.839999999999996, 44.25, 43.9, 45.24]","[9.77, 26.169999999999998, 32.910000000000004, 37.87, 39.44, 40.17, 40.839999999999996, 44.25, 43.9, 45.24]","[inf, 2.004447760600624, 1.8745175562335201, 1.7177238080782287, 1.6802963982552723, 1.6424971083268745, 1.6130897052723592, 1.5553645725075635, 1.5667782442915357, 1.5512175134260533]","[9.82, 26.02, 31.44, 35.449999999999996, 36.309999999999995, 36.02, 36.85, 38.15, 38.07, 38.35]","[inf, 2.0164184032007952, 1.914436358633156, 1.7943822864885461, 1.782300869332626, 1.7745815789318413, 1.7816636178384426, 1.7542986934680325, 1.7974430726077082, 1.8039972020580093]"
