,ValAccDone,eta,lambda,trainAccDone,trainAccuracy,trainLoss,valAccuracy,valLoss
0,37.81,0.0586850480820729,2.3164739640216567e-08,"[8.82, 22.95, 35.25, 37.78, 40.089999999999996, 40.849999999999994, 44.13, 44.78, 42.92, 42.02]","[8.82, 22.95, 35.25, 37.78, 40.089999999999996, 40.849999999999994, 44.13, 44.78, 42.92, 42.02]","[72.61413695764726, 2.208714866960575, 1.7825708647964673, 1.693886399839109, 1.6306321389311513, 1.6205182870796007, 1.539703659359533, 1.5281055730443778, 1.56500845044223, 1.613812015415962]","[8.9, 22.770000000000003, 33.37, 35.839999999999996, 36.980000000000004, 37.29, 39.01, 38.71, 37.519999999999996, 36.39]","[72.55582058074974, 2.2276039544119706, 1.8434451625871269, 1.7765532662571257, 1.7477242164516082, 1.756450907286615, 1.708925437345505, 1.7178596019842947, 1.7837631960525173, 1.8522725903626012]"
