,ValAccDone,eta,lambda,trainAccDone,trainAccuracy,trainLoss,valAccuracy,valLoss
0,36.59,0.05247725797704344,3.065697513804797e-08,"[10.27, 26.040000000000003, 34.449999999999996, 37.63, 38.96, 40.88, 42.47, 43.89, 44.78, 42.980000000000004]","[10.27, 26.040000000000003, 34.449999999999996, 37.63, 38.96, 40.88, 42.47, 43.89, 44.78, 42.980000000000004]","[158.3443307391266, 2.1956146670311067, 1.8041019644884786, 1.713951889172714, 1.67081301121411, 1.6192621762411132, 1.579350788052911, 1.5444098937352901, 1.5210226696039089, 1.5628778125088185]","[9.44, 25.4, 33.09, 34.62, 35.46, 36.89, 37.74, 38.4, 38.82, 37.56]","[157.0348108086917, 2.221161447601927, 1.8592597949102498, 1.7988068259303744, 1.772880214280271, 1.7405397604177086, 1.7246273734307163, 1.712814012712619, 1.71120875054347, 1.7654759751425886]"
