,ValAccDone,eta,lambda,trainAccDone,trainAccuracy,trainLoss,valAccuracy,valLoss
0,33.800000000000004,0.023255935361300627,0.0,"[9.77, 24.12, 35.260000000000005, 35.620000000000005, 38.5, 39.24, 31.91, 34.8, 42.32, 42.94]","[9.77, 24.12, 35.260000000000005, 35.620000000000005, 38.5, 39.24, 31.91, 34.8, 42.32, 42.94]","[109.27229212024218, 2.171325094082756, 1.814774588442753, 1.7987675679844974, 1.7300265285111451, 1.6833178180160535, 1.9086042943707897, 1.8516270409688098, 1.6065538848349563, 1.5823407929264832]","[10.05, 23.22, 33.44, 33.62, 34.97, 35.57, 29.509999999999998, 31.759999999999998, 36.75, 37.24]","[108.70998896164973, 2.2050992546425534, 1.8697079705431596, 1.8701628790579383, 1.8277228208595815, 1.8027474719814502, 2.0371422541166337, 2.0004122205922705, 1.8143994905448257, 1.8130252884011815]"
