,ValAccDone,eta,lambda,trainAccDone,trainAccuracy,trainLoss,valAccuracy,valLoss
0,39.06,0.05158696224051891,4.0562317144840485e-08,"[10.7, 23.22, 32.97, 37.69, 39.77, 40.37, 40.44, 41.339999999999996, 42.28, 44.36]","[10.7, 23.22, 32.97, 37.69, 39.77, 40.37, 40.44, 41.339999999999996, 42.28, 44.36]","[164.75268493585872, 2.3191649168330795, 1.8865421983303252, 1.7363992540588487, 1.6711761171125143, 1.6518592593028556, 1.6442740666230748, 1.6357999909710255, 1.6103784699766754, 1.5555223254014467]","[10.5, 22.6, 31.03, 34.35, 36.24, 36.99, 37.059999999999995, 37.84, 37.37, 38.16]","[165.67925407275558, 2.341132915644251, 1.9463969994456345, 1.8208806189471674, 1.77417614927512, 1.7698653315363688, 1.7813628698178248, 1.7899606825057763, 1.781242367474176, 1.7505527496324707]"
