,ValAccDone,eta,lambda,trainAccDone,trainAccuracy,trainLoss,valAccuracy,valLoss
0,35.72,0.017160250048697957,5.626848818189031e-08,"[13.719999999999999, 25.61, 35.03, 38.46, 38.75, 42.49, 43.8, 45.85, 44.99, 42.809999999999995]","[13.719999999999999, 25.61, 35.03, 38.46, 38.75, 42.49, 43.8, 45.85, 44.99, 42.809999999999995]","[78.63778402574307, 2.087277968293604, 1.7880364078198256, 1.720067594318413, 1.7154371082035291, 1.6129061534232674, 1.5717083409554895, 1.5213089719334727, 1.5672571232272996, 1.6715998204654439]","[13.200000000000001, 25.569999999999997, 33.85, 35.64, 35.54, 38.11, 38.53, 39.64, 38.45, 36.64]","[77.92753920816233, 2.117427382272999, 1.8484887048605818, 1.808635121140125, 1.8249515251947468, 1.7606374138234884, 1.7589183732995766, 1.7324690121398592, 1.8053728782342675, 1.9208168060262338]"
