,ValAccDone,eta,lambda,trainAccDone,trainAccuracy,trainLoss,valAccuracy,valLoss
0,40.04,0.0688985608797159,7.958369310270301e-08,"[10.22, 22.81, 33.339999999999996, 37.47, 37.47, 39.09, 41.11, 44.05, 44.06, 45.87]","[10.22, 22.81, 33.339999999999996, 37.47, 37.47, 39.09, 41.11, 44.05, 44.06, 45.87]","[211.87963907236198, 2.1467892034073666, 1.8393996192082849, 1.727316644788033, 1.7049577863016547, 1.66977809141472, 1.6151100939731136, 1.547140623830594, 1.5341122639478797, 1.4871244373995818]","[10.09, 22.62, 31.89, 35.510000000000005, 35.699999999999996, 36.43, 37.72, 39.21, 39.37, 40.14]","[210.17971866366176, 2.174857783879786, 1.8888550457368392, 1.7988420088134693, 1.7951117440583453, 1.777521349270471, 1.7441332292312788, 1.703500040893673, 1.7063371365852247, 1.6897624518857184]"
