,ValAccDone,eta,lambda,trainAccDone,trainAccuracy,trainLoss,valAccuracy,valLoss
0,38.879999999999995,0.050521928564612906,6.278473459082547e-08,"[10.489999999999998, 26.71, 32.4, 35.86, 41.05, 40.78, 41.11, 43.830000000000005, 42.55, 44.74]","[10.489999999999998, 26.71, 32.4, 35.86, 41.05, 40.78, 41.11, 43.830000000000005, 42.55, 44.74]","[82.20473606570312, 2.1299832415840365, 1.8612818186460451, 1.7562504328018904, 1.6436847748489223, 1.6347649709568928, 1.6316387280773867, 1.5658646145073412, 1.5987558514585123, 1.5379400878382308]","[10.76, 25.95, 32.16, 34.160000000000004, 37.08, 37.230000000000004, 37.230000000000004, 38.54, 37.69, 38.99]","[80.95455949985761, 2.1511370226863793, 1.9235604768439565, 1.8407010732895612, 1.7499513000339815, 1.7632183361203517, 1.778878258438209, 1.7388617752571685, 1.790669733783368, 1.7659877069941967]"
