,ValAccDone,eta,lambda,trainAccDone,trainAccuracy,trainLoss,valAccuracy,valLoss
0,39.54,0.05362692985484214,3.845549140393578e-09,"[8.0, 25.169999999999998, 35.63, 39.01, 41.15, 42.199999999999996, 43.84, 45.16, 45.0, 47.61]","[8.0, 25.169999999999998, 35.63, 39.01, 41.15, 42.199999999999996, 43.84, 45.16, 45.0, 47.61]","[96.58902142058868, 2.069751128948459, 1.7924818128396616, 1.6966677896539595, 1.6495549700826637, 1.607935655410789, 1.576776755485782, 1.535433474015365, 1.5170226533489097, 1.4630067421026303]","[8.57, 24.25, 33.92, 37.21, 37.82, 38.440000000000005, 38.78, 39.72, 39.87, 40.31]","[97.22114731258397, 2.0893161374689933, 1.8458752247492098, 1.7755035985764434, 1.7487199305612644, 1.7300059352598085, 1.72119947296108, 1.702865223988637, 1.7065918896110548, 1.6804073050044925]"
