,ValAccDone,eta,lambda,trainAccDone,trainAccuracy,trainLoss,valAccuracy,valLoss
0,39.48,0.0672212793471943,1.879894397090268e-08,"[9.379999999999999, 19.81, 32.629999999999995, 37.6, 39.65, 40.53, 42.02, 43.75, 44.14, 45.45]","[9.379999999999999, 19.81, 32.629999999999995, 37.6, 39.65, 40.53, 42.02, 43.75, 44.14, 45.45]","[91.30283255705972, 2.697218439332242, 1.8669329353008988, 1.7211696354559902, 1.6671016706291786, 1.6245442243166908, 1.5882438816398545, 1.5406900757051343, 1.5450974903141557, 1.5061067658418104]","[9.4, 19.45, 31.45, 35.4, 36.65, 37.46, 37.75, 38.68, 38.7, 39.22]","[90.62314566374607, 2.7067843388202038, 1.9238138226475219, 1.7980858461401532, 1.7700874576589705, 1.745898768426381, 1.7323267434227012, 1.7208392321837414, 1.7417655318731626, 1.7300587434998476]"
