,ValAccDone,eta,lambda,trainAccDone,trainAccuracy,trainLoss,valAccuracy,valLoss
0,39.050000000000004,0.062362777553317976,5.3804515397935336e-08,"[9.01, 25.83, 33.33, 37.55, 39.68, 39.82, 41.28, 42.92, 44.18, 42.69]","[9.01, 25.83, 33.33, 37.55, 39.68, 39.82, 41.28, 42.92, 44.18, 42.69]","[122.49963600055274, 2.238394115275448, 1.829963368446697, 1.7089496489267055, 1.651698186104447, 1.6449866599611196, 1.612231656546156, 1.5741601811581234, 1.545295405957989, 1.592357727426609]","[8.99, 26.25, 31.91, 35.64, 36.78, 36.38, 37.37, 38.73, 38.98, 38.54]","[123.11802590927878, 2.268624289050477, 1.8866424466179657, 1.7912878466609066, 1.7569808986083666, 1.7612979199063106, 1.7451441726051498, 1.7312413197174041, 1.7230897661476383, 1.782248219425953]"
