,ValAccDone,eta,lambda,trainAccDone,trainAccuracy,trainLoss,valAccuracy,valLoss
0,36.82,0.005662050971713893,8.065447405140643e-08,"[7.86, 26.889999999999997, 30.919999999999998, 27.36, 35.04, 36.53, 38.36, 40.54, 42.79, 45.24]","[7.86, 26.889999999999997, 30.919999999999998, 27.36, 35.04, 36.53, 38.36, 40.54, 42.79, 45.24]","[156.7386074794122, 2.022955154390128, 1.8782612617005596, 1.9668735475978765, 1.797323620396969, 1.805593250186543, 1.7538394182034056, 1.6878360808580815, 1.6202694127319066, 1.5440863292866576]","[7.580000000000001, 26.27, 30.320000000000004, 27.43, 33.42, 33.75, 34.71, 36.01, 36.85, 37.74]","[157.64001012038148, 2.0467268325396355, 1.9104247776942431, 2.0070442485780964, 1.8751173668370502, 1.9130856305974873, 1.8914851069065852, 1.865214446095738, 1.8246786365084045, 1.7894917227154437]"
