,ValAccDone,eta,lambda,trainAccDone,trainAccuracy,trainLoss,valAccuracy,valLoss
0,37.5,0.06040969858012697,0.0,"[10.2, 25.900000000000002, 34.01, 37.46, 40.69, 41.64, 42.5, 44.73, 45.15, 44.24]","[10.2, 25.900000000000002, 34.01, 37.46, 40.69, 41.64, 42.5, 44.73, 45.15, 44.24]","[162.86275463109928, 2.2121386344440617, 1.8247881800141932, 1.7139592568732522, 1.640260353480192, 1.6160252318622137, 1.599544875264709, 1.5423424111303594, 1.51925866736211, 1.5493219360273014]","[9.85, 25.83, 32.25, 34.83, 37.59, 38.45, 38.31, 39.839999999999996, 39.37, 38.37]","[164.89199961920283, 2.2396613230848423, 1.9021321707873524, 1.8020744095711219, 1.7492186684002613, 1.7400538373391046, 1.7450619573222048, 1.7158866580651195, 1.7174196012316632, 1.7653230737801153]"
