,ValAccDone,eta,lambda,trainAccDone,trainAccuracy,trainLoss,valAccuracy,valLoss
0,35.64,0.022946437237142868,9.435440827872713e-08,"[9.17, 25.7, 35.870000000000005, 38.6, 39.32, 39.61, 41.07, 43.309999999999995, 40.21, 42.92]","[9.17, 25.7, 35.870000000000005, 38.6, 39.32, 39.61, 41.07, 43.309999999999995, 40.21, 42.92]","[70.36458970208406, 2.0809827113554618, 1.781420813402574, 1.7048443638612112, 1.6739480097058104, 1.671275435320184, 1.6550112392529095, 1.5762635493078518, 1.6979134002625171, 1.6366860757102477]","[9.91, 25.230000000000004, 34.239999999999995, 35.66, 35.93, 35.730000000000004, 36.21, 37.92, 35.5, 37.0]","[68.96676574555961, 2.1042576216959743, 1.8461480113129656, 1.8021302493609013, 1.7930340406765515, 1.8127838264836988, 1.819979075541199, 1.7691438202010557, 1.9057229881530202, 1.8852096824634859]"
