,ValAccDone,eta,lambda,trainAccDone,trainAccuracy,trainLoss,valAccuracy,valLoss
0,36.199999999999996,0.05261631169979132,6.576761785007509e-08,"[9.950000000000001, 25.53, 30.470000000000002, 36.24, 40.150000000000006, 41.72, 43.08, 44.019999999999996, 44.76, 44.529999999999994]","[9.950000000000001, 25.53, 30.470000000000002, 36.24, 40.150000000000006, 41.72, 43.08, 44.019999999999996, 44.76, 44.529999999999994]","[125.19769202059851, 2.1065205766573483, 2.0283956604210442, 1.7707413044389362, 1.6538047070457715, 1.609244082963559, 1.573289037245273, 1.54099771701161, 1.530020260403899, 1.5347696285957846]","[10.08, 25.7, 29.32, 34.52, 36.53, 37.39, 38.11, 38.03, 38.3, 37.940000000000005]","[125.17295061489457, 2.1532365164050002, 2.0818977293842296, 1.8462666765464542, 1.7620155882240043, 1.7474214105741008, 1.7431759426452358, 1.7305308969504798, 1.7566982570776297, 1.7728449574270493]"
