,ValAccDone,eta,lambda,trainAccDone,trainAccuracy,trainLoss,valAccuracy,valLoss
0,37.11,0.05433635533818889,6.165327359498963e-08,"[13.01, 27.22, 34.92, 37.28, 41.29, 39.550000000000004, 41.31, 41.11, 41.55, 42.49]","[13.01, 27.22, 34.92, 37.28, 41.29, 39.550000000000004, 41.31, 41.11, 41.55, 42.49]","[201.98885837383588, 2.135594401548427, 1.7867245320968255, 1.7325304688391612, 1.6278360085826307, 1.6876347108580128, 1.6501261353055199, 1.6946920864940247, 1.6844023428749555, 1.6173490302623363]","[13.569999999999999, 26.900000000000002, 33.87, 34.53, 36.9, 35.77, 36.63, 35.89, 36.3, 36.77]","[202.1284662390993, 2.183537767186726, 1.852045146628989, 1.8191810807178668, 1.7440700303020833, 1.819136734623496, 1.8074731258765917, 1.8712544685857877, 1.8876696837379117, 1.8437106918348862]"
