,ValAccDone,eta,lambda,trainAccDone,trainAccuracy,trainLoss,valAccuracy,valLoss
0,34.56,0.007970068362550431,5.41275604288845e-08,"[9.08, 28.83, 34.47, 33.11, 34.050000000000004, 34.870000000000005, 37.55, 38.79, 35.76, 36.64]","[9.08, 28.83, 34.47, 33.11, 34.050000000000004, 34.870000000000005, 37.55, 38.79, 35.76, 36.64]","[111.76496406561935, 1.94818102217749, 1.849146424615993, 1.8494545644196227, 1.8240264114549196, 1.8123605952215902, 1.7408067702753607, 1.70006441522069, 1.8593282508011353, 1.7852057502167384]","[9.569999999999999, 27.83, 33.72, 31.44, 31.97, 31.869999999999997, 33.23, 34.17, 30.61, 31.740000000000002]","[112.64375243066108, 1.9775474651985254, 1.8914927558926167, 1.9172081628722983, 1.9232930959538739, 1.9430628274726551, 1.907006632882708, 1.8939132000397179, 2.0706213504725755, 2.026701693692962]"
