,ValAccDone,eta,lambda,trainAccDone,trainAccuracy,trainLoss,valAccuracy,valLoss
0,36.449999999999996,0.06324200387831219,8.488962093820575e-08,"[9.56, 22.62, 32.93, 37.57, 37.95, 40.27, 41.67, 42.26, 42.08, 39.77]","[9.56, 22.62, 32.93, 37.57, 37.95, 40.27, 41.67, 42.26, 42.08, 39.77]","[167.6161492248588, 2.256242534066946, 1.842441142930781, 1.7279635326467393, 1.705748952743317, 1.6445627962028924, 1.600127010434571, 1.5833579801688629, 1.5918101895144294, 1.671237483255033]","[9.790000000000001, 22.39, 31.25, 34.62, 35.04, 36.059999999999995, 37.519999999999996, 37.76, 37.07, 35.809999999999995]","[166.97071375149966, 2.2809714227351408, 1.8948525311426432, 1.8018199143288354, 1.8000305736590791, 1.760170694709502, 1.735645441422737, 1.7376205651633712, 1.7668047194473937, 1.8537280292882399]"
