,ValAccDone,eta,lambda,trainAccDone,trainAccuracy,trainLoss,valAccuracy,valLoss
0,37.13,0.03030235698696475,4.80023150050749e-08,"[9.83, 25.44, 33.81, 36.7, 37.49, 38.79, 39.58, 41.22, 39.410000000000004, 43.35]","[9.83, 25.44, 33.81, 36.7, 37.49, 38.79, 39.58, 41.22, 39.410000000000004, 43.35]","[113.18444924947951, 2.178580370849526, 1.8176875216658959, 1.7390410772573008, 1.7051427613425605, 1.6999293889076375, 1.6334980706676456, 1.627009954138763, 1.748589857595206, 1.6158679661307018]","[9.08, 24.560000000000002, 32.76, 34.89, 34.55, 35.35, 35.54, 36.74, 34.98, 37.39]","[113.88508755375898, 2.2104157739781716, 1.8722144987813307, 1.8162697642203591, 1.8080161532763328, 1.822373363112263, 1.7760138204981357, 1.7954452125757245, 1.9306026442541586, 1.8412725010918514]"
