,ValAccDone,eta,lambda,trainAccDone,trainAccuracy,trainLoss,valAccuracy,valLoss
0,37.330000000000005,0.020089983535776162,7.330079846212562e-08,"[8.309999999999999, 22.939999999999998, 32.58, 33.7, 37.45, 38.76, 42.46, 44.85, 46.81, 45.269999999999996]","[8.309999999999999, 22.939999999999998, 32.58, 33.7, 37.45, 38.76, 42.46, 44.85, 46.81, 45.269999999999996]","[inf, 2.115612185104017, 1.8687293119570432, 1.805081851278012, 1.7241172314647908, 1.6954708831169503, 1.5762208650921499, 1.506092596774559, 1.4552721612708026, 1.5067174818014644]","[8.02, 22.66, 30.520000000000003, 31.369999999999997, 33.61, 34.29, 37.45, 38.74, 39.5, 37.59]","[inf, 2.1502871252849336, 1.9297134797035975, 1.8963747647500653, 1.8375101037344477, 1.83229909091908, 1.7567643889248488, 1.7193698148705296, 1.7098695032636193, 1.773090924317073]"
