,ValAccDone,eta,lambda,trainAccDone,trainAccuracy,trainLoss,valAccuracy,valLoss
0,38.64,0.04034071604706898,7.318505966436404e-08,"[11.5, 26.87, 30.89, 33.33, 36.35, 32.78, 35.49, 37.519999999999996, 39.019999999999996, 42.980000000000004]","[11.5, 26.87, 30.89, 33.33, 36.35, 32.78, 35.49, 37.519999999999996, 39.019999999999996, 42.980000000000004]","[81.76728707694332, 2.07916215783213, 1.9415463112709004, 1.883272406676529, 1.7792165944077258, 1.9150727716235183, 1.8316273101316611, 1.7732460916251236, 1.7337100062449813, 1.5893196146108268]","[11.53, 26.63, 30.55, 32.129999999999995, 34.72, 30.91, 33.18, 34.75, 35.19, 38.15]","[82.2443703671176, 2.10370685888485, 1.9758381866070596, 1.9384260495370866, 1.8614549472334507, 2.0088750731163914, 1.9520340416916449, 1.9387973393849525, 1.9285688507705074, 1.8116745652170008]"
