,ValAccDone,eta,lambda,trainAccDone,trainAccuracy,trainLoss,valAccuracy,valLoss
0,37.29,0.053523030237315035,1.3155654732256104e-08,"[9.2, 26.790000000000003, 34.37, 36.85, 40.46, 41.33, 42.89, 44.86, 44.83, 44.55]","[9.2, 26.790000000000003, 34.37, 36.85, 40.46, 41.33, 42.89, 44.86, 44.83, 44.55]","[147.8944623208912, 2.171074442835911, 1.813930346443351, 1.7385156029508484, 1.6444715639874052, 1.617438992684081, 1.5721385518176023, 1.5298951980150866, 1.5133032838900315, 1.515160271696365]","[9.139999999999999, 26.86, 33.879999999999995, 34.88, 37.61, 37.419999999999995, 38.690000000000005, 39.62, 39.39, 38.84]","[149.24810857515925, 2.195537282668386, 1.8753295556939598, 1.8194562183174494, 1.7528051770708901, 1.7501716350858156, 1.7299608755462221, 1.7146086752988756, 1.7175238551368524, 1.7368948255740813]"
