,ValAccDone,eta,lambda,trainAccDone,trainAccuracy,trainLoss,valAccuracy,valLoss
0,35.49,0.0414052267506059,8.222812551067671e-09,"[10.24, 26.26, 35.980000000000004, 36.83, 40.19, 40.64, 40.33, 39.160000000000004, 39.42, 41.08]","[10.24, 26.26, 35.980000000000004, 36.83, 40.19, 40.64, 40.33, 39.160000000000004, 39.42, 41.08]","[inf, 2.1582588298974477, 1.7850366959379513, 1.7512326406112944, 1.6486377570890232, 1.6321588622518575, 1.6371276175104614, 1.6788980887877836, 1.686703214412321, 1.6399058462084477]","[10.209999999999999, 25.82, 33.71, 34.72, 36.58, 37.26, 36.19, 34.77, 35.54, 36.35]","[inf, 2.1998785156352434, 1.8450686161589802, 1.8291896607213685, 1.7557286628959243, 1.7569589445552645, 1.7848155807224948, 1.834700904684344, 1.8571603966487031, 1.8400695346953462]"
