,ValAccDone,eta,lambda,trainAccDone,trainAccuracy,trainLoss,valAccuracy,valLoss
0,39.79,0.058620082933293204,1.8680952961585172e-08,"[9.93, 26.590000000000003, 32.9, 36.870000000000005, 37.769999999999996, 38.72, 39.82, 38.72, 42.57, 45.08]","[9.93, 26.590000000000003, 32.9, 36.870000000000005, 37.769999999999996, 38.72, 39.82, 38.72, 42.57, 45.08]","[161.5180352265123, 2.226891018705005, 1.868957367146862, 1.752058210760149, 1.7149165346702655, 1.6841400445331904, 1.6567470133835585, 1.6769028114597029, 1.5897001960080863, 1.5194912104478944]","[9.719999999999999, 25.75, 31.669999999999998, 35.010000000000005, 36.07, 36.26, 36.83, 35.44, 38.379999999999995, 39.300000000000004]","[161.0711183435242, 2.2559052197005807, 1.9198023446779595, 1.8159983157213166, 1.7976921647103448, 1.7837489136901898, 1.7797467785961991, 1.8145920755364735, 1.7614501189025857, 1.7199142793198772]"
