,ValAccDone,eta,lambda,trainAccDone,trainAccuracy,trainLoss,valAccuracy,valLoss
0,32.14,0.012972506024914982,8.911720378778246e-08,"[7.61, 27.029999999999998, 34.74, 34.510000000000005, 35.5, 35.25, 36.7, 37.81, 40.6, 39.050000000000004]","[7.61, 27.029999999999998, 34.74, 34.510000000000005, 35.5, 35.25, 36.7, 37.81, 40.6, 39.050000000000004]","[176.32662500679905, 1.98633332493498, 1.8004822377787344, 1.84568090761661, 1.885374264458571, 1.9518123173481583, 1.9104687535702825, 1.8569103673295697, 1.7594566592226635, 1.866136810571761]","[8.08, 26.96, 33.92, 32.33, 32.76, 31.680000000000003, 32.36, 32.92, 34.35, 32.34]","[176.77464606607393, 2.009109836474617, 1.852259787322235, 1.9189252324637982, 1.9889080471743008, 2.0844561944495434, 2.0750110985119803, 2.0520933553554173, 2.008813331153039, 2.142526625275303]"
