,ValAccDone,eta,lambda,trainAccDone,trainAccuracy,trainLoss,valAccuracy,valLoss
0,38.45,0.06716824064568681,0.0,"[11.34, 27.21, 30.61, 36.28, 38.83, 40.54, 43.169999999999995, 43.29, 44.7, 46.22]","[11.34, 27.21, 30.61, 36.28, 38.83, 40.54, 43.169999999999995, 43.29, 44.7, 46.22]","[70.86080902588118, 2.135466228006495, 1.9625318966549348, 1.7661857756713482, 1.6855460443965589, 1.6505021868391159, 1.5906581397135624, 1.5843910820205331, 1.5437365137130372, 1.5053309685908334]","[10.5, 26.83, 29.2, 33.68, 35.809999999999995, 36.43, 38.04, 37.580000000000005, 38.54, 38.93]","[71.86925800664221, 2.161298631930728, 2.0332897994235033, 1.8483107592964392, 1.786511136461782, 1.7688190549287386, 1.7396888536872357, 1.750714942310039, 1.7422360241063135, 1.7272080836497763]"
