,ValAccDone,eta,lambda,trainAccDone,trainAccuracy,trainLoss,valAccuracy,valLoss
0,34.589999999999996,0.009033999505931853,8.449296844538156e-09,"[10.59, 23.95, 30.459999999999997, 33.54, 31.72, 25.72, 33.33, 36.730000000000004, 38.87, 40.27]","[10.59, 23.95, 30.459999999999997, 33.54, 31.72, 25.72, 33.33, 36.730000000000004, 38.87, 40.27]","[80.48193722528696, 2.0383659655689192, 1.8859819157848383, 1.8314370772912962, 1.8859625344295348, 2.1917120947915043, 1.8677699155670957, 1.7845710495300509, 1.7346332848225645, 1.7190390553823298]","[10.23, 23.59, 29.59, 32.029999999999994, 29.720000000000002, 25.25, 30.9, 33.21, 34.08, 34.160000000000004]","[80.57149190334908, 2.0535341907887825, 1.9111899387204057, 1.8838235655643942, 1.955270402299511, 2.256995494069844, 1.9976103727166181, 1.9582978763357177, 1.94621154996849, 1.9596861899116957]"
